Unnamed: 0,model,price,rating,processor,core,ram,memory,graphic_card,display,os,warrenty
0,Lenovo V15 G4 ‎83CR000VIN Laptop (AMD Ryzen 7 7730U/ 16GB/ 512GB SSD/ Win11 Home),"₹39,990",4.5,7th Gen AMD Ryzen 7 7730U,"Octa Core, 16 Threads",16 GB DDR4 RAM,512 GB SSD,AMD Radeon Graphics,"15.6 inches, 1920 x 1080 pixels",Windows 11 OS,1 Year Warranty
1,Samsung Galaxy Book 4 NP750XGJ-LG4IN Laptop (13th Gen Intel Core i3-1315U/ 8GB/ 512GB SSD/ Win11),"₹36,990",4.4,13th Gen Intel Core i3 1315U,"Hexa Core (2P + 4E), 8 Threads",8 GB LPDDR4x RAM,512 GB SSD,Intel Graphics,"15.6 inches, 1920 x 1080 pixels",Windows 11 OS,1 Year Warranty
2,HP 15-fc0154AU Laptop (AMD Ryzen 3 7320U/ 8GB/ 512GB SSD/ Win11 Home),"₹30,290",4.7,7th Gen AMD Ryzen 3 7320U,"Quad Core, 8 Threads",8 GB DDR5 RAM,512 GB SSD,AMD Radeon AMD,"15.6 inches, 1920 x 1080 pixels",Windows 11 OS,1 Year Warranty
3,MSI Titan 18 HX Gaming Laptop (Intel Core Ultra 9-285HX / 32GB/ 1TB SSD/ Win11 Home/ RTX 5070),"₹3,59,900",4.75,Intel Core Ultra 9 285HX,"24 Cores (8P + 16E), 24 Threads",32 GB DDR5 RAM,1 TB SSD,12 GB NVIDIA GeForce RTX 5070,"18 inches, 3840 x 2400 pixels",Windows 11 OS,3 Year Warranty
4,Asus Vivobook 16X 2023 K3605ZC-MBN544WS Laptop (12th Gen Core i5/ 16GB/ 512GB SSD/ Win11/ 4GB RTX3050),"₹59,140",4.1,12th Gen Intel Core i5 12500H,"12 Cores (4P + 8E), 16 Threads",16 GB DDR4 RAM,512 GB SSD,4 GB NVIDIA GeForce RTX 3050,"16 inches, 1920 x 1200 pixels",Windows 11 OS,1 Year Warranty
5,HP Victus 15-fb0112AX Gaming Laptop (AMD Ryzen 5 5600H/ 16GB/ 512GB SSD/ Win11/ 4GB Graph),"₹59,990",4.15,5th Gen AMD Ryzen 5 5600H,"Hexa Core, 12 Threads",16 GB DDR4 RAM,512 GB SSD,4 GB NVIDIA GeForce RTX 3050,"15.6 inches, 1920 x 1080 pixels",Windows 11 OS,1 Year Warranty
6,HP B12V5PT Laptop (13th Gen Core i3/ 16GB/ 512GB SSD/ Win11),"₹33,249",4.7,13th Gen Intel Core i3 1315U,"Hexa Core (2P + 4E), 8 Threads",16 GB DDR4 RAM,512 GB SSD,Intel Integrated Graphics,"15.6 inches, 1366 x 768 pixels",Windows 11 OS,1 Year Warranty
7,Infinix INBook Y3 Max Series YL613 Laptop (12th Gen Core i3/ 16GB/ 256GB SSD/ Win 11),"₹24,999",4.4,12th Gen Intel Core i3 1215U,"Hexa Core (2P + 4E), 8 Threads",16 GB LPDDR4X RAM,256 GB SSD,Intel Integrated UHD,"16 inches, 1920 x 1200 pixels",Windows 11 OS,1 Year Warranty
8,Lenovo LOQ 2024 83GS003VIN Gaming Laptop (Intel Core i5/ 16GB/ 512GB SSD/ Win11/ 6GB RTX 4050 Graph),"₹72,990",4.15,12th Gen Intel Core i5 12450HX,"Octa Core (4P + 4E), 12 Threads",16 GB DDR5 RAM,512 GB SSD,6 GB NVIDIA GeForce RTX 4050,"15.6 inches, 1920 x 1080 pixels",Windows 11 OS,1 Year Warranty
9,Lenovo LOQ 15IRX9 83DV00LXIN Gaming Laptop (13th Gen Core i7/ 24GB/ 512GB SSD/ Win11/ 8GB RTX4060),"₹99,990",4.4,13th Gen Intel Core i7 13650HX,14 Cores (6P + 8E),24 GB DDR5 RAM,512 GB SSD,8 GB NVIDIA GeForce RTX 4060,"15.6 inches, 1920 x 1080 pixels",Windows 11 OS,1 Year Warranty
10,MSI Titan 18 HX AI A2XWIG Gaming Laptop (Intel Core Ultra 9-285HX/ 96GB/ 4TB SSD/ Win11 Pro/ 16GB Graphics RTX 5080),"₹4,99,999",4.55,Intel Core Ultra 9 285HX,"24 Cores (8P + 16E), 24 Threads",96 GB DDR5 RAM,4 TB SSD,16 GB NVIDIA GeForce RTX 5080,"18 inches, 3840 x 2400 pixels",Windows 11 OS,3 Year Warranty
11,Samsung Galaxy Book 5 Pro 360 Laptop (Intel Core Ultra 7 Series 2/ 16GB/ 1TB SSD/ Win11),"₹1,49,990",4.75,Intel Core Ultra 7 Series 2 256V,16 GB LPDDR5X RAM,1 TB SSD,Intel Arc 140V GPU,"16 inches, 2880 x 1800 pixels, Touch Screen",Windows 11 OS,1 Year Warranty,Backlit Keyboard
12,Acer Swift Go 14 SFG14-41 NX.KG3SI.006 Laptop (AMD Ryzen 5 7430U / 16GB/ 512GB SSD/ Win11 Pro),"₹39,990",4.3,7th Gen AMD Ryzen 5 7430U,"Hexa Core, 12 Threads",16 GB  RAM,512 GB SSD,AMD Radeon Graphics,"14 inches, 1920 x 1080 pixels",Windows 11 OS,1 Year Warranty
13,Infinix GT Book GL613 Gaming Laptop (12th Gen Core i5/ 16GB/ 512GB SSD/ Win 11 Home/ 6GB RTX 3050 Graphics),"₹53,990",4.7,12th Gen Intel Core i5 12450H,"Octa Core (4P + 4E), 12 Threads",16 GB LPDDR5X RAM,512 GB SSD,6 GB NVIDIA GeForce RTX 3050,"16 inches, 1920 x 1200 pixels",Windows 11 OS,1 Year Warranty
14,HP 255 G9 7B1L8PA Laptop (AMD Ryzen 5 5625U/ 8GB/ 512 GB SSD/ Win11 Home),"₹29,900",4.0,5th Gen AMD Ryzen 5 5625U,"Hexa Core, 12 Threads",8 GB DDR4 RAM,512 GB SSD,AMD Radeon Graphics,"15.6 inches, 1366 x 768 pixels",Windows 11 OS,1 Year Warranty
15,Asus TUF Gaming A15 FA566NCR-HN054WS Laptop (AMD Ryzen 7 7435HS/ 16GB / 512GB SSD/ Win11 Home / 4GB Graph),"₹66,990",4.7,7th Gen AMD Ryzen 7 7435HS,"Octa Core, 16 Threads",16 GB DDR5 RAM,512 GB SSD,4 GB NVIDIA GeForce RTX 3050,"15.6 inches, 1920 x 1080 pixels",Windows 11 OS,1 Year Warranty
16,Lenovo V15 G4 ‎83CQ0006IN Laptop (AMD Ryzen 3 7320U/ 8GB/ 512GB SSD/ Win11 Home),"₹26,490",4.55,7th Gen AMD Ryzen 3 7320U,"Quad Core, 8 Threads",8 GB LPDDR5 RAM,512 GB SSD,Integrated AMD Radeon 610M,"15.6 inches, 1920 x 1080 pixels",Windows 11 OS,1 Year Warranty
17,HP Victus 16-s0095AX Gaming Laptop (AMD Ryzen 7 7840HS/ 16GB/ 512GB SSD/ Win11/ 6GB Graph),"₹74,990",4.0,7th Gen AMD Ryzen 7 7840HS,"Octa Core, 16 Threads",16 GB DDR5 RAM,512 GB SSD,6 GB NVIDIA GeForce RTX 3050,"16.1 inches, 1920 x 1080 pixels",Windows 11 OS,1 Year Warranty
18,Apple MacBook Air 2022 Laptop (Apple M2/ 8GB/ 256GB SSD/ MacOS),"₹75,999",4.15,Apple M2,Octa Core (4P + 4E),8 GB DDR4 RAM,256 GB SSD,8-Core GPU,"13.6 inches, 2560 x 1664 pixels",Mac OS,1 Year Warranty
19,Asus Vivobook 15 X1502VA-BQ837WS Laptop (13th Gen Core i7/ 16GB/ 512GB SSD/ Win11),"₹66,990",4.05,13th Gen Intel Core i7 13620H,"10 Cores (6P + 4E), 16 Threads",16 GB  RAM,512 GB SSD,Integrated Intel iris Xe Graphics,"15.6 inches, 1920 x 1080 pixels",Windows 11 OS,1 Year Warranty
20,HP Victus 15-fb3025AX Gaming Laptop (AMD Ryzen 9 8945HS/ 16GB/ 1TB SSD/ Win11/ 8GB Graph),"₹1,11,999",4.05,8th Gen AMD Ryzen 9 8945HS,"Octa Core, 16 Threads",16 GB DDR5 RAM,1 TB SSD,8 GB NVIDIA GeForce RTX 4060,"15.6 inches, 1920 x 1080 pixels",Windows 11 OS,1 Year Warranty
21,HP Victus 15-fb2703tx Gaming Laptop (13th Gen Core i5/ 16GB/ 512GB SSD/ Win11/ 4GB Graph),"₹65,990",4.05,13th Gen Intel Core i5 13420H,"Octa Core (4P + 4E), 12 Threads",16 GB DDR4 RAM,512 GB SSD,4 GB NVIDIA GeForce RTX 2050,"15.6 inches, 1920 x 1080 pixels",Windows 11 OS,1 Year Warranty
22,Acer Aspire 3 A311-45 UN.354SI.006 Laptop (Intel Celeron N4500/ 8GB/ 128GB SSD/ Win11),"₹15,990",4.7,Intel Celeron N4500,"Dual Core, 2 Threads",8 GB DDR4 RAM,128 GB SSD,Intel Integrated UHD,"11.6 inches, 1366 x 768 pixels",Windows 11 OS,1 Year Warranty
23,Tecno Megabook S14 Laptop,"₹89,990",4.0,Qualcomm Snapdragon X Elite X1E-80-100,8 GB LPDDR5 RAM,512 GB SSD,Intel UHD Graphics,"14 inches, 2880 x 1600 pixels",Windows 11 OS,1 Year Warranty,Backlit Keyboard
24,Asus TUF Gaming A16 Advantage Edition FA617NSR-RL083W Gaming Laptop (AMD Ryzen 7 7435HS/ 16GB/ 512GB SSD/ Win11 Home/ AMD Radeon RTX 7600S),"₹94,990",4.65,7th Gen AMD Ryzen 7 7435HS,"Octa Core, 16 Threads",16 GB DDR5 RAM,512 GB SSD,8 GB AMD Radeon  RX 7600S,"16 inches, 1920 x 1200 pixels",Windows 11 OS,1 Year Warranty
25,Dell 15 Vostro 3520 Laptop (12th Gen Core i3/ 8GB/ 512GB SSD/ Win11),"₹34,990",4.6,12th Gen Intel Core i3 1215U,"Hexa Core (2P + 4E), 8 Threads",8 GB DDR4 RAM,512 GB SSD,Intel Graphics,"15.6 inches, 1920 x 1080 pixels",Windows 11 OS,1 Year Warranty
26,HP 15s-fc0156AU Laptop (AMD Ryzen 5 7520U/ 16GB/ 512GB SSD/ Win11 Home),"₹42,490",4.0,7th Gen AMD Ryzen 5 7520U,"Quad Core, 8 Threads",16 GB LPDDR5 RAM,512 GB SSD,AMD Radeon AMD,"15.6 inches, 1920 x 1080 pixels",Windows 11 OS,1 Year Warranty
27,MSI Thin 15 B12UCX-1694IN Gaming Laptop (12th Gen Core i7/ 16GB/ 512GB SSD/ Win11 Home/ 4GB RTX 2050 Graph),"₹59,990",4.35,12th Gen Intel Core i7 12650H,"10 Cores (6P + 4E), 16 Threads",16 GB DDR4 RAM,512 GB SSD,4 GB NVIDIA GeForce RTX 2050,"15.6 inches, 1920 x 1080 pixels",Windows 11 OS,2 Year Warranty
28,Honor MagicBook X16 2024 ‎Laptop (12th Gen Core i5/ 16GB/ 512GB SSD/ Win11 Home),"₹46,490",4.1,12th Gen Intel Core i5 12450H,"Octa Core (4P + 4E), 12 Threads",16 GB LPDDR4x RAM,512 GB SSD,Intel UHD Graphics,"16 inches, 1920 x 1200 pixels",Windows 11 OS,1 Year Warranty
29,Asus Vivobook 15 2023 X1504VA-NJ321WS Laptop (13th Gen Core i3/ 8GB/ 512GB SSD/ Win11),"₹32,990",4.35,13th Gen Intel Core i3 1315U,"Hexa Core (2P + 4E), 8 Threads",8 GB DDR4 RAM,512 GB SSD,Integrated Intel UHD Graphics,"15.6 inches, 1920 x 1080 pixels",Windows 11 OS,1 Year Warranty
30,Asus VivoBook 14 X1404VA-NK804WS Laptop (13th Gen Core i5/ 8GB/ 512GB SSD/ Win11 Home),"₹54,990",4.7,13th Gen Intel Core i5 1334U,"10 Cores (2P + 8E), 12 Threads",8 GB DDR4 RAM,512 GB SSD,Intel Graphics,"14 inches, 1920 x 1080 pixels",Windows 11 OS,1 Year Warranty
31,Asus VivoBook 14 X1404VA-NK760WS Laptop (13th Gen Core i3/ 8GB/ 512GB SSD/ Win11 Home),"₹38,990",4.75,13th Gen Intel Core i3 1315U,"Hexa Core (2P + 4E), 8 Threads",8 GB DDR4 RAM,512 GB SSD,Intel Graphics,"14 inches, 1920 x 1080 pixels",Windows 11 OS,1 Year Warranty
32,Asus Zenbook 14 OLED 2025 UX3405CA-PZ164WS Laptop (Intel Core Ultra 9 285H/ 32GB/ 1TB SSD/ Win11 Home),"₹1,42,990",4.55,Intel Core Ultra 9 285H,"16 Cores (6P + 8E + 2LP-E), 16 Threads",32 GB LPDDR5X RAM,1 TB SSD,Intel Integrated Arc,"14 inches, 2880 x 1800 pixels, Touch Screen",Windows 11 OS,1 Year Warranty
33,HP 245 G9 Laptop (AMD Ryzen 5 5625U/ 16GB RAM/ 512GB SSD/ Win11),"₹30,890",4.4,5th Gen AMD Ryzen 5 5625U,"Hexa Core, 12 Threads",16 GB DDR4 RAM,512 GB SSD,AMD Radeon Graphics,"14 inches, 1366 x 768 pixels",Windows 11 OS,1 Year Warranty
34,Lenovo IdeaPad Slim 3 ‎14IAH8 83EQ0072IN Laptop (12th Gen Core i5/ 16GB/ 512GB SSD/ Win11 Home),"₹49,999",4.5,12th Gen Intel Core i5 12450H,"Octa Core (4P + 4E), 12 Threads",16 GB LPDDR5 RAM,512 GB SSD,Intel Integrated UHD Graphics,"14 inches, 1920 x 1080 pixels",Windows 11 OS,1 Year Warranty
35,AGB Octev GA-9090 Gaming Laptop (11th Gen Core i7/ 16GB/ 512GB SSD/ Win 11/ 2GB Graph),"₹30,000",4.45,11th Gen Intel Core i7 1165G7,"Quad Core, 8 Threads",16 GB DDR4 RAM,512 GB SSD,2 GB NVIDIA Geforce MX450,"15.6 inches, 1920 x 1080 pixels",Windows 11 OS,1 Year Warranty
36,Lenovo ThinkBook 16 G6 21KKA0G1IN Laptop (AMD Ryzen 7 7730U/ 16GB/ 512GB SSD/ Win11 Home),"₹54,989",4.3,7th Gen AMD Ryzen 7 7730U,"Octa Core, 16 Threads",16 GB DDR4 RAM,512 GB SSD,AMD Radeon Graphics,"16 inches, 1920 x 1200 pixels",Windows 11 OS,1 Year Warranty
37,Acer 15 Aspire Lite AL15-41 Laptop (AMD Ryzen 5 5625U/ 16GB/ 512GB SSD/ Win11),"₹33,490",4.3,5th Gen AMD Ryzen 5 5625U,"Hexa Core, 12 Threads",16 GB DDR4 RAM,512 GB SSD,AMD Graphics,"15.6 inches, 1920 x 1080 pixels",Windows 11 OS,1 Year Warranty
38,Asus TUF Gaming A15 FA507NUR-LP082W Gaming Laptop (AMD Ryzen 7 7435HS/ 16GB/ 512GB SSD/ Win11/ 6GB Graph),"₹87,990",4.55,7th Gen AMD Ryzen 7 7435HS,"Octa Core, 16 Threads",16 GB DDR5 RAM,512 GB SSD,6 GB NVIDIA GeForce RTX 4050,"15.6 inches, 1920 x 1080 pixels",Windows 11 OS,1 Year Warranty
39,Lenovo LOQ 15ARP9 83JC0078IN Gaming Laptop (AMD Ryzen 5 7235HS/ 24GB/ 512GB SSD/ Win11/ 6GB RTX 3050 Graph),"₹65,490",4.0,7th Gen AMD Ryzen 5 7235HS,"Quad Core, 8 Threads",24 GB DDR5 RAM,512 GB SSD,6 GB NVIDIA GeForce RTX 3050,"15.6 inches, 1920 x 1080 pixels",Windows 11 OS,1 Year Warranty
40,HP Omen 16-xd0020AX Gaming Laptop (AMD Ryzen 7 7840HS/ 16GB/ 1TB SSD/ Win11/ 8GB Graph),"₹1,10,990",4.65,7th Gen AMD Ryzen 7 7840HS,"Octa Core, 16 Threads",16 GB DDR5 RAM,1 TB SSD,8 GB NVIDIA GeForce RTX 4060,"16.1 inches, 1920 x 1080 pixels",Windows 11 OS,1 Year Warranty
41,MSI Thin 15 B12UC-1692IN Gaming Laptop (12th Gen Core i5/ 16GB/ 512GB SSD/ Win11 Home/ 4GB RTX3050 Graph),"₹52,990",4.4,12th Gen Intel Core i5 12450H,"Octa Core (4P + 4E), 12 Threads",16 GB DDR4 RAM,512 GB SSD,4 GB NVIDIA GeForce RTX 3050,"15.6 inches, 1920 x 1080 pixels",Windows 11 OS,2 Year Warranty
42,Asus ROG Strix G16 G614JV-N3474WS Gaming Laptop (13th Gen Core i7/ 16GB/ 1TB SSD/ Win11/ 8GB Graph),"₹1,18,991",4.5,13th Gen Intel Core i7 13650HX,14 Cores (6P + 8E),16 GB DDR5 RAM,1 TB SSD,8 GB NVIDIA GeForce RTX 4060,"16 inches, 1920 x 1200 pixels",Windows 11 OS,1 Year Warranty
43,Asus Vivobook 16 X1605ZAC-MB540WS Laptop (12th Gen Core i5/ 16GB/ 512GB SSD/ Win11 Home),"₹52,599",4.4,12th Gen Intel Core i5 12500H,"12 Cores (4P + 8E), 16 Threads",16 GB DDR4 RAM,512 GB SSD,Intel Iris Xe Graphics,"16 inches, 1920 x 1200 pixels",Windows 11 OS,1 Year Warranty
44,Samsung Galaxy Book 4 np750xgj-kg2in Laptop (13th Gen Intel Core i5-1335U/ 16GB/ 512GB SSD/ Win11),"₹50,990",4.05,13th Gen Intel Core i5 1335U,"10 Cores (2P + 8E), 12 Threads",16 GB LPDDR4x RAM,512 GB SSD,Intel Iris Xe Graphics,"15.6 inches, 1920 x 1080 pixels",Windows 11 OS,1 Year Warranty
45,Apple MacBook Air 2022 Laptop (Apple M2/ 8GB/ 512GB SSD/ MacOS),"₹77,999",4.2,Apple M2 Apple M2 Chip,Octa Core,8 GB Unified Memory RAM,512 GB SSD,10-Core GPU,"13.6 inches, 2560 x 1664 pixels",Mac OS,1 Year Warranty
46,Apple MacBook Air 2020 MGND3HN Laptop (Apple M1/ 8GB/ 256GB SSD/ MacOS),"₹63,990",4.6,Apple M1,Octa Core (4P + 4E),8 GB DDR4 RAM,256 GB SSD,Apple M1 Integrated Graphics,"13.3 inches, 2560 x 1600 pixels",Mac OS,1 Year Warranty
47,Asus Vivobook 15 X1502VA-BQ838WS Laptop (13th Gen Core i7/ 16GB/ 512GB SSD/ Win11),"₹66,990",4.15,13th Gen Intel Core i7 13620H,"10 Cores (6P + 4E), 16 Threads",16 GB  RAM,512 GB SSD,Integrated Intel iris Xe Graphics,"15.6 inches, 1920 x 1080 pixels",Windows 11 OS,1 Year Warranty
48,HP ‎15-fd0467TU Laptop (13th Gen Core i5/ 16GB/ 512GB SSD/ Win11 Home),"₹59,990",4.2,13th Gen Intel Core i5 1334U,"10 Cores (2P + 8E), 12 Threads",16 GB DDR4 RAM,512 GB SSD,‎Intel Iris Xe Graphics,"15.6 inches, 1920 x 1080 pixels",Windows 11 OS,1 Year Warranty
49,ASUS TUF Gaming A18 2025 Laptop (AMD Ryzen 7 260 Processor/ 16GB/ 2TB SSD/ Win11/ RTX5070 Graph),"₹1,99,990",4.4,AMD Ryzen 7 260,"Octa Core, 16 Threads",16 GB ‎DDR5 RAM,2 TB SSD,8 GB ‎NVIDIA GeForce RTX 5070,"18 inches, 2560 x 1600 pixels",Windows 11 OS,1 Year Warranty
50,Lenovo IdeaPad Slim 5 16IRL8 82XF003HIN Laptop (13th Gen Core i7/ 16GB/ 512GB SSD/ Win11),"₹66,490",4.15,13th Gen Intel Core i7 13700H,"14 Cores (6P + 8E), 20 Threads",16 GB LPDDR5 RAM,512 GB SSD,Integrated Intel Iris Xe Graphics,"16 inches, 1920 x 1080 pixels",Windows 11 OS,1 Year Warranty
51,Apple MacBook Air 2025 Laptop (Apple M4/ 16GB/ 256GB SSD/ MacOS),"₹99,900",4.75,Apple M4,10 Cores (4P + 6E),16 GB  RAM,256 GB SSD,Apple 8 Core GPU,"13.6 inches, 2560 x 1664 pixels",Mac OS,1 Year Warranty
52,Lenovo V15 82TTA07RIH Laptop (12th Gen Core i5 / 16GB/ 512GB SSD/ Win11 Home),"₹43,090",4.3,12th Gen Intel Core i5 1235U,"10 Cores (2P + 8E), 12 Threads",16 GB DDR4 RAM,512 GB SSD,Integrated Intel Iris Graphics,"15.6 inches, 1920 x 1080 pixels",Windows 11 OS,1 Year Warranty
53,Acer Aspire Lite AL15-52H Laptop (12th Gen Core i5/ 16GB/ 512GB SSD/ Win11),"₹39,989",4.75,12th Gen Intel Core i5 12450H,"Octa Core (4P + 4E), 12 Threads",16 GB DDR4 RAM,512 GB SSD,Intel UHD Graphics,"15.6 inches, 1920 x 1080 pixels",Windows 11 OS,1 Year Warranty
54,HP 15-fd0061TU Laptop (12th Gen Core i3/ 8 GB/ 512GB SSD/ Win11 Home),"₹35,899",4.7,12th Gen Intel Core i3 1215U,"Hexa Core (2P + 4E), 8 Threads",8 GB  RAM,512 GB SSD,Intel Integrated Graphics,"15.6 inches, 1920 x 1080 pixels",Windows 11 OS,1 Year Warranty
55,Infinix INBook Y3 Max Laptop (12th Gen Core i3/ 8GB/ 256GB SSD/ Win 11),"₹23,990",4.7,12th Gen Intel Core i3 1215U,"Hexa Core (2P + 4E), 8 Threads",8 GB LPDDR4X RAM,256 GB SSD,Intel Integrated UHD,"16 inches, 1920 x 1200 pixels",Windows 11 OS,1 Year Warranty
56,Acer Aspire 7 A715-79G UN.34PSI.001 Gaming Laptop (13th Gen Core i5/ 16GB/ 512GB SSD/ Win11 Home/ 6GB Graph),"₹67,990",4.7,13th Gen Intel Core i5 13420H,"Octa Core (4P + 4E), 12 Threads",16 GB DDR4 RAM,512 GB SSD,6 GB NVIDIA GeForce RTX 3050,"15.6 inches, 1920 x 1080 pixels",Windows 11 OS,1 Year Warranty
57,Colorful XS 22-HD55016512B-G-IND Gaming Laptop (12th Gen Core i7/ 16GB/ 512GB SSD/ Win11/ 4GB Graph),"₹47,990",4.0,12th Gen Intel Core i5 12500H,"12 Cores (4P + 8E), 16 Threads",16 GB DDR4 RAM,512 GB SSD,4 GB NVIDIA GeForce RTX 3050,"15.6 inches, 1920 x 1080 pixels",Windows 11 OS,1 Year Warranty
58,Acer Aspire 3 A324-51 UN.343SI.004 Laptop (12th Gen Core i7/ 16GB/ 512GB SSD/ Win11),"₹43,990",4.75,12th Gen Intel Core i7 1255U,"10 Cores (2P + 8E), 12 Threads",16 GB  RAM,512 GB SSD,Intel Integrated UHD,"14 inches, 1920 x 1080 pixels",Windows 11 OS,1 Year Warranty
59,HP Omen 16-xd0017AX Gaming Laptop (AMD Ryzen 7 7840HS/ 32GB/ 1TB SSD/ Win11/ 8GB Graph),"₹1,25,980",4.65,7th Gen AMD Ryzen 7 7840HS,"Octa Core, 16 Threads",32 GB DDR5 RAM,1 TB SSD,8 GB NVIDIA GeForce RTX 4060,"16.1 inches, 1080 x 1920 pixels",Windows 11 OS,1 Year Warranty
60,HP Victus 15-fa1351TX Gaming Laptop (12th Gen Core i5/ 16GB/ 512GB SSD/ Win11 Home/ RTX 2050),"₹59,500",4.75,12th Gen Intel Core i5 12450H,"Octa Core (4P + 4E), 12 Threads",16 GB DDR4 RAM,512 GB SSD,4 GB NVIDIA GeForce RTX 2050,"15.6 inches, 1920 x 1080 pixels",Windows 11 OS,1 Year Warranty
61,HP Omen 16-wf1096TX Gaming Laptop (14th Gen Core i7/ 16GB/ 1TB SSD/ Win11/ 8GB Graph),"₹1,27,490",4.4,14th Gen Intel Core i7 14650HX,"16 Cores (8P + 8E), 24 Threads",16 GB DDR5 RAM,1 TB SSD,8 GB NVIDIA GeForce RTX 4060,"16.1 inches, 1920 x 1080 pixels",Windows 11 OS,1 Year Warranty
62,Dell Inspiron 3530 OIN353034071RINS1M Laptop (13th Gen Core i5/ 16GB/ 512GB SSD/ Win11 Home),"₹43,990",4.05,13th Gen Intel Core i5 1334U,"10 Cores (2P + 8E), 12 Threads",16 GB DDR4 RAM,512 GB SSD,Intel Integrated Integrated,"15.6 inches, 1920 x 1080 pixels",Windows 11 OS,1 Year Warranty
63,Acer Nitro V ANV15-41 NH.QPESI.001 Gaming Laptop (AMD Ryzen 7 7735HS/ 16GB/ 512GB SSD/ Win11/ 6GB RTX 4050 Graph),"₹75,990",4.0,7th Gen AMD Ryzen 7 7735HS,"Octa Core, 16 Threads",16 GB DDR5 RAM,512 GB SSD,6 GB NVIDIA GeForce RTX 4050,"15.6 inches, 1920 x 1080 pixels",Windows 11 OS,1 Year Warranty
64,HP Chromebook 11MK G9 EE Touch Laptop (MediaTek MT8183/ 4GB/ 32GB eMMC/ Chrome OS),"₹10,990",4.35,MediaTek Kompanio 500,Octa Core,4 GB LPDDR4X RAM,32 GB eMMC Storage,Arm Mali-G72 MP3,"11.6 inches, 1366 x 768 pixels, Touch Screen",Chrome OS,1 Year Warranty
65,MSI Crosshair 16 HX D14VFKG-206IN Gaming Laptop (14th Gen Core i7/ 16GB/ 1TB SSD/ Win11/ 8GB RTX4060),"₹1,34,990",4.55,14th Gen Intel Core i7 14700HX,"20 Cores (8P + 12E), 28 Threads",16 GB DDR5 RAM,1 TB SSD,8 GB NVIDIA GeForce RTX 4060,"16 inches, 2560 x 1440 pixels",Windows 11 OS,2 Year Warranty
66,Lenovo ThinkBook 15 G5 21JF002JIN Laptop (AMD Ryzen 3 7330U/ 8 GB/ 512 GB SSD/ Win11),"₹35,140",4.2,7th Gen AMD Ryzen 3 7330U,"Quad Core, 8 Threads",8 GB DDR4 RAM,512 GB SSD,AMD Radeon AMD,"15.6 inches, 1920 x 1080 pixels",Windows 11 OS,1 Year Warranty
67,Apple MacBook Pro 14 2023 Laptop (Apple M3/ 8GB/ 512GB SSD/ macOS),"₹1,11,699",4.5,Apple M3,Octa Core (4P + 4E),8 GB  RAM,512 GB SSD,10 Core GPU,"14.2 inches, 3024 x 1964 pixels",Mac OS,1 Year Warranty
68,Asus TUF Gaming F15 2022 FX507ZC4-HN116W Gaming Laptop (12th Gen Core i5/ 16GB/512GB SSD/ Win11 / 4GB Graph),"₹59,990",4.45,12th Gen Intel Core i5 12500H,"12 Cores (4P + 8E), 16 Threads",16 GB DDR4 RAM,512 GB SSD,4 GB NVIDIA GeForce RTX 3050,"15.6 inches, 1920 x 1080 pixels",Windows 11 OS,1 Year Warranty
69,HP 15-fd0492TU Laptop (13th Gen Core i5/ 16GB/ 512GB SSD/ Win11 Home),"₹58,499",4.35,13th Gen Intel Core i5 1334U,"10 Cores (2P + 8E), 12 Threads",16 GB DDR4 RAM,512 GB SSD,‎Intel Iris Xe Graphics,"15.6 inches, 1920 x 1080 pixels",Windows 11 OS,1 Year Warranty
70,Asus Vivobook 14 2025 X1407CA-LY102WS Laptop (Intel Core Ultra 5 225H/ 16GB/ 512GB SSD/ Win11),"₹73,990",4.45,Intel Core Ultra 5 225H,"14 Cores (4P + 8E + 2LP-E), 14 Threads",16 GB DDR5 RAM,512 GB SSD,Intel Integrated Arc,"14 inches, 1920 x 1200 pixels",Windows 11 OS,1 Year Warranty
71,Dell Inspiron 15 3535 Laptop (AMD Ryzen R5-7530U/ 16GB/ 512GB SSD/ Win11),"₹45,490",4.45,7th Gen AMD Ryzen 5 7530U,"Hexa Core, 12 Threads",16 GB  RAM,512 GB SSD,AMD Radeon Graphics,"15.6 inches, 1920 x 1080 pixels",Windows 11 OS,1 Year Warranty
72,Acer Travel Lite TL14 UN.34GSI.07K Laptop (12th Gen Core i3/ 16GB/ 512GB SSD/ Win11),"₹32,990",4.3,12th Gen Intel Core i3 1215U,"Hexa Core (2P + 4E), 8 Threads",16 GB DDR4 RAM,512 GB SSD,Intel Integrated Graphics,"14 inches, 1920 x 1080 pixels",Windows 11 OS,1 Year Warranty
73,Razer Launches Blade 18 (2025) Laptop (Intel Core Ultra 9 275HX/ 32GB/ 2TB SSD/ Win11/ 24GB Graphics),"₹3,93,990",4.7,Intel Core Ultra 9 275HX,24 Cores (8P + 16E),32 GB  RAM,2 TB SSD,24 GB NVIDIA GeForce RTX 5090,"18 inches, 2560 x 1600 pixels",Windows 11 OS,1 Year Warranty
74,HP Victus FA1198TX Gaming Laptop (13th Gen Core i5/ 16GB/ 512GB SSD/ Win11 Home/ 6GB Graph),"₹72,990",4.75,13th Gen Intel Core i5 13420H,"Octa Core (4P + 4E), 12 Threads",16 GB DDR4 RAM,512 GB SSD,6 GB NVIDIA GeForce RTX 4050,"15.6 inches, 1920 x 1080 pixels",Windows 11 OS,1 Year Warranty
75,Acer Aspire 3 A311-45 UN.354SI.002 Laptop (Intel Celeron N4500/ 8GB/ 512GB SSD/ Win11),"₹19,990",4.65,Intel Celeron N4500,"Dual Core, 2 Threads",8 GB DDR4 RAM,512 GB SSD,Intel Integrated UHD,"11.6 inches, 1366 x 768 pixels",Windows 11 OS,1 Year Warranty
76,Asus ROG Strix SCAR 16 (2025) G635 Gaming Laptop (Intel Core Ultra 9 Processor 275HX/ 32GB/ 2TB SSD/ Win11 Home/ RTX5090 Graph),"₹4,49,999",4.3,Intel Core Ultra 9 275HX,32 GB DDR5 RAM,2 TB SSD,24 GB NVIDIA GeForce RTX 5090,"16 inches, 2560 x 1600 pixels",Windows 11 OS,1 Year Warranty,Backlit Keyboard
77,Lenovo ThinkBook Plus Gen 6 Rollable Laptop (Intel Core Ultra 7/ 32GB/ 1TB SSD/Win11),"₹2,99,990",4.1,Intel Core Ultra 7,32 GB LPDDR5x RAM,1 TB SSD,Intel Arc Xe 2,14-16.7 Inch Rollable,Windows 11 OS,1 Year Warranty,Backlit Keyboard
78,Lenovo LOQ 15ARP9 83JC00EHIN Gaming Laptop (AMD Ryzen 7 7435H/ 24GB/ 512GB SSD/ Win11/ 8GB RTX 4060 Graph),"₹91,690",4.35,7th Gen AMD Ryzen 7 7435HS,"Octa Core, 16 Threads",24 GB DDR5 RAM,512 GB SSD,8 GB NVIDIA GeForce RTX 4060,"15.6 inches, 1920 x 1080 pixels",Windows 11 OS,1 Year Warranty
79,Xiaomi Redmi Book 16 2025 Laptop (Intel Core Ultra 5 Series 2/ 32GB/ 1TB SSD/ Win 11),"₹64,990",4.1,Intel Core Ultra 5 Series 2,32 GB LPDDR5x RAM,1 TB SSD,Intel  ARC Graphics,"16 inches, 3072 x 1920 pixels",Windows 11 OS,1 Year Warranty,Backlit Keyboard
80,HP 255 G10 B1FW9PT Laptop (AMD Ryzen 3 7320U/ 8GB/ 512GB SSD/ Win11),"₹24,999",4.7,7th Gen AMD Ryzen 3 7320U,"Quad Core, 8 Threads",8 GB DDR4 RAM,512 GB SSD,AMD Radeon Graphics,"15.6 inches, 1366 x 768 pixels",Windows 11 OS,1 Year Warranty
81,Apple MacBook Pro 14 2024 Laptop (Apple M4/ 16GB/ 512GB SSD/ macOS),"₹1,62,990",4.15,Apple M4,10 Cores (4P + 6E),16 GB  RAM,512 GB SSD,10 Core GPU,"14.2 inches, 3024 x 1964 pixels",Mac OS,1 Year Warranty
82,MSI Modern 15 H AI C1MG-050IN Laptop (Intel Core Ultra 5 125H/ 8GB/ 512GB SSD/ Win11 Home),"₹48,300",4.0,Intel Core Ultra 5 Series 1 125H,"14 Cores (4P + 8E + 2LP-E), 18 Threads",8 GB DDR5 RAM,512 GB SSD,Intel Arc Graphics,"15.6 inches, 1920 x 1080 pixels",Windows 11 OS,1 Year Warranty
83,Lenovo IdeaPad 5 14IRH9 83KX0019IN Laptop (13th Gen Core i7/ 16GB/ 512GB SSD/ Win11 Home),"₹84,690",4.1,13th Gen Intel Core i7 13620H,"10 Cores (6P + 4E), 16 Threads",16 GB LPDDR5X RAM,512 GB SSD,Intel Integrated UHD,"14 inches, 1920 x 1200 pixels, Touch Screen",Windows 11 OS,1 Year Warranty
84,Asus Vivobook 16X K3605ZU-RP304WS Laptop (12th Gen Core i5/ 16GB/ 512GB SSD/ Win11/ 6GB RTX4050),"₹84,990",4.75,12th Gen Intel Core i5 12500H,"12 Cores (4P + 8E), 16 Threads",16 GB DDR4 RAM,512 GB SSD,6 GB NVIDIA GeForce RTX 4050,"16 inches, 1920 x 1200 pixels",Windows 11 OS,1 Year Warranty
85,Asus TUF Gaming A15 FA507NVR-LP104WS Laptop (AMD Ryzen 7 7435HS/ 16GB / 512GB SSD/ Win11/ 8GB Graph),"₹99,990",4.75,7th Gen AMD Ryzen 7 7435HS,"Octa Core, 16 Threads",16 GB DDR5 RAM,512 GB SSD,8 GB NVIDIA GeForce RTX 4060,"15.6 inches, 1920 x 1080 pixels",Windows 11 OS,1 Year Warranty
86,Lenovo IdeaPad Slim 3 83ER00F2IN Laptop (12th Gen Core i5/ 8GB/ 512GB SSD/ Win11),"₹46,899",4.7,12th Gen Intel Core i5 12450H,"Octa Core (4P + 4E), 12 Threads",8 GB LPDDR5 RAM,512 GB SSD,Integrated Intel UHD Graphics,"15.6 inches, 1920 x 1080 pixels",Windows 11 OS,1 Year Warranty
87,HP 15-fd0070TU Laptop (12th Gen Core i5/ 8GB/ 512GB SSD/ Win11 Home),"₹45,990",4.3,12th Gen Intel Core i5 1235U,"10 Cores (2P + 8E), 12 Threads",8 GB  RAM,512 GB SSD,Intel Integrated Graphics,"15.6 inches, 1920 x 1080 pixels",Windows 11 OS,1 Year Warranty
88,Acer Aspire 7 A715-79G UN.34NSI.002 Gaming Laptop (13th Gen Core i5/ 16GB/ 512GB SSD/ Win11/ 4GB Graph),"₹60,990",4.45,13th Gen Intel Core i5 13420H,"Octa Core (4P + 4E), 12 Threads",16 GB DDR4 RAM,512 GB SSD,4 GB NVIDIA GeForce RTX 2050,"15.6 inches, 1920 x 1080 pixels",Windows 11 OS,1 Year Warranty
89,Apple MacBook Air 13 2024 Laptop (Apple M3/ 16GB/ 256GB SSD/ MacOS),"₹89,900",4.05,Apple M3,Octa Core (4P + 4E),16 GB  RAM,256 GB SSD,Apple 10 Core GPU,"13.6 inches, 2560 x 1664 pixels",Mac OS,1 Year Warranty
90,Asus TUF Gaming A15 FA506NFR-HN259WS Laptop (AMD Ryzen 7 7435HS/ 16GB / 512GB SSD/ Win11 Home / 4GB Graph),"₹59,990",4.4,7th Gen AMD Ryzen 7 7435HS,"Octa Core, 16 Threads",16 GB DDR5 RAM,512 GB SSD,4 GB NVIDIA GeForce RTX 2050,"15.6 inches, 1920 x 1080 pixels",Windows 11 OS,1 Year Warranty
91,Acer Nitro V ANV15-41 UN.QPFSI.002 Gaming Laptop (AMD Ryzen 5 7535HS/ 16GB/ 512GB SSD/ Win11/ 6GB RTX3050 Graph),"₹62,990",4.7,7th Gen AMD Ryzen 5 7535HS,"Hexa Core, 12 Threads",16 GB DDR5 RAM,512 GB SSD,6 GB NVIDIA GeForce RTX 3050,"15.6 inches, 1920 x 1080 pixels",Windows 11 OS,1 Year Warranty
92,Lenovo LOQ 2024 15IAX9 83GS00CKIN Gaming Laptop (12th Gen Core i5/ 24GB/ 512GB SSD/ Win11/ 4GB Graph),"₹63,190",4.35,12th Gen Intel Core i5 12450HX,"Octa Core (4P + 4E), 12 Threads",24 GB DDR5 RAM,512 GB SSD,4 GB NVIDIA GeForce RTX 2050,"15.6 inches, 1920 x 1080 pixels",Windows 11 OS,1 Year Warranty
93,Colorful Evol P15 23-HE55D16512A-W-IND Gaming Laptop (12th Gen Core i5/ 16GB/ 512GB SSD/ Win11/ 6GB Graph),"₹59,990",4.55,12th Gen Intel Core i5 12450H,"Octa Core (4P + 4E), 12 Threads",16 GB DDR5 RAM,512 GB SSD,6 GB NVIDIA GeForce RTX 4050,"15.6 inches, 1920 x 1080 pixels",Windows 11 OS,2 Year Warranty
94,Lenovo LOQ 15ARP9 83JC0046IN Gaming Laptop (AMD Ryzen 7 7435H/ 24GB/ 512GB SSD/ Win11/ 8GB RTX 4060 Graph),"₹91,190",4.65,7th Gen AMD Ryzen 7 7435HS,"Octa Core, 16 Threads",24 GB DDR5 RAM,512 GB SSD,8 GB NVIDIA GeForce RTX 4060,"15.6 inches, 1920 x 1080 pixels",Windows 11 OS,1 Year Warranty
95,HP Victus 15-fa1276TX Gaming Laptop (13th Gen Core i7/ 16GB/ 512GB SSD/ Win11 Home/ 8GB Graph),"₹89,990",4.65,13th Gen Intel Core i7 13620H,"10 Cores (6P + 4E), 16 Threads",16 GB DDR4 RAM,512 GB SSD,8 GB NVIDIA GeForce RTX 4060,"15.6 inches, 1920 x 1080 pixels",Windows 11 OS,1 Year Warranty
96,MSI Modern 14 C12MO-1205IN Laptop (12th Gen Core i3/ 8GB/ 512GB SSD/ Win11 Home),"₹28,990",4.25,12th Gen Intel Core i3 1215U,"Hexa Core (2P + 4E), 8 Threads",8 GB DDR4 RAM,512 GB SSD,Intel Integrated UHD,"14 inches, 1920 x 1080 pixels",Windows 11 OS,1 Year Warranty
97,Lenovo Legion 7 16IRX9 83FD0010IN Gaming Laptop (14th Gen Core i7/ 32GB/ 1TB SSD/ Win11/ 8GB RTX 4070 Graph),"₹1,80,190",4.75,14th Gen Intel Core i7 14700HX,"20 Cores (8P + 12E), 28 Threads",32 GB DDR5 RAM,1 TB SSD,8 GB NVIDIA GeForce RTX 4070,"16 inches, 3200 x 2000 pixels",Windows 11 OS,1 Year Warranty
98,Lenovo LOQ 15IRX9 83DV00BHIN Gaming Laptop (13th Gen Core i5/ 16GB/ 512GB SSD/ Win11/ 6GB RTX3050),"₹78,190",4.05,13th Gen Intel Core i5 13450HX,"10 Cores (6P + 4E), 16 Threads",16 GB DDR5 RAM,512 GB SSD,6 GB NVIDIA GeForce RTX 3050,"15.6 inches, 1920 x 1080 pixels",Windows 11 OS,1 Year Warranty
99,Lenovo LOQ 15IRX9 83DV00BEIN Gaming Laptop (14th Gen Core i7/ 16GB/ 1TB SSD/ Win11/ 8GB RTX 4060),"₹1,14,990",4.35,14th Gen Intel Core i7 14700HX,"20 Cores (8P + 12E), 28 Threads",16 GB DDR5 RAM,1 TB SSD,8 GB NVIDIA GeForce RTX 4060,"15.6 inches, 1920 x 1080 pixels",Windows 11 OS,1 Year Warranty
100,Asus ROG Strix SCAR 16 (2025) G635 Gaming Laptop (Intel Core Ultra 9 Processor 275HX/ 32GB/ 2TB SSD/ Win11 Home/ RTX5090 Graph),"₹4,49,999",4.3,Intel Core Ultra 9 275HX,32 GB DDR5 RAM,2 TB SSD,24 GB NVIDIA GeForce RTX 5090,"16 inches, 2560 x 1600 pixels",Windows 11 OS,1 Year Warranty,Backlit Keyboard
101,Lenovo ThinkBook Plus Gen 6 Rollable Laptop (Intel Core Ultra 7/ 32GB/ 1TB SSD/Win11),"₹2,99,990",4.1,Intel Core Ultra 7,32 GB LPDDR5x RAM,1 TB SSD,Intel Arc Xe 2,14-16.7 Inch Rollable,Windows 11 OS,1 Year Warranty,Backlit Keyboard
102,HP 255 G10 B1FW9PT Laptop (AMD Ryzen 3 7320U/ 8GB/ 512GB SSD/ Win11),"₹25,800",4.7,7th Gen AMD Ryzen 3 7320U,"Quad Core, 8 Threads",8 GB DDR4 RAM,512 GB SSD,AMD Radeon Graphics,"15.6 inches, 1366 x 768 pixels",Windows 11 OS,1 Year Warranty
103,Apple MacBook Pro 14 2024 Laptop (Apple M4/ 16GB/ 512GB SSD/ macOS),"₹1,62,990",4.15,Apple M4,10 Cores (4P + 6E),16 GB  RAM,512 GB SSD,10 Core GPU,"14.2 inches, 3024 x 1964 pixels",Mac OS,1 Year Warranty
104,MSI Modern 15 H AI C1MG-050IN Laptop (Intel Core Ultra 5 125H/ 8GB/ 512GB SSD/ Win11 Home),"₹48,300",4.0,Intel Core Ultra 5 Series 1 125H,"14 Cores (4P + 8E + 2LP-E), 18 Threads",8 GB DDR5 RAM,512 GB SSD,Intel Arc Graphics,"15.6 inches, 1920 x 1080 pixels",Windows 11 OS,1 Year Warranty
105,Lenovo IdeaPad 5 14IRH9 83KX0019IN Laptop (13th Gen Core i7/ 16GB/ 512GB SSD/ Win11 Home),"₹84,690",4.1,13th Gen Intel Core i7 13620H,"10 Cores (6P + 4E), 16 Threads",16 GB LPDDR5X RAM,512 GB SSD,Intel Integrated UHD,"14 inches, 1920 x 1200 pixels, Touch Screen",Windows 11 OS,1 Year Warranty
106,Lenovo IdeaPad Slim 3 83ER00F2IN Laptop (12th Gen Core i5/ 8GB/ 512GB SSD/ Win11),"₹46,899",4.7,12th Gen Intel Core i5 12450H,"Octa Core (4P + 4E), 12 Threads",8 GB LPDDR5 RAM,512 GB SSD,Integrated Intel UHD Graphics,"15.6 inches, 1920 x 1080 pixels",Windows 11 OS,1 Year Warranty
107,HP Victus 15-fa1274TX Gaming Laptop (13th Gen Core i7/ 16GB/ 512GB SSD/ Win11/ 6GB Graph),"₹84,990",4.7,13th Gen Intel Core i7 13620H,"10 Cores (6P + 4E), 16 Threads",16 GB DDR4 RAM,512 GB SSD,6 GB NVIDIA GeForce RTX 4050,"15.6 inches, 1920 x 1080 pixels",Windows 11 OS,1 Year Warranty
108,Acer Aspire 7 A715-79G UN.34NSI.002 Gaming Laptop (13th Gen Core i5/ 16GB/ 512GB SSD/ Win11/ 4GB Graph),"₹61,990",4.45,13th Gen Intel Core i5 13420H,"Octa Core (4P + 4E), 12 Threads",16 GB DDR4 RAM,512 GB SSD,4 GB NVIDIA GeForce RTX 2050,"15.6 inches, 1920 x 1080 pixels",Windows 11 OS,1 Year Warranty
109,Acer Nitro V ANV15-41 UN.QPFSI.002 Gaming Laptop (AMD Ryzen 5 7535HS/ 16GB/ 512GB SSD/ Win11/ 6GB RTX3050 Graph),"₹62,990",4.7,7th Gen AMD Ryzen 5 7535HS,"Hexa Core, 12 Threads",16 GB DDR5 RAM,512 GB SSD,6 GB NVIDIA GeForce RTX 3050,"15.6 inches, 1920 x 1080 pixels",Windows 11 OS,1 Year Warranty
110,Lenovo LOQ 2024 15IAX9 83GS00CKIN Gaming Laptop (12th Gen Core i5/ 24GB/ 512GB SSD/ Win11/ 4GB Graph),"₹63,190",4.35,12th Gen Intel Core i5 12450HX,"Octa Core (4P + 4E), 12 Threads",24 GB DDR5 RAM,512 GB SSD,4 GB NVIDIA GeForce RTX 2050,"15.6 inches, 1920 x 1080 pixels",Windows 11 OS,1 Year Warranty
111,Thomson Neo 15 IN-N15I Laptop (12th Gen Core i5/ 16GB/ 512GB SSD/Win11 Home),"₹37,990",4.7,12th Gen Intel Core i5 1235U,"10 Cores (2P + 8E), 12 Threads",16 GB LPDDR4 RAM,512 GB SSD,Intel Integrated Iris Xe,"15.6 inches, 1920 x 1080 pixels",Windows 11 OS,1 Year Warranty
112,Thomson Neo Series IN-N15V2C Laptop (Intel Celeron N4020/ 4 GB/128 GB SSD/Win11 Home),"₹16,990",4.6,Intel Celeron N4020,"Dual Core, 2 Threads",4 GB LPDDR4 RAM,128 GB SSD,Intel Integrated UHD,"15.6 inches, 1920 x 1080 pixels",Windows 11 OS,1 Year Warranty
113,Dell Vostro 3520 Laptop (12th Gen Core i3/ 8GB/ 512GB SSD/ Win11),"₹34,990",4.05,12th Gen Intel Core i3 1215U,"Hexa Core (2P + 4E), 8 Threads",8 GB DDR4 RAM,512 GB SSD,Intel Graphics,"15.6 inches, 1920 x 1080 pixels",Windows 11 OS,1 Year Warranty
114,Colorful Evol P15 23-HE55D16512A-W-IND Gaming Laptop (12th Gen Core i5/ 16GB/ 512GB SSD/ Win11/ 6GB Graph),"₹59,990",4.55,12th Gen Intel Core i5 12450H,"Octa Core (4P + 4E), 12 Threads",16 GB DDR5 RAM,512 GB SSD,6 GB NVIDIA GeForce RTX 4050,"15.6 inches, 1920 x 1080 pixels",Windows 11 OS,2 Year Warranty
115,Lenovo LOQ 15ARP9 83JC0046IN Gaming Laptop (AMD Ryzen 7 7435H/ 24GB/ 512GB SSD/ Win11/ 8GB RTX 4060 Graph),"₹91,190",4.65,7th Gen AMD Ryzen 7 7435HS,"Octa Core, 16 Threads",24 GB DDR5 RAM,512 GB SSD,8 GB NVIDIA GeForce RTX 4060,"15.6 inches, 1920 x 1080 pixels",Windows 11 OS,1 Year Warranty
116,HP 15-fd0316TU Laptop (13th Gen Core i5/ 16GB/ 512GB SSD/ Win11 Home),"₹54,990",4.0,13th Gen Intel Core i5 1334U,"10 Cores (2P + 8E), 12 Threads",16 GB DDR4 RAM,512 GB SSD,‎Intel Iris Xe Graphics,"15.6 inches, 1920 x 1080 pixels",Windows 11 OS,1 Year Warranty
117,Lenovo LOQ 15ARP9 83JC0045IN Gaming Laptop (AMD Ryzen 7 7435H/ 24GB/ 512GB SSD/ Win11/ 6GB RTX 4050 Graph),"₹82,190",4.15,7th Gen AMD Ryzen 7 7435HS,"Octa Core, 16 Threads",24 GB DDR5 RAM,512 GB SSD,6 GB NVIDIA GeForce RTX 4050,"15.6 inches, 1920 x 1080 pixels",Windows 11 OS,1 Year Warranty
118,HP 15-fd0123TU Laptop (Intel Core i3 N305/ 8GB/ 512GB SSD/ Win11 Home),"₹33,490",4.55,Intel Core i3 N305,"Octa Core, 8 Threads",8 GB DDR4 RAM,512 GB SSD,Intel Integrated UHD,"15.6 inches, 1920 x 1080 pixels",Windows 11 OS,1 Year Warranty
119,HP Victus 15-fa1276TX Gaming Laptop (13th Gen Core i7/ 16GB/ 512GB SSD/ Win11 Home/ 8GB Graph),"₹89,990",4.65,13th Gen Intel Core i7 13620H,"10 Cores (6P + 4E), 16 Threads",16 GB DDR4 RAM,512 GB SSD,8 GB NVIDIA GeForce RTX 4060,"15.6 inches, 1920 x 1080 pixels",Windows 11 OS,1 Year Warranty
120,HP Chromebook 11MK G9 EE Touch Laptop (MediaTek MT8183/ 4GB/ 32GB eMMC/ Chrome OS),"₹10,990",4.35,MediaTek Kompanio 500,Octa Core,4 GB LPDDR4X RAM,32 GB eMMC Storage,Arm Mali-G72 MP3,"11.6 inches, 1366 x 768 pixels, Touch Screen",Chrome OS,1 Year Warranty
121,Acer Predator Helios Neo 16 ‎PHN16-72 2024 Gaming Laptop (14th Gen Core i7/ 16GB/ 1TB SSD/ Win11/ 8GB Graph),"₹1,39,990",4.0,14th Gen Intel Core i7 14700HX,"20 Cores (8P + 12E), 28 Threads",16 GB DDR5 RAM,1 TB SSD,8 GB NVIDIA GeForce RTX 4060,"16 inches, 2560 x 1600 pixels",Windows 11 OS,1 Year Warranty
122,Colorful Evol P15 Gaming Laptop (12th Gen Core i7/ 16GB/ 512GB SSD/ Win11/ 8GB Graph),"₹1,19,999",4.55,12th Gen Intel Core i7 12650H,"10 Cores (6P + 4E), 16 Threads",16 GB DDR5 RAM,512 GB SSD,8 GB NVIDIA GeForce RTX 4060,"15.6 inches, 2560 x 1440 pixels",Windows 11 OS,1 Year Warranty
123,Dell Inspiron 3535 Laptop (AMD Ryzen R3-7320U/ 8GB/ 512GB SSD/ Win11),"₹29,990",4.5,7th Gen AMD Ryzen 3 7320U,"Quad Core, 8 Threads",8 GB LPDDR5 RAM,512 GB SSD,AMD Radeon Graphics,"15.6 inches, 1920 x 1080 pixels",Windows 11 OS,1 Year Warranty
124,HP Omen 16-xf0060AX Gaming Laptop (AMD Ryzen 7 7840HS/ 16GB/ 1TB SSD/ Win11/ 8GB Graph),"₹1,11,490",4.7,7th Gen AMD Ryzen 7 7840HS,"Octa Core, 16 Threads",16 GB DDR5 RAM,1 TB SSD,8 GB NVIDIA GeForce RTX 4060,"16 inches, 1920 x 1080 pixels",Windows 11 OS,1 Year Warranty
125,Lenovo LOQ 15IRH8 82XV00F7IN 2023 Gaming Laptop (12th Gen Core i5/ 16GB/ 512GB SSD/ Win11/ 8GB Graph),"₹83,190",4.0,12th Gen Intel Core i5 12450H,"Octa Core (4P + 4E), 12 Threads",16 GB DDR5 RAM,512 GB SSD,8 GB NVIDIA GeForce RTX 4060,"15.6 inches, 1920 x 1080 pixels",Windows 11 OS,1 Year Warranty
126,Infinix Zerobook 2023 Laptop (13th Gen Core i9/ 32GB/ 1TB SSD/ Win 11 Home),"₹71,990",4.05,13th Gen Intel Core i9 13900H,"14 Cores (6P + 8E), 20 Threads",32 GB LPDDR5X RAM,1 TB SSD,Intel Integrated Iris Xe,"15.6 inches, 1920 x 1080 pixels",Windows 11 OS,1 Year Warranty
127,Dell Inspiron 5630 Laptop (13th Gen Core i5/ 16GB/ 512GB SSD/ Win11),"₹63,490",4.6,13th Gen Intel Core i5 1340P,"12 Cores (4P + 8E), 16 Threads",16 GB LPDDR5  RAM,512 GB SSD,Intel Iris Xe Graphics,"16 inches, 2560 x 1600 pixels",Windows 11 OS,1 Year Warranty
128,Lenovo V14 G3 IAP Laptop (12th Gen Core i5/ 8GB/ 512GB SSD/ Win11),"₹34,990",4.65,12th Gen Intel Core i5 1235U,"10 Cores (2P + 8E), 12 Threads",8 GB DDR4 RAM,512 GB SSD,Intel Integrated UHD,"14 inches, 1920 x 1080 pixels",Windows 11 OS,1 Year Warranty
129,Acer One 14 Z8-415 Laptop (11th Gen Core i3 / 8GB/ 512GB SSD/ Win11 Home),"₹28,990",4.05,11th Gen Intel Core i3 1115G4,"Dual Core, 4 Threads",8 GB DDR4 RAM,512 GB SSD,‎Intel Iris Xe Graphics,"14 inches, 1920 x 1080 pixels",Windows 11 OS,1 Year Warranty
130,Acer Predator Helios Neo 16 PHN16-71 2023 Gaming Laptop (13th Gen Core i7/ 16GB/ 1TB SSD/ Win11/ 8GB Graph),"₹1,59,999",4.25,13th Gen Intel Core i7 13700HX,"16 Cores (8P + 8E), 24 Threads",16 GB DDR5 RAM,1 TB SSD,8 GB NVIDIA GeForce RTX 4060,"16 inches, 2560 x 1600 pixels",Windows 11 OS,1 Year Warranty
131,Asus Vivobook 15 2023 X1504VA-NJ324WS Laptop (13th Gen Core i3/ 8GB/ 512GB SSD/ Win11),"₹37,990",4.25,13th Gen Intel Core i3 1315U,"Hexa Core (2P + 4E), 8 Threads",8 GB DDR4 RAM,512 GB SSD, Integrated Intel UHD Graphics,"15.6 inches, 1920 x 1080 pixels",Windows 11 OS,1 Year Warranty
132,Apple MacBook Air 2022 Laptop (Apple M2/ 16GB/ 256GB SSD/ MacOS),"₹92,990",4.15,Apple M2 Apple M2 Chip,Octa Core,16 GB Unified Memory RAM,256 GB SSD,10-Core GPU,"13.6 inches, 2560 x 1664 pixels",Mac OS,1 Year Warranty
133,Dell Precision 5550 Laptop (10th Gen Core i7/ 16GB/ 512GB SSD/ Win10 Pro/ 4GB Graph),"₹1,84,999",4.2,10th Gen Intel Core i7 10750H,"Hexa Core, 12 Threads",16 GB DDR4  RAM,512 GB SSD,4 GB NVIDIA ,"15.6 inches, 1920 x 1200 pixels",Windows 10 OS,Backlit Keyboard
134,Asus Vivobook 16X K3605VC-RP413WS Laptop (13th Gen Core i5/ 16GB/ 512GB SSD/ Win11 Home/ 4GB Graph),"₹74,990",4.55,13th Gen Intel Core i5 13420H,"Octa Core (4P + 4E), 12 Threads",16 GB DDR4 RAM,512 GB SSD,4 GB NVIDIA Geforce RTX 3050,"16 inches, 1920 x 1200 pixels",Windows 11 OS,1 Year Warranty
135,Asus Vivobook Go 14 E1404FA-NK3321WS Laptop (AMD Ryzen 3 7320U/ 8GB/ 512GB SSD/ Win11 Home),"₹33,990",4.35,7th Gen AMD Ryzen 3 7320U,"Quad Core, 8 Threads",8 GB LPDDR5 RAM,512 GB SSD,AMD Radeon AMD,"14 inches, 1920 x 1080 pixels",Windows 11 OS,1 Year Warranty
136,Asus Vivobook 15 X1504VA-NJ2325WS Laptop (13th Gen Core i3/ 16GB/ 512GB SSD/ Win11),"₹41,990",4.3,13th Gen Intel Core i3 1315U,"Hexa Core (2P + 4E), 8 Threads",16 GB  RAM,512 GB SSD,Integrated Intel UHD Graphics,"15.6 inches, 1920 x 1080 pixels",Windows 11 OS,1 Year Warranty
137,Asus Vivobook 16 X1605VA-MB5555WS Laptop (13th Gen Core i5/ 16GB/ 512GB SSD/ Win11 Home),"₹62,990",4.05,13th Gen Intel Core i5 13500H,"12 Cores (4P + 8E), 16 Threads",16 GB  RAM,512 GB SSD,Integrated Intel Iris Xe Graphics,"16 inches, 1920 x 1200 pixels",Windows 11 OS,1 Year Warranty
138,HP Victus 15-fb3003AX Gaming Laptop (AMD Ryzen 5 8645HS/ 16GB/ 512GB SSD/ Win11/ 4GB Graph),"₹64,990",4.1,8th Gen AMD Ryzen 5 8645HS,"Hexa Core, 12 Threads",16 GB DDR5 RAM,512 GB SSD,4 GB NVIDIA GeForce RTX 2050,"15.6 inches, 1920 x 1080 pixels",Windows 11 OS,1 Year Warranty
139,MSI Titan 18 HX AI A2XWIG Gaming Laptop (Intel Core Ultra 9-285HX/ 96GB/ 4TB SSD/ Win11 Pro/ 16GB Graphics RTX 5080),"₹4,99,999",4.55,Intel Core Ultra 9 285HX,"24 Cores (8P + 16E), 24 Threads",96 GB DDR5 RAM,4 TB SSD,16 GB NVIDIA GeForce RTX 5080,"18 inches, 3840 x 2400 pixels",Windows 11 OS,3 Year Warranty
140,Asus Vivobook 15 X1504VA-NJ2325WS Laptop (13th Gen Core i3/ 16GB/ 512GB SSD/ Win11),"₹41,990",4.3,13th Gen Intel Core i3 1315U,"Hexa Core (2P + 4E), 8 Threads",16 GB  RAM,512 GB SSD,Integrated Intel UHD Graphics,"15.6 inches, 1920 x 1080 pixels",Windows 11 OS,1 Year Warranty
141,Asus Vivobook 16 X1605VA-MB5555WS Laptop (13th Gen Core i5/ 16GB/ 512GB SSD/ Win11 Home),"₹62,990",4.05,13th Gen Intel Core i5 13500H,"12 Cores (4P + 8E), 16 Threads",16 GB  RAM,512 GB SSD,Integrated Intel Iris Xe Graphics,"16 inches, 1920 x 1200 pixels",Windows 11 OS,1 Year Warranty
142,HP Victus 15-fb3003AX Gaming Laptop (AMD Ryzen 5 8645HS/ 16GB/ 512GB SSD/ Win11/ 4GB Graph),"₹64,990",4.1,8th Gen AMD Ryzen 5 8645HS,"Hexa Core, 12 Threads",16 GB DDR5 RAM,512 GB SSD,4 GB NVIDIA GeForce RTX 2050,"15.6 inches, 1920 x 1080 pixels",Windows 11 OS,1 Year Warranty
143,HP Victus 15-FA1414TX Gaming Laptop (12th Gen Core i7/ 16GB/ 1TB SSD/ Win11 Home/ RTX 3050A),"₹81,990",4.65,12th Gen Intel Core i7 12650H,"10 Cores (6P + 4E), 16 Threads",16 GB DDR4 RAM,1 TB SSD,4 GB NVIDIA GeForce RTX 3050A,"15.6 inches, 1920 x 1080 pixels",Windows 11 OS,1 Year Warranty
144,Dell 3530 15 Inspiron  Laptop (13th Gen Core i7/ 16GB/ 512GB SSD/ Win11 Home),"₹70,490",4.3,13th Gen Intel Core i7 1355U,"10 Cores (2P + 8E), 12 Threads",16 GB DDR4 RAM,512 GB SSD,Intel UHD Graphics,"15.6 inches, 1920 x 1080 pixels",Windows 11 OS,1 Year Warranty
145,Lenovo IdeaPad Slim 5 13ARP10 83J2000HIN Laptop (AMD Ryzen 7 7735HS/ 16GB/ 512GB SSD/ Win11),"₹62,190",4.4,7th Gen AMD Ryzen 7 7735HS,"Octa Core, 16 Threads",16 GB LPDDR5X RAM,512 GB SSD,AMD Radeon 680M,"13.3 inches, 1920 x 1200 pixels",Windows 11 OS,1 Year Warranty
146,HP Victus 15-FA1415TX  Gaming Laptop (12th Gen Core i7/ 16GB/ 512GB SSD/ Win11 Home/ RTX 3050A),"₹76,490",4.3,12th Gen Intel Core i7 12650H,"10 Cores (6P + 4E), 16 Threads",16 GB DDR4 RAM,512 GB SSD,4 GB NVIDIA GeForce RTX 3050A,"15.6 inches, 1920 x 1080 pixels",Windows 11 OS,1 Year Warranty
147,Lenovo ThinkPad E14 21JRS0JH00 Laptop (AMD Ryzen 5 7530U/ 8GB/ 512GB SSD/ Win11 Home),"₹48,990",4.55,7th Gen AMD Ryzen 5 7530U,"Hexa Core, 12 Threads",8 GB DDR4 RAM,512 GB SSD,AMD Radeon Graphics,"14 inches, 1920 x 1200 pixels",Windows 11 OS,1 Year Warranty
148,Asus Gaming V16 2025 V3607VU-RP550WS Laptop (Intel Core 5 210H/ 16GB/ 512GB SSD/ Win11/ 6GB Graph),"₹83,990",4.25,5th Gen Intel Core 5 210H,"Octa Core (4P + 4E), 12 Threads",16 GB DDR5 RAM,512 GB SSD,6 GB NVIDIA GeForce RTX 4050,"16 inches, 1920 x 1200 pixels",Windows 11 OS,1 Year Warranty
149,Asus Gaming V16 V3607VU-RP275WS Laptop ( Intel Core 7 240H/ 16GB/ 512GB SSD/ Win11 / 6GB Graph),"₹93,990",4.45,7th Gen Intel Core 7 240H,"10 Cores (6P + 4E), 16 Threads",16 GB DDR5 RAM,512 GB SSD,6 GB NVIDIA GeForce RTX 4050,"16 inches, 1920 x 1200 pixels",Windows 11 OS,1 Year Warranty
150,Asus Zenbook 14 OLED 2025 UX3405CA-PZ163WS Laptop (Intel Core Ultra 7 255H/ 32GB/ 1TB SSD/ Win11 Home),"₹1,27,990",4.75,Intel Core Ultra 7 255H,"16 Cores (6P + 8E + 2LP-E), 16 Threads",32 GB LPDDR5X RAM,1 TB SSD,Intel Integrated Arc,"14 inches, 2880 x 1800 pixels, Touch Screen",Windows 11 OS,1 Year Warranty
151,HP Victus 15-fb3009AX Gaming Laptop (AMD Ryzen 5 8645HS/ 16GB/ 512GB SSD/ Win11/ 6GB Graph),"₹74,990",4.35,8th Gen AMD Ryzen 5 8645HS,"Hexa Core, 12 Threads",16 GB DDR5 RAM,512 GB SSD,6 GB NVIDIA GeForce RTX 3050,"15.6 inches, 1920 x 1080 pixels",Windows 11 OS,1 Year Warranty
152,Asus Vivobook 15 X1502VA-BQ836WS Laptop (13th Gen Core i5/ 16GB/ 512GB SSD/ Win11),"₹56,990",4.35,13th Gen Intel Core i5 13420H,"Octa Core (4P + 4E), 12 Threads",16 GB  RAM,512 GB SSD,Integrated Intel iris Xe Graphics,"15.6 inches, 1920 x 1080 pixels",Windows 11 OS,1 Year Warranty
153,Asus Vivobook 16X K3605ZF-RP458WS Laptop (12th Gen Core i5/ 16GB/ 512GB SSD/ Win11/ 4GB RTX2050),"₹60,451",4.4,12th Gen Intel Core i5 12500H,"12 Cores (4P + 8E), 16 Threads",16 GB DDR4 RAM,512 GB SSD,4 GB NVIDIA GeForce RTX 2050,"16 inches, 1920 x 1200 pixels",Windows 11 OS,1 Year Warranty
154,MSI Modern 14 C12MO-1248IN Laptop (12th Gen Core i3/ 16GB/ 512GB SSD/ Win11 Home),"₹35,990",4.45,12th Gen Intel Core i3 1215U,"Hexa Core (2P + 4E), 8 Threads",16 GB DDR4 RAM,512 GB SSD,Intel Graphics,"14 inches, 1920 x 1080 pixels",Windows 11 OS,1 Year Warranty
155,HP 255 G9 9H237PT Laptop (AMD Ryzen 3 3250U/ 8 GB RAM/ 512 GB SSD/ FreeDOS),"₹23,990",4.35,3rd Gen AMD Ryzen 3 3250U,"Dual Core, 4 Threads",8 GB DDR4 RAM,512 GB SSD,AMD Radeon Graphics,"15.6 inches, 1366 x 768 pixels",DOS OS,1 Year Warranty
156,Chuwi CoreBook X CWI570 Laptop (12th Gen Core i3 1220P/ 8GB/ 512GB SSD/ Win11),"₹24,990",4.55,12th Gen Intel ‎Core i3 1220P,"10 Cores (2P + 8E), 12 Threads",8 GB DDR4 RAM,512 GB SSD,Intel HD Graphics,"14 inches, 2160 x 1440 pixels",Windows 11 OS,1 Year Warranty
157,Acer Aspire 3 A325-42 UN.34QSI.00F Laptop (AMD Ryzen 3 7330U/ 16GB/ 512GB SSD/ Win11),"₹31,990",4.2,7th Gen AMD Ryzen 3 7330U,"Quad Core, 8 Threads",16 GB LPDDR4X RAM,512 GB SSD,Intel UHD,"15.8 inches, 1920 x 1080 pixels",Windows 11 OS,1 Year Warranty
158,Asus ROG Strix SCAR 16 (2025) G635 Gaming Laptop (Intel Core Ultra 9 Processor 275HX/ 32GB/ 2TB SSD/ Win11 Home/ RTX5070 Graph),"₹3,99,999",4.5,Intel Core Ultra 9 275HX,32 GB DDR5 RAM,2 TB SSD,12 GB NVIDIA GeForce RTX 5070 Ti,"16 inches, 2560 x 1600 pixels",Windows 11 OS,1 Year Warranty,Backlit Keyboard
159,HP 250R G9 B10MTAT Laptop (13th Gen Core i3/ 8GB/ 512GB SSD/ Dos),"₹31,990",4.2,13th Gen Intel Core i3 1315U,"Hexa Core (2P + 4E), 8 Threads",8 GB DDR4 RAM,512 GB SSD,Intel Integrated UHD Graphics,"15.6 inches, 1366 x 768 pixels",DOS OS,1 Year Warranty
160,MSI Crosshair 16 HX D14VFKG-452IN Gaming Laptop (14th Gen Core i7/ 16GB/ 1TB SSD/ Win11/ 8GB RTX4060),"₹1,29,990",4.6,14th Gen Intel Core i7 14650HX,"16 Cores (8P + 8E), 24 Threads",16 GB DDR5 RAM,1 TB SSD,8 GB NVIDIA GeForce RTX 4060,"16 inches, 2560 x 1440 pixels",Windows 11 OS,2 Year Warranty
161,Asus Vivobook 15 X1504ZA-NJ527WS Laptop (12th Gen Core i5/ 8GB/ 512GB SSD/ Win11),"₹43,990",4.25,12th Gen Intel Core i5 1235U,"10 Cores (2P + 8E), 12 Threads",8 GB DDR4 RAM,512 GB SSD,Intel Integrated Iris Xe,"15.6 inches, 1920 x 1080 pixels",Windows 11 OS,1 Year Warranty
162,HP 15-fd0063TU Laptop (12th Gen Core i3/ 8 GB/ 512GB SSD/ Win11 Home),"₹35,790",4.4,12th Gen Intel Core i3 1215U,"Hexa Core (2P + 4E), 8 Threads",8 GB  RAM,512 GB SSD,Intel Integrated Graphics,"15.6 inches, 1920 x 1080 pixels",Windows 11 OS,1 Year Warranty
163,Asus Vivobook 16X K3605ZC-RP587WS Laptop (12th Gen Core i5/ 16GB/ 512GB SSD/ Win11/ 4GB Graph),"₹69,990",4.5,12th Gen Intel Core i5 12500H,"12 Cores (4P + 8E), 16 Threads",16 GB DDR4 RAM,512 GB SSD,4 GB NVIDIA GeForce RTX 3050,"16 inches, 1920 x 1200 pixels",Windows 11 OS,1 Year Warranty
164,Asus Vivobook 16X K3605ZF-RP258WS Laptop (12th Gen Core i5/ 16GB/ 512GB SSD/ Win11/ 4GB Graph),"₹60,490",4.05,12th Gen Intel Core i5 12500H,"12 Cores (4P + 8E), 16 Threads",16 GB DDR4 RAM,512 GB SSD,4 GB NVIDIA GeForce RTX 2050,"16 inches, 1920 x 1200 pixels",Windows 11 OS,1 Year Warranty
165,MSI Creator M16 HX C14VFG-618IN Laptop (14th Gen Core i7/ 32GB/ 1TB SSD/ Win11/ 8GB RTX4060),"₹1,49,990",4.25,14th Gen Intel Core i7 14700HX,"20 Cores (8P + 12E), 28 Threads",32 GB DDR5 RAM,1 TB SSD,8 GB NVIDIA GeForce RTX 4060,"16 inches, 2560 x 1600 pixels",Windows 11 OS,2 Year Warranty
166,Asus TUF Gaming FA401WV-RG037WS Laptop (AMD Ryzen 9 AI HX 370/ 32GB/ 2TB SSD/ Win11/ 8GB Graph),"₹1,44,491",4.0,AMD Ryzen AI 9 HX 370,"12 Cores (4P + 8E), 24 Threads",32 GB LPDDR5X RAM,2 TB SSD,8 GB NVIDIA GeForce RTX 4060,"14 inches, 2560 x 1600 pixels",Windows 11 OS,1 Year Warranty
167,HP 15-fd0070TU Laptop (12th Gen Core i5/ 8GB/ 512GB SSD/ Win11 Home),"₹45,490",4.3,12th Gen Intel Core i5 1235U,"10 Cores (2P + 8E), 12 Threads",8 GB  RAM,512 GB SSD,Intel Integrated Graphics,"15.6 inches, 1920 x 1080 pixels",Windows 11 OS,1 Year Warranty
168,HP Victus 15-FA1400TX Gaming Laptop (12th Gen Core i5/ 16GB/ 512GB SSD/ Win11 Home/ RTX 3050A),"₹63,990",4.7,12th Gen Intel Core i5 12450H,"Octa Core (4P + 4E), 12 Threads",16 GB DDR4 RAM,512 GB SSD,4 GB NVIDIA GeForce RTX 3050A,"15.6 inches, 1920 x 1080 pixels",Windows 11 OS,1 Year Warranty
169,HP Victus 16-R0327TX Gaming Laptop (13th Gen Core i5/ 16GB/ 512GB SSD/ Win11 Home/ 6GB Graph),"₹72,990",4.7,13th Gen Intel Core i5 13500HX,"14 Cores (6P + 8E), 20 Threads",16 GB DDR5 RAM,512 GB SSD,6 GB NVIDIA GeForce RTX 3050,"16.1 inches, 1920 x 1080 pixels",Windows 11 OS,1 Year Warranty
170,HP Victus 15-FA1313TX Gaming Laptop (12th Gen Core i5/ 16GB/ 512GB SSD/ Win11 Home/ RTX 2050),"₹60,990",4.0,12th Gen Intel Core i5 12450H,"Octa Core (4P + 4E), 12 Threads",16 GB DDR4 RAM,512 GB SSD,4 GB NVIDIA GeForce RTX 2050,"15.6 inches, 1920 x 1080 pixels",Windows 11 OS,1 Year Warranty
171,HP 15-fd0111TU Laptop (12th Gen Core i5/ 16GB/ 512GB SSD/ Win11 Home),"₹48,999",4.2,12th Gen Intel Core i5 1235U,"10 Cores (2P + 8E), 12 Threads",16 GB DDR4 RAM,512 GB SSD,Intel Integrated Iris Xe,"15.6 inches, 1920 x 1080 pixels",Windows 11 OS,1 Year Warranty
172,Lenovo LOQ 2024 15IAX9 83GS00CKIN Gaming Laptop (12th Gen Core i5/ 24GB/ 512GB SSD/ Win11/ 4GB Graph),"₹62,990",4.35,12th Gen Intel Core i5 12450HX,"Octa Core (4P + 4E), 12 Threads",24 GB DDR5 RAM,512 GB SSD,4 GB NVIDIA GeForce RTX 2050,"15.6 inches, 1920 x 1080 pixels",Windows 11 OS,1 Year Warranty
173,Asus TUF Gaming A15 FA566NCR-HN075W Laptop (AMD Ryzen 7 7435HS/ 16GB / 512GB SSD/ Win11 Home / 4GB Graph),"₹64,990",4.15,7th Gen AMD Ryzen 7 7435HS,"Octa Core, 16 Threads",16 GB DDR5 RAM,512 GB SSD,4 GB NVIDIA GeForce RTX 3050,"15.6 inches, 1920 x 1080 pixels",Windows 11 OS,1 Year Warranty
174,Asus TUF Gaming A15 FA566NFR-HN260W Laptop (AMD Ryzen 7 7435HS/ 8GB / 512GB SSD/ Win11 Home / 4GB Graph),"₹70,990",4.1,7th Gen AMD Ryzen 7 7435HS,"Octa Core, 16 Threads",8 GB DDR5 RAM,512 GB SSD,4 GB NVIDIA GeForce RTX 2050,"15.6 inches, 1920 x 1080 pixels",Windows 11 OS,1 Year Warranty
175,HP Victus 15-fa0333TX Gaming Laptop (12th Gen Core i5/ 16GB/ 512GB SSD/ Win11/ 4GB RTX 3050),"₹67,800",4.2,12th Gen Intel Core i5 12450H,"Octa Core (4P + 4E), 12 Threads",16 GB DDR4 RAM,512 GB SSD,4 GB NVIDIA GeForce RTX 3050,"15.6 inches, 1920 x 1080 pixels",Windows 11 OS,1 Year Warranty
176,Asus TUF Gaming A15 FA566NC-HN083WS Laptop (AMD Ryzen 5 7535HS/ 16GB / 512GB SSD/ Win11 Home / 4GB Graph),"₹61,990",4.4,7th Gen AMD Ryzen 5 7535HS,"Hexa Core, 12 Threads",16 GB DDR5 RAM,512 GB SSD,4 GB NVIDIA GeForce RTX 3050,"15.6 inches, 1920 x 1080 pixels",Windows 11 OS,1 Year Warranty
177,Honor MagicBook Art 14 2024 Laptop (Intel Core Ultra 5 125H/ 32GB/ 1TB SSD/ Win11 Home),"₹97,990",4.3,Intel Core Ultra 5 Series 1 125H,"14 Cores (4P + 8E + 2LP-E), 18 Threads",32 GB LPDDR5 RAM,1 TB SSD,Intel ARC Graphics,"14.6 inches, 3120 x 2080 pixels, Touch Screen",Windows 11 OS,1 Year Warranty
178,Infinix Zero Book Ultra AI PC ZL514 Laptop (Intel Core Ultra 9 185H/ 32GB/ 1TB SSD/ Win 11 Home),"₹85,990",4.7,Intel Core Ultra 9 Series 1 185H,"16 Cores (6P + 8E + 2LP-E), 22 Threads",32 GB LPDDR5X RAM,1 TB SSD,Intel Integrated Intel Arc,"15.6 inches, 1920 x 1080 pixels",Windows 11 OS,1 Year Warranty
179,Colorful Evol P15 Gaming Laptop (13th Gen Core i7/ 16GB/ 512GB SSD/ Win11/ 8GB Graph),"₹83,990",4.45,13th Gen Intel Core i7 13620H,"10 Cores (6P + 4E), 16 Threads",16 GB DDR5 RAM,512 GB SSD,8 GB NVIDIA GeForce RTX 4060,"15.6 inches, 2560 x 1440 pixels",Windows 11 OS,1 Year Warranty
180,Colorful Evol P15 23-HE55D16512A-G-IND Gaming Laptop (12th Gen Core i5/ 16GB/ 512GB SSD/ Win11/ 6GB Graph),"₹59,990",4.25,12th Gen Intel Core i5 12500H,"12 Cores (4P + 8E), 16 Threads",16 GB DDR5 RAM,512 GB SSD,6 GB NVIDIA GeForce RTX 4050,"15.6 inches, 1920 x 1080 pixels",Windows 11 OS,2 Year Warranty
181,MSI Katana A17 AI B8VE-884IN Gaming Laptop (AMD Ryzen 9 8945HS/ 16GB/ 1TB SSD/ Win11 Home/ 6GB Graph),"₹1,02,090",4.65,8th Gen AMD Ryzen 9 8945HS,"Octa Core, 16 Threads",16 GB DDR5 RAM,1 TB SSD,6 GB NVIDIA GeForce RTX 4050,"17.3 inches, 1920 x 1080 pixels",Windows 11 OS,2 Year Warranty
182,Gigabyte G6 MF-H2IN853SH Laptop (13th Gen Core i7/ 16GB/ 512GB SSD/ Win11 Home/ 6GB Graph),"₹74,990",4.35,13th Gen Intel Core i7 13620H,"10 Cores (6P + 4E), 16 Threads",16 GB DDR5 RAM,512 GB SSD,6 GB NVIDIA GeForce RTX 4050,"16 inches, 1920 x 1200 pixels",Windows 11 OS,2 Year Warranty
183,Acer Swift Go 14 SFG14-71 NX.KF1SI.007 Laptop (13th Gen Core i7/ 16GB/ 1TB SSD/ Win11 Home),"₹69,990",4.0,13th Gen Intel Core i7 13700H,"14 Cores (6P + 8E), 20 Threads",16 GB LPDDR5 RAM,1 TB SSD,Intel Integrated Iris Xe,"14 inches, 2880 x 1800 pixels",Windows 11 OS,1 Year Warranty
184,HP 15-fd0123TU Laptop (Intel Core i3 N305/ 8GB/ 512GB SSD/ Win11 Home),"₹33,490",4.55,Intel Core i3 N305,"Octa Core, 8 Threads",8 GB DDR4 RAM,512 GB SSD,Intel Integrated UHD,"15.6 inches, 1920 x 1080 pixels",Windows 11 OS,1 Year Warranty
185,Red Magic Titan 16 Pro Laptop (14th Gen Core i9/ 16GB/ 1TB SSD/ Win11 Home/ RTX 4060),"₹1,20,999",4.3,14th Gen Intel Core i9 14900HX,"24 Cores (8P + 16E), 32 Threads",16 GB DDR5 RAM,1 TB SSD,8 GB NVIDIA GeForce RTX 4060,"16 inches, 2560 x 1600 pixels",Windows 11 OS,1 Year Warranty
186,Asus Vivobook 15 X1504VA-NJ540WS Laptop (13th Gen Core i5/ 16GB/ 512GB SSD/ Win11),"₹50,990",4.6,13th Gen Intel Core i5 1335U,"10 Cores (2P + 8E), 12 Threads",16 GB DDR4 RAM,512 GB SSD,Integrated Intel Iris Xe Graphics,"15.6 inches, 1920 x 1080 pixels",Windows 11 OS,1 Year Warranty
187,HP Victus 15-fa1333TX Gaming Laptop (13th Gen Core i7/ 16GB/ 1TB SSD/ Win11 Home/ 8GB Graphics RTX 4060),"₹94,990",4.05,13th Gen Intel Core i7 13620H,"10 Cores (6P + 4E), 16 Threads",16 GB DDR4 RAM,1 TB SSD,8 GB NVIDIA GeForce RTX 4060,"15.6 inches, 1920 x 1080 pixels",Windows 11 OS,1 Year Warranty
188,Acer Aspire 3 A324-51 UN.343SI.00A Laptop (12th Gen Core i7/ 16GB/ 1TB SSD/ Win11),"₹55,990",4.2,12th Gen Intel Core i7 1255U,"10 Cores (2P + 8E), 12 Threads",16 GB  RAM,1 TB SSD,Intel Integrated Iris Xe,"14 inches, 1920 x 1080 pixels",Windows 11 OS,1 Year Warranty
189,MSI Modern 15 H AI C1MG-049IN Laptop (Intel Core Ultra 5 125H/ 16GB/ 512GB SSD/ Win11 Home),"₹52,400",4.65,Intel Core Ultra 5 Series 1 125H,"14 Cores (4P + 8E + 2LP-E), 18 Threads",16 GB DDR5 RAM,512 GB SSD,Intel Arc Graphics,"15.6 inches, 1920 x 1080 pixels",Windows 11 OS,1 Year Warranty
190,Lenovo Legion 7 16IRX9 83FD000XIN Gaming Laptop (14th Gen Core i9/ 32GB/ 1TB SSD/ Win11/ 8GB RTX 4070 Graph),"₹2,09,690",4.7,14th Gen Intel Core i9 14900HX,"24 Cores (8P + 16E), 32 Threads",32 GB DDR5 RAM,1 TB SSD,8 GB NVIDIA GeForce RTX 4070,"16 inches, 3200 x 2000 pixels",Windows 11 OS,1 Year Warranty
191,MSI Modern 14 C12MO-1203IN Laptop (12th Gen Core i5/ 16GB/ 512GB SSD/ Win11 Home),"₹42,990",4.65,12th Gen Intel Core i5 1235U,"10 Cores (2P + 8E), 12 Threads",16 GB DDR4 RAM,512 GB SSD,Intel Integrated UHD,"14 inches, 1920 x 1080 pixels",Windows 11 OS,1 Year Warranty
192,HP 15s-fy5009TU Laptop (12th Gen Core i5/ 16GB/ 512GB SSD/ Win11 Home),"₹49,500",4.0,12th Gen Intel Core i5 1235U,"10 Cores (2P + 8E), 12 Threads",16 GB DDR4 RAM,512 GB SSD,Intel Integrated UHD,"15.6 inches, 1920 x 1080 pixels",Windows 11 OS,1 Year Warranty
193,Acer Chromebook Plus 515 CB515-2H ‎NX.KNUSI.002 Laptop (13th Gen Core i3 1315U/ 8GB/ 256GB SSD/ Chrome OS),"₹22,990",4.05,13th Gen Intel Core i3 1315U,"Hexa Core (2P + 4E), 8 Threads",8 GB  RAM,256 GB SSD,Intel Integarted Graphics,"15.6 inches, 1920 x 1080 pixels",Chrome OS,1 Year Warranty
194,Acer Chromebook Plus 514 CB514-4H ‎NX.KUTSI.002 Laptop (Intel Core i3-N305/ 8GB/ 256GB SSD/ Chrome OS),"₹18,990",4.0,Intel Core i3 N305,"Octa Core, 8 Threads",8 GB  RAM,256 GB SSD,Intel Integarted Graphics,"14 inches, 1920 x 1080 pixels",Chrome OS,1 Year Warranty
195,Asus ROG Strix G16 G614JI-BG711WS Gaming Laptop (13th Gen Core i7/ 16GB/ 1TB SSD/ Win11/ 8GB Graph),"₹1,49,990",4.55,13th Gen Intel Core i7 13650HX,14 Cores (6P + 8E),16 GB DDR5 RAM,1 TB SSD,8 GB NVIDIA GeForce RTX 4070,"16 inches, 1920 x 1200 pixels",Windows 11 OS,1 Year Warranty
196,Lenovo LOQ 83DV007GIN Gaming Laptop (13th Gen Core i5/ 16GB/ 512GB SSD/ Win11/ 6GB RTX 4050 Graph),"₹87,190",4.15,13th Gen Intel Core i5 13450HX,"10 Cores (6P + 4E), 16 Threads",16 GB DDR5 RAM,512 GB SSD,6 GB NVIDIA GeForce RTX 4050,"15.6 inches, 1920 x 1080 pixels",Windows 11 OS,1 Year Warranty
197,Infinix GT Book GL613 Gaming Laptop (13th Gen Core i5/ 16GB/ 512GB SSD/ Win 11 Home/ 6GB RTX 4050 Graphics),"₹69,990",4.1,13th Gen Intel Core i5 13420H,"Octa Core (4P + 4E), 12 Threads",16 GB LPDDR5X RAM,512 GB SSD,6 GB NVIDIA GeForce RTX 4050,"16 inches, 1920 x 1200 pixels",Windows 11 OS,1 Year Warranty
198,HP Victus 15-fa1312TX Gaming Laptop (12th Gen Core i5/ 8GB/ 512GB SSD/ Win11/ 4GB RTX 2050),"₹64,490",4.05,12th Gen Intel Core i5 12450H,"Octa Core (4P + 4E), 12 Threads",8 GB DDR4 RAM,512 GB SSD,4 GB NVIDIA GeForce RTX 2050,"15.6 inches, 1920 x 1080 pixels",Windows 11 OS,1 Year Warranty
199,Asus TUF Gaming F15 FX507VV-LP287W Gaming Laptop (13th Gen Core i7/ 16GB/512GB SSD/ Win11 Home/ 8GB Graph),"₹1,04,990",4.05,13th Gen Intel Core i7 13620H,"10 Cores (6P + 4E), 16 Threads",16 GB DDR5 RAM,512 GB SSD,8 GB NVIDIA GeForce RTX 4060,"15.6 inches, 1920 x 1080 pixels",Windows 11 OS,1 Year Warranty
200,Lenovo LOQ 15IRX9 83DV00BHIN Gaming Laptop (13th Gen Core i5/ 16GB/ 512GB SSD/ Win11/ 6GB RTX3050),"₹72,990",4.05,13th Gen Intel Core i5 13450HX,"10 Cores (6P + 4E), 16 Threads",16 GB DDR5 RAM,512 GB SSD,6 GB NVIDIA GeForce RTX 3050,"15.6 inches, 1920 x 1080 pixels",Windows 11 OS,1 Year Warranty
201,Dell Inspiron 3530 OIN353034071RINS1M Laptop (13th Gen Core i5/ 16GB/ 512GB SSD/ Win11 Home),"₹48,899",4.05,13th Gen Intel Core i5 1334U,"10 Cores (2P + 8E), 12 Threads",16 GB DDR4 RAM,512 GB SSD,Intel Integrated Integrated,"15.6 inches, 1920 x 1080 pixels",Windows 11 OS,1 Year Warranty
202,HP Victus 15-fa1226TX Gaming Laptop (12th Gen Core i5/ 8GB/ 512GB SSD/ Win11/ 4GB RTX 2050),"₹56,490",4.15,12th Gen Intel Core i5 12450H,"Octa Core (4P + 4E), 12 Threads",8 GB DDR4 RAM,512 GB SSD,4 GB NVIDIA GeForce RTX 2050,"15.6 inches, 1920 x 1080 pixels",Windows 11 OS,1 Year Warranty
203,HP 15-fd0186TU Laptop (13th Gen Core i3/ 8GB/ 512GB SSD/ Win11 Home),"₹38,995",4.1,13th Gen Intel Core i3 1315U,"Hexa Core (2P + 4E), 8 Threads",8 GB DDR4 RAM,512 GB SSD,Intel Integrated UHD,"15.6 inches, 1920 x 1080 pixels",Windows 11 OS,1 Year Warranty
204,Dell G15 5530 Gaming Laptop (13th Gen Core i7/ 16GB/ 1TB SSD/ Win11/ RTX 4060 8GB Graph),"₹1,18,990",4.55,13th Gen Intel Core i7 13650HX,14 Cores (6P + 8E),16 GB DDR5 RAM,1 TB SSD,8 GB NVIDIA GeForce RTX 4060,"15.6 inches, 1920 x 1080 pixels",Windows 11 OS,1 Year Warranty
205,MSI Pulse 16 AI C1VFKG-030IN Gaming Laptop (Intel Core Ultra 7 155H/ 16GB/ 1TB SSD/ Win11/ 8GB Graph),"₹1,41,990",4.55,Intel Core Ultra 7 155H,"16 Cores (6P + 8E + 2LP-E), 22 Threads",16 GB DDR5 RAM,1 TB SSD,8 GB NVIDIA GeForce RTX 4060,"16 inches, 2560 x 1600 pixels",Windows 11 OS,2 Year Warranty
206,Acer Nitro V ANV15-41 NH.QPFSI.003 Gaming Laptop (AMD Ryzen 7 7735HS/ 16GB/ 512GB SSD/ Win11/ 6GB RTX3050 Graph),"₹71,990",4.25,7th Gen AMD Ryzen 7 7735HS,"Octa Core, 16 Threads",16 GB DDR5 RAM,512 GB SSD,6 GB NVIDIA GeForce RTX 3050,"15.6 inches, 1920 x 1080 pixels",Windows 11 OS,1 Year Warranty
207,Samsung Galaxy Book 4 NP750XGJ-KG3IN Laptop (Intel Core i7 1355U/ 16GB/ 512GB SSD/ Win11),"₹67,810",4.6,13th Gen Intel Core i7 1355U,"10 Cores (2P + 8E), 12 Threads",16 GB LPDDR4x RAM,512 GB SSD,Intel Iris Xe Graphics,"15.6 inches, 1920 x 1080 pixels",Windows 11 OS,1 Year Warranty
208,MSI Raider GE68HX 14VIG-469IN Gaming Laptop (14th Gen Core i9/ 32GB/ 1TB SSD/ Win11/ 16GB Graph),"₹2,89,990",4.3,14th Gen Intel Core i9 14900HX,"24 Cores (8P + 16E), 32 Threads",32 GB DDR5 RAM,1 TB SSD,16 GB NVIDIA GeForce RTX 4090,"16 inches, 2560 x 1600 pixels",Windows 11 OS,2 Year Warranty
209,Lenovo IdeaPad Pro 5 83D2001GIN Gaming Laptop (Intel Core Ultra 9 185H/ 32GB/ 1TB SSD/ Win11),"₹1,04,990",4.0,Intel Core Ultra 9 Series 1 185H,"16 Cores (6P + 8E + 2LP-E), 22 Threads",32 GB LPDDR5X RAM,1 TB SSD,Integrated Intel Arc Graphics,"14 inches, 2880 x 1800 pixels",Windows 11 OS,1 Year Warranty
210,MSI Crosshair 16 HX D14VGKG-205IN Gaming Laptop (14th Gen Core i7/ 32GB/ 1TB SSD/ Win11 Home/ 8GB RTX4070),"₹1,69,990",4.5,14th Gen Intel Core i7 14700HX,"20 Cores (8P + 12E), 28 Threads",32 GB DDR5 RAM,1 TB SSD,8 GB NVIDIA GeForce RTX 4070,"16 inches, 2560 x 1440 pixels",Windows 11 OS,2 Year Warranty
211,Dell G15-5530 15.6 Gaming Laptop (13th Gen Core i5/ 8GB/ 512GB SSD/ Win11/ 6GB Graph),"₹69,490",4.7,13th Gen Intel Core i5 13450HX,"10 Cores (6P + 4E), 16 Threads",8 GB DDR5 RAM,512 GB SSD,6 GB NVIDIA GeForce RTX 3050,"15.6 inches, 1920 x 1080 pixels",Windows 11 OS,1 Year Warranty
212,Acer Predator Helios 16 ‎PH16-72 NH.QNZSI.002 Gaming Laptop (14th Gen Core i9/ 32GB/ 1TB SSD/ Win11/ 12GB Graph),"₹2,44,990",4.6,14th Gen Intel Core i9 14900HX,"24 Cores (8P + 16E), 32 Threads",32 GB DDR5 RAM,1 TB SSD,12 GB NVIDIA GeForce RTX 4080,"16 inches, 2560 x 1600 pixels",Windows 11 OS,1 Year Warranty
213,Acer Predator Helios Neo 16 ‎PHN16-72 Gaming Laptop (14th Gen Core i9/ 16GB/ 1TB SSD/ Win11/ 8GB Graph),"₹1,71,900",4.05,14th Gen Intel Core i9 14900HX,"24 Cores (8P + 16E), 32 Threads",16 GB DDR5 RAM,1 TB SSD,8 GB NVIDIA GeForce RTX 4070,"16 inches, 2560 x 1600 pixels",Windows 11 OS,1 Year Warranty
214,Acer Predator Helios Neo 16 ‎PHN16-72 2024 Gaming Laptop (14th Gen Core i7/ 16GB/ 1TB SSD/ Win11/ 8GB Graph),"₹1,39,990",4.0,14th Gen Intel Core i7 14700HX,"20 Cores (8P + 12E), 28 Threads",16 GB DDR5 RAM,1 TB SSD,8 GB NVIDIA GeForce RTX 4060,"16 inches, 2560 x 1600 pixels",Windows 11 OS,1 Year Warranty
215,Acer Aspire Lite AL15-41 Laptop (AMD Ryzen 3 5300U/ 16GB/ 512GB SSD/ Win11),"₹29,990",4.25,5th Gen AMD Ryzen 3 5300U,"Quad Core, 8 Threads",16 GB DDR4 RAM,512 GB SSD,AMD Graphics,"15.6 inches, 1920 x 1080 pixels",Windows 11 OS,1 Year Warranty
216,Acer Aspire Lite AL15-41 Laptop (AMD Ryzen 3 5300U/ 8GB/ 512GB SSD/ Win11),"₹25,990",4.05,5th Gen AMD Ryzen 3 5300U,"Quad Core, 8 Threads",8 GB DDR4 RAM,512 GB SSD,AMD Graphics,"15.6 inches, 1920 x 1080 pixels",Windows 11 OS,1 Year Warranty
217,HP Omen 14-fb0089TX Gaming Laptop (Intel Core Ultra 7 155H/ 16GB/ 1TB SSD/ Win11 Home/ 8GB Graph),"₹1,25,990",4.5,Intel Core Ultra 7 Series 1 155H,"16 Cores (6P + 8E + 2LP-E), 22 Threads",16 GB LPDDR5x RAM,1 TB SSD,8 GB NVIDIA GeForce RTX 4060,"14 inches, 2880 x 1800 pixels",Windows 11 OS,1 Year Warranty
218,Samsung Galaxy Book 4 NP750XGK-KS2IN Laptop (Intel Core 5 Processor 120U/ 16GB/ 512GB SSD/ Win11),"₹54,590",4.45,Intel Core 5 Processor Series 1 120U,"10 Cores (2P + 8E), 12 Threads",16 GB LPDDR4x RAM,512 GB SSD,Intel Graphics,"15.6 inches, 1920 x 1080 pixels",Windows 11 OS,1 Year Warranty
219,HP Omen Transcend 14-fb0007TX Gaming Laptop (Intel Core Ultra 7 155H/ 16GB/ 1TB SSD/ Win11 Home/ 8GB Graph),"₹1,26,990",4.65,Intel Core Ultra 7 Series 1 155H,"16 Cores (6P + 8E + 2LP-E), 22 Threads",16 GB LPDDR5x RAM,1 TB SSD,8 GB NVIDIA GeForce RTX 4060,"14 inches, 2880 x 1800 pixels",Windows 11 OS,1 Year Warranty
220,MSI Cyborg 15 AI A1VFK-049IN Gaming Laptop (Intel Core Ultra 7 155H/ 16GB/ 1TB SSD/ Win11/ 8GB Graph),"₹1,01,990",4.3,Intel Core Ultra 7 Series 1 155H,"16 Cores (6P + 8E + 2LP-E), 22 Threads",16 GB DDR5 RAM,1 TB SSD,8 GB NVIDIA GeForce RTX 4060,"15.6 inches, 1920 x 1080 pixels",Windows 11 OS,2 Year Warranty
221,Apple MacBook Air 2024 MRXW3HN/A Laptop (Apple M3/ 8GB/ 512GB SSD/ MacOS),"₹1,13,900",4.3,Apple M3,Octa Core (4P + 4E),8 GB  RAM,512 GB SSD,Apple 10 Core GPU,"13.6 inches, 2560 x 1664 pixels",Mac OS,1 Year Warranty
222,MSI Vector 16 HX A14VGG-279IN Gaming Laptop (14th Gen Core i7/ 32GB/ 1TB SSD/ Win11 Home/ 8GB Graph),"₹1,89,990",4.45,14th Gen Intel Core i7 14700HX,"20 Cores (8P + 12E), 28 Threads",32 GB DDR5 RAM,1 TB SSD,8 GB NVIDIA GeForce RTX 4070,"16 inches, 2560 x 1600 pixels",Windows 11 OS,2 Year Warranty
223,MSI Thin A15 AI B7VE-066IN Gaming Laptop (AMD Ryzen 5 7535H/ 16GB/ 512GB SSD/ Win11/ 6GB Graph),"₹73,490",4.5,7th Gen AMD Ryzen 5 7535HS,"Hexa Core, 12 Threads",16 GB DDR4 RAM,512 GB SSD,6 GB NVIDIA GeForce RTX 4050,"15.6 inches, 1920 x 1080 pixels",Windows 11 OS,2 Year Warranty
224,HP Victus 15-fa1099TX Laptop (12th Gen Core i5/ 16GB/ 512GB SSD/ Win11 Home/ 4GB Graph),"₹58,900",4.25,12th Gen Intel Core i5 12450H,"Octa Core (4P + 4E), 12 Threads",16 GB DDR4 RAM,512 GB SSD,4 GB NVIDIA GeForce RTX 2050,"16.1 inches, 1920 x 1080 pixels",Windows 11 OS,1 Year Warranty
225,Xiaomi Redmi Book Pro 16 2024 Laptop (Intel Core Ultra 5/ 32GB/ 1TB SSD/ Win 11),"₹69,990",4.05,Intel Core Ultra 5 Series 1 125H,"14 Cores (4P + 8E + 2LP-E), 18 Threads",32 GB LPDDR5x RAM,1 TB SSD,Intel  ARC Graphics,"16 inches, 3072 x 1920 pixels",Windows 11 OS,1 Year Warranty
226,Dell 15 G15-5530 Gaming Laptop (13th Gen Core i5/ 16GB/ 1TB SSD/ Win11/ 6GB Graph),"₹77,990",4.05,13th Gen Intel Core i5 13450HX,"10 Cores (6P + 4E), 16 Threads",16 GB DDR5 RAM,1 TB SSD,6 GB NVIDIA GeForce RTX 3050,"15.6 inches, 1920 x 1080 pixels",Windows 11 OS,1 Year Warranty
227,Lenovo LOQ 15IRX9 83DV007FIN Gaming Laptop (14th Gen Core i7/ 16GB/ 1TB SSD/ Win11/ 8GB Graph),"₹1,14,990",4.7,14th Gen Intel Core i7 14700HX,"20 Cores (8P + 12E), 28 Threads",16 GB DDR5 RAM,1 TB SSD,8 GB NVIDIA GeForce RTX 4060,"15.6 inches, 1920 x 1080 pixels",Windows 11 OS,1 Year Warranty
228,HP Omen 16-xf0081AX Gaming Laptop (AMD Ryzen 7 7840HS/ 32GB/ 1TB SSD/ Win11/ 8GB Graph),"₹1,35,999",4.35,7th Gen AMD Ryzen 7 7840HS,"Octa Core, 16 Threads",32 GB DDR5 RAM,1 TB SSD,8 GB NVIDIA GeForce RTX 4060,"16 inches, 1440 x 2560 pixels",Windows 11 OS,1 Year Warranty
229,Lenovo Ideapad Slim 3 Chrome 14M868 82XJ002LHA Laptop (MediaTek Kompanio 520/ 4GB/ 128GB eMMC/ Chrome OS),"₹12,990",4.65,MediaTek Kompanio 520 Kompanio 520,Octa Core,4 GB LPDDR4X RAM,128 GB eMMC Storage,Arm Mali G52 MC2 2EE Graphics,"14 inches, 1366 x 768 pixels",Chrome OS,1 Year Warranty
230,Infinix INBook Y4 Max Series YL613 Laptop (13th Gen Core i3/ 16GB/ 512GB SSD/ Win 11 Home),"₹59,990",4.45,13th Gen Intel Core i3 1315U,"Hexa Core (2P + 4E), 8 Threads",16 GB LPDDR4X RAM,512 GB SSD,Intel UHD Graphics,"16 inches, 1920 x 1200 pixels",Windows 11 OS,1 Year Warranty
231,Chuwi Gemibook X Pro Laptop (Intel Celeron N100/ 8 GB/ 256 GB SSD/ Win11 Home),"₹17,990",4.45,12th Gen Intel N100 N100,"Quad Core, 4 Threads",8 GB LPDDR5 RAM,256 GB SSD,Intel Integrated UHD Graphics,"14.1 inches, 1920 x 1080 pixels",Windows 11 OS,1 Year Warranty
232,Asus Chromebook CX1500CKA-EJ0247 Laptop (Celeron N4500/ 8GB/ 128GB eMMC/ Chrome OS),"₹15,990",4.4,Intel Celeron N4500,"Dual Core, 2 Threads",8 GB LPDDR4X RAM,128 GB Hard Disk,Intel Integrated UHD,"15.6 inches, 1920 x 1080 pixels",Chrome OS,1 Year Warranty
233,HP Victus 15-fb0157AX Gaming Laptop (AMD Ryzen 5 5600H/ 8GB/ 512GB SSD/ Win11/ 4GB Graph),"₹51,999",4.3,5th Gen AMD Ryzen 5 5600H,"Hexa Core, 12 Threads",8 GB DDR4 RAM,512 GB SSD,4 GB AMD Radeon RX 6500M,"15.6 inches, 1920 x 1080 pixels",Windows 11 OS,1 Year Warranty
234,Zebronics Pro Series Z ZEB-NBC 4S Laptop (12th Gen Core i5/ 16GB/ 512GB SSD/ Win11 Home),"₹36,990",4.75,12th Gen Intel Core i5 1235U,"10 Cores (2P + 8E), 12 Threads",16 GB DDR4 RAM,512 GB SSD,Intel Integrated,"15.6 inches, 1920 x 1080 pixels",Windows 11 OS,1 Year Warranty
235,Zebronics ZEB-NBC 5S Laptop (12th Gen Core i7 / 16GB/ 512GB SSD/ Win11 Home),"₹41,990",4.05,12th Gen Intel Core i7 1255U,"10 Cores (2P + 8E), 12 Threads",16 GB DDR4 RAM,512 GB SSD,Intel Integrated,"15.6 inches, 1920 x 1080 pixels",Windows 11 OS,1 Year Warranty
236,Acer Aspire 7 A715-76G UN.QMYSI.002 Gaming Laptop (12th Gen Core i5/ 16GB/ 512GB SSD/ Win11 Home/ 4GB Graph),"₹53,990",4.55,12th Gen Intel Core i5 12450H,"Octa Core (4P + 4E), 12 Threads",16 GB DDR4 RAM,512 GB SSD,4 GB NVIDIA GeForce RTX 2050,"15.6 inches, 1920 x 1080 pixels",Windows 11 OS,1 Year Warranty
237,HP Victus 15-fb0150AX Gaming Laptop (AMD Ryzen 5 5600H/ 16GB/ 512GB SSD/ Win11/ 4GB Graph),"₹52,900",4.15,5th Gen AMD Ryzen 5 5600H,"Hexa Core, 12 Threads",16 GB DDR4 RAM,512 GB SSD,4 GB AMD Radeon RX 6500M Graphics,"15.6 inches, 1920 x 1080 pixels",Windows 11 OS,1 Year Warranty
238,HP Omen 16-xf0060AX Gaming Laptop (AMD Ryzen 7 7840HS/ 16GB/ 1TB SSD/ Win11/ 8GB Graph),"₹1,11,490",4.7,7th Gen AMD Ryzen 7 7840HS,"Octa Core, 16 Threads",16 GB DDR5 RAM,1 TB SSD,8 GB NVIDIA GeForce RTX 4060,"16 inches, 1920 x 1080 pixels",Windows 11 OS,1 Year Warranty
239,Asus TUF Gaming F15 FX577ZC-HN192W Gaming Laptop (12th Gen Core i7/ 16GB/1TB SSD/ Win11 / 4GB Graph),"₹79,990",4.4,12th Gen Intel Core i7 12700H ,"14 Cores, 20 Threads",16 GB DDR5 RAM,1 TB SSD,4 GB NVIDIA GeForce RTX 3050,"15.6 inches, 1920 x 1080 pixels",Windows 11 OS,1 Year Warranty
240,HP Pavilion x360 14-ek1074TU Laptop (13th Gen Core i5/ 16GB/ 512GB SSD/ Win11),"₹70,990",4.55,13th Gen Intel Core i5 1335U,"10 Cores (2P + 8E), 12 Threads",16 GB DDR4 RAM,512 GB SSD,Intel Integrated Iris Xe,"14 inches, 1920 x 1080 pixels, Touch Screen",Windows 11 OS,1 Year Warranty
241,MSI Katana 15 B13VFK-843IN Gaming Laptop (13th Gen Core i9/ 16GB/ 1TB SSD/ Win11 Home/ 8GB Graph),"₹1,19,990",4.05,13th Gen Intel Core i9 13900H,"14 Cores (6P + 8E), 20 Threads",16 GB DDR5 RAM,1 TB SSD,8 GB NVIDIA GeForce RTX 4060,"15.6 inches, 1920 x 1080 pixels",Windows 11 OS,2 Year Warranty
242,Lenovo LOQ 15IRH8 82XV00F7IN 2023 Gaming Laptop (12th Gen Core i5/ 16GB/ 512GB SSD/ Win11/ 8GB Graph),"₹83,190",4.0,12th Gen Intel Core i5 12450H,"Octa Core (4P + 4E), 12 Threads",16 GB DDR5 RAM,512 GB SSD,8 GB NVIDIA GeForce RTX 4060,"15.6 inches, 1920 x 1080 pixels",Windows 11 OS,1 Year Warranty
243,Infinix Zerobook 2023 Laptop (13th Gen Core i9/ 32GB/ 1TB SSD/ Win 11 Home),"₹71,990",4.05,13th Gen Intel Core i9 13900H,"14 Cores (6P + 8E), 20 Threads",32 GB LPDDR5X RAM,1 TB SSD,Intel Integrated Iris Xe,"15.6 inches, 1920 x 1080 pixels",Windows 11 OS,1 Year Warranty
244,Asus Vivobook 15 X1502ZA-EJ541WS Laptop (12th Gen Core i5/ 16GB/ 512GB SSD/ Win11),"₹54,489",4.7,12th Gen Intel Core i5 12500H,"12 Cores (4P + 8E), 16 Threads",16 GB DDR4 RAM,512 GB SSD,Intel Iris Xe,"15.6 inches, 1920 x 1080 pixels",Windows 11 OS,1 Year Warranty
245,Dell Inspiron 5630 Laptop (13th Gen Core i5/ 16GB/ 512GB SSD/ Win11),"₹63,490",4.6,13th Gen Intel Core i5 1340P,"12 Cores (4P + 8E), 16 Threads",16 GB LPDDR5  RAM,512 GB SSD,Intel Iris Xe Graphics,"16 inches, 2560 x 1600 pixels",Windows 11 OS,1 Year Warranty
246,Asus ROG Strix G16 2023 G614JV-N4141WS Gaming Laptop (13th Gen Core i9/ 16GB/ 1TB SSD/ Win11/ 8GB Graph),"₹1,59,990",4.35,13th Gen Intel Core i9 13980HX,"24 Cores (8P + 16E), 32 Threads",16 GB DDR5 RAM,1 TB SSD,8 GB NVIDIA GeForce RTX 4060,"16 inches, 2560 x 1600 pixels",Windows 11 OS,1 Year Warranty
247,Asus Vivobook Pro 15 OLED K6502VU-MA541WS Laptop (13th Gen Core i5/ 16GB/ 512GB SSD/ Win11 Home/ 6GB Graph),"₹94,990",4.5,13th Gen Intel Core i5 13500H,"12 Cores (4P + 8E), 16 Threads",16 GB DDR5 RAM,512 GB SSD,6 GB NVIDIA GeForce RTX 4050,"15.6 inches, 2880 x 1620 pixels",Windows 11 OS,1 Year Warranty
248,HP 15s-fr5009TU Laptop (12th Gen Core i3/ 8GB/ 512GB SSD/ Win11 Home),"₹36,490",4.05,12th Gen Intel Core i3 1215U,"Hexa Core (2P + 4E), 8 Threads",8 GB DDR4 RAM,512 GB SSD,Intel UHD Graphics,"15.6 inches, 1920 x 1080 pixels",Windows 11 OS,1 Year Warranty
249,Asus Vivobook 15 2023 X1504VA-NJ524WS Laptop (13th Gen Core i5/ 8GB/ 512GB SSD/ Win11),"₹45,990",4.35,13th Gen Intel Core i5 1335U,"10 Cores (2P + 8E), 12 Threads",8 GB DDR4 RAM,512 GB SSD,Integrated Intel Iris Xe Graphics,"15.6 inches, 1920 x 1080 pixels",Windows 11 OS,1 Year Warranty
250,HP 15-fc0026AU Laptop (AMD Ryzen 3 7320U/ 8GB/ 512GB SSD/ Win11 Home),"₹29,990",4.05,7th Gen AMD Ryzen 3 7320U,"Quad Core, 8 Threads",8 GB LPDDR5 RAM,512 GB SSD,AMD Radeon AMD,"15.6 inches, 1920 x 1080 pixels",Windows 11 OS,1 Year Warranty
251,Asus Vivobook 15 2023 X1504VA-NJ324WS Laptop (13th Gen Core i3/ 8GB/ 512GB SSD/ Win11),"₹37,990",4.25,13th Gen Intel Core i3 1315U,"Hexa Core (2P + 4E), 8 Threads",8 GB DDR4 RAM,512 GB SSD, Integrated Intel UHD Graphics,"15.6 inches, 1920 x 1080 pixels",Windows 11 OS,1 Year Warranty
252,Asus Vivobook Go 15 OLED 2023 E1504FA-LK541WS Laptop (Ryzen 5 7520U / 16GB/ 512GB SSD/ Win11 Home),"₹48,490",4.2,7th Gen AMD Ryzen 5 7520U,"Quad Core, 8 Threads",16 GB LPDDR5 RAM,512 GB SSD,AMD Radeon AMD,"15.6 inches, 1920 x 1080 pixels",Windows 11 OS,1 Year Warranty
253,HP 15s-fq5007TU Laptop (12th Gen Core i3/ 8GB/ 512GB SSD/ Win11 Home),"₹34,800",4.65,12th Gen Intel Core i3 1215U,"Hexa Core (2P + 4E), 8 Threads",8 GB DDR4 RAM,512 GB SSD,Intel UHD Graphics,"15.6 inches, 1920 x 1080 pixels",Windows 11 OS,1 Year Warranty
254,HP Victus 15-fb0082AX Gaming Laptop (AMD Ryzen 5 5600H/ 8GB/ 512GB SSD/ Win11/ 4GB Graph),"₹53,400",4.4,5th Gen AMD Ryzen 5  5600H ,"Hexa Core, 12 Threads",8 GB DDR4 RAM,512 GB SSD,4 GB NVIDIA GeForce RTX 3050,"15.6 inches, 1920 x 1080 pixels",Windows 11 OS,1 Year Warranty
255,Asus ProArt StudioBook Pro 16 OLED H7600ZW-L911W Laptop (12th Gen Core i9/ 32GB/ 1TB SSD/ Win11/ 8GB Graph),"₹1,79,990",4.6,12th Gen Intel Core i9 12900H,"14 Cores (6P + 8E), 20 Threads",32 GB DDR5 RAM,1 TB SSD,8 GB NVIDIA GeForce RTX 3070,"16 inches, 3840 x 2400 pixels",Windows 11 OS,1 Year Warranty
256,Dell Precision 5550 Laptop (10th Gen Core i7/ 16GB/ 512GB SSD/ Win10 Pro/ 4GB Graph),"₹1,84,999",4.2,10th Gen Intel Core i7 10750H,"Hexa Core, 12 Threads",16 GB DDR4  RAM,512 GB SSD,4 GB NVIDIA ,"15.6 inches, 1920 x 1200 pixels",Windows 10 OS,Backlit Keyboard
257,Asus Zenbook A14 UX3407RA-QD054WS Laptop (Snapdragon X Elite X1E 78 100/ 16GB/ 512GB SSD/ Win11),"₹1,29,990",4.0,Qualcomm Snapdragon X Elite X1E 78 100,"12 Cores, 12 Threads",16 GB LPDDR5X RAM,512 GB SSD,Qualcomm Adreno,"14 inches, 1920 x 1200 pixels",Windows 11 OS,1 Year Warranty
258,Asus Zenbook A14 UX3407QA-QD259WS Laptop (Snapdragon X X1 26 100/ 16GB/ 512GB SSD/ Win11),"₹99,990",4.45,Qualcomm Snapdragon X X1 26 100,"Octa Core, 8 Threads",16 GB LPDDR5X RAM,512 GB SSD,Qualcomm Adreno GPU,"14 inches, 1920 x 1200 pixels",Windows 11 OS,1 Year Warranty
259,Dell Inspiron 5640 Laptop (13th Gen Core i5/ 16GB/ 512GB SSD/ Win11),"₹65,990",4.65,13th Gen Intel Core i5 1334U,"10 Cores (2P + 8E), 12 Threads",16 GB DDR5 RAM,512 GB SSD,Intel Iris Xe Graphics,"16 inches, 1920 x 1200 pixels",Windows 11 OS,1 Year Warranty
260,Asus Vivobook 16X K3605VC-RP413WS Laptop (13th Gen Core i5/ 16GB/ 512GB SSD/ Win11 Home/ 4GB Graph),"₹75,990",4.55,13th Gen Intel Core i5 13420H,"Octa Core (4P + 4E), 12 Threads",16 GB DDR4 RAM,512 GB SSD,4 GB NVIDIA Geforce RTX 3050,"16 inches, 1920 x 1200 pixels",Windows 11 OS,1 Year Warranty
261,Asus Vivobook 15 X1504VA-NJ2325WS Laptop (13th Gen Core i3/ 16GB/ 512GB SSD/ Win11),"₹41,990",4.3,13th Gen Intel Core i3 1315U,"Hexa Core (2P + 4E), 8 Threads",16 GB  RAM,512 GB SSD,Integrated Intel UHD Graphics,"15.6 inches, 1920 x 1080 pixels",Windows 11 OS,1 Year Warranty
262,Asus Vivobook 16 X1605VA-MB5555WS Laptop (13th Gen Core i5/ 16GB/ 512GB SSD/ Win11 Home),"₹62,990",4.05,13th Gen Intel Core i5 13500H,"12 Cores (4P + 8E), 16 Threads",16 GB  RAM,512 GB SSD,Integrated Intel Iris Xe Graphics,"16 inches, 1920 x 1200 pixels",Windows 11 OS,1 Year Warranty
263,Asus Vivobook 16 X1605VA-MB9999WS Laptop (13th Gen Core i9/ 16GB/ 1TB SSD/ Win11 Home),"₹99,990",4.25,13th Gen Intel Core i9 13900H,"14 Cores (6P + 8E), 20 Threads",16 GB  RAM,1 TB SSD,Integrated Intel Iris Xe Graphics,"16 inches, 1920 x 1200 pixels",Windows 11 OS,1 Year Warranty
264,Dell Inspiron 5440 Laptop (13th Gen Core i5/ 16GB/ 1TB SSD/ Win11),"₹76,377",4.65,13th Gen Intel Core i5 1334U,"10 Cores (2P + 8E), 12 Threads",16 GB  RAM,1 TB SSD,Intel Graphics,"14 inches, 1920 x 1200 pixels",Windows 11 OS,1 Year Warranty
265,Asus Vivobook Go 14 E1404FA-NK5542WS Laptop (Ryzen 5 7520U / 16GB/ 512GB SSD/ Win11),"₹41,990",4.25,7th Gen AMD Ryzen 5 7520U,"Quad Core, 8 Threads",16 GB LPDDR5 RAM,512 GB SSD,AMD Radeon AMD,"14 inches, 1920 x 1080 pixels",Windows 11 OS,1 Year Warranty
266,Asus Zenbook A14 Laptop (Snapdragon X X1 26 100/ 16GB/ 512GB SSD/ Win11 Home),"₹99,999",4.15,Qualcomm Snapdragon X X1 X X1 26 100,16 GB  RAM,512 GB SSD,Qualcomm Adreno GPU,"14 inches, 1920 x 1200 pixels, Touch Screen",Windows 11 OS,1 Year Warranty,Backlit Keyboard
267,Dell 3530 15 Inspiron  Laptop (13th Gen Core i7/ 16GB/ 512GB SSD/ Win11 Home),"₹70,490",4.3,13th Gen Intel Core i7 1355U,"10 Cores (2P + 8E), 12 Threads",16 GB DDR4 RAM,512 GB SSD,Intel UHD Graphics,"15.6 inches, 1920 x 1080 pixels",Windows 11 OS,1 Year Warranty
268,Lenovo ThinkPad E14 21JRS0JH00 Laptop (AMD Ryzen 5 7530U/ 8GB/ 512GB SSD/ Win11 Home),"₹48,990",4.55,7th Gen AMD Ryzen 5 7530U,"Hexa Core, 12 Threads",8 GB DDR4 RAM,512 GB SSD,AMD Radeon Graphics,"14 inches, 1920 x 1200 pixels",Windows 11 OS,1 Year Warranty
269,HP Victus 15-fa2700TX  Gaming Laptop (13th Gen Core i5/ 16GB/ 512GB SSD/ Win11/ 6GB Graph),"₹74,990",4.6,13th Gen Intel Core i5 13420H,"Octa Core (4P + 4E), 12 Threads",16 GB DDR4 RAM,512 GB SSD,6 GB NVIDIA GeForce RTX 3050,"15.6 inches, 1920 x 1080 pixels",Windows 11 OS,1 Year Warranty
270,HP Victus 15-fa2703TX Gaming Laptop (13th Gen Core i5/ 16GB/ 512GB SSD/ Win11/ 4GB Graph),"₹65,990",4.65,13th Gen Intel Core i5 13420H,"Octa Core (4P + 4E), 12 Threads",16 GB DDR4 RAM,512 GB SSD,4 GB NVIDIA GeForce RTX 2050,"15.6 inches, 1920 x 1080 pixels",Windows 11 OS,1 Year Warranty
271,Asus Vivobook S 14 OLED 2025 S5406SA-QD094WS Laptop (Intel Core Ultra 7 256V/ 16GB/ 512GB SSD/ Win11 Home),"₹1,14,990",4.25,Intel Core Ultra 7 256V,"Octa Core (4P + 4LP-E), 8 Threads",16 GB LPDDR5X RAM,512 GB SSD,Intel Integrated Arc,"14 inches, 1920 x 1200 pixels",Windows 11 OS,1 Year Warranty
272,Asus Vivobook S 14 OLED 2025 S5406SA-QD098WS Laptop (Intel Core Ultra 5 226V/ 16GB/ 512GB SSD/ Win11 Home),"₹99,990",4.0,5th Gen Intel Core Ultra 5 226V,"Octa Core (4P + 4LP-E), 8 Threads",16 GB LPDDR5X RAM,512 GB SSD,Intel Integrated Arc,"14 inches, 1920 x 1200 pixels",Windows 11 OS,1 Year Warranty
273,Asus Vivobook 14 Flip TP3407SA-QL025WS Laptop (Intel Core Ultra 7 256V/ 16GB/ 512GB SSD/Win11),"₹1,11,990",4.75,Intel Core Ultra 7 256V,"Octa Core (4P + 4LP-E), 8 Threads",16 GB LPDDR5X RAM,512 GB SSD,Intel Integrated Arc,"14 inches, 1920 x 1200 pixels, Touch Screen",Windows 11 OS,1 Year Warranty
274,Asus Zenbook Duo OLED 2025 UX8406CA-PZ106WS Laptop (intel Core Ultra 9 285H/ 32GB/ 1TB SSD/ Win11),"₹2,39,990",4.15,Intel Core Ultra 9 285H,"16 Cores (6P + 8E + 2LP-E), 16 Threads",32 GB LPDDR5X RAM,1 TB SSD,Intel Arc Graphics,"14 inches, 2880 x 1800 pixels, Touch Screen",Windows 11 OS,1 Year Warranty
275,Asus Zenbook 14 OLED 2025 UX3405CA-PZ348WS Laptop (Intel Core Ultra 7 255H/ 32GB/ 1TB SSD/ Win11 Home),"₹1,27,990",4.25,Intel Core Ultra 7 255H,"16 Cores (6P + 8E + 2LP-E), 16 Threads",32 GB LPDDR5X RAM,1 TB SSD,Intel Integrated Arc,"14 inches, 2880 x 1800 pixels, Touch Screen",Windows 11 OS,1 Year Warranty
276,Asus Zenbook 14 OLED 2025 UX3405CA-PZ162WS Laptop ( Intel Core Ultra 5 225H/ 16GB/ 1TB SSD/ Win11 Home),"₹1,12,990",4.7,Intel Core Ultra 5 225H,"14 Cores (4P + 8E + 2LP-E), 14 Threads",16 GB LPDDR5X RAM,1 TB SSD,Intel Integrated Arc,"14 inches, 2880 x 1800 pixels, Touch Screen",Windows 11 OS,1 Year Warranty
277,Asus Zenbook 14 OLED 2025 UX3405CA-PZ163WS Laptop (Intel Core Ultra 7 255H/ 32GB/ 1TB SSD/ Win11 Home),"₹1,27,990",4.75,Intel Core Ultra 7 255H,"16 Cores (6P + 8E + 2LP-E), 16 Threads",32 GB LPDDR5X RAM,1 TB SSD,Intel Integrated Arc,"14 inches, 2880 x 1800 pixels, Touch Screen",Windows 11 OS,1 Year Warranty
278,HP 255 G10 Laptop (AMD Ryzen 5 7520U/ 8GB/ 512GB SSD/ Win11),"₹30,800",4.4,7th Gen AMD Ryzen 5 7520U,"Quad Core, 8 Threads",8 GB DDR4 RAM,512 GB SSD,AMD Radeon Graphics,"15.6 inches, 1366 x 768 pixels",Windows 11 OS,1 Year Warranty
279,Asus Vivobook 16 X1605VA-MB9946WS Laptop (13th Gen Core i9/ 16GB/ 512GB SSD/ Win11 Home),"₹94,990",4.6,13th Gen Intel Core i9 13900H,"14 Cores (6P + 8E), 20 Threads",16 GB DDR4 RAM,512 GB SSD,Intergrated Intel Iris Xe Graphics,"16 inches, 1920 x 1200 pixels",Windows 11 OS,1 Year Warranty
280,Dell Latitude 3440 Laptop (12th Gen Core i3/ 8GB/ 512GB SSD/ Win11 ),"₹29,990",4.55,12th Gen Intel Core i3 1215U,"Hexa Core (2P + 4E), 8 Threads",8 GB DDR4 RAM,512 GB SSD,Intel Graphics,"14 inches, 1366 x 768 pixels",Windows 11 OS,1 Year Warranty
281,Acer Aspire 3 A324-53 UN.34RSI.002 Laptop (13th Gen Core i3/ 8GB/ 512GB SSD/ Win11),"₹31,980",4.0,13th Gen Intel Core i3 1305U,"5 Cores (1P + 4E), 6 Threads",8 GB DDR4 RAM,512 GB SSD,Intel Integrated UHD,"14 inches, 1920 x 1080 pixels",Windows 11 OS,1 Year Warranty
282,Lenovo Legion Pro 5 16ARX8 82WM00FFIN Gaming Laptop (AMD Ryzen 9 7945HX / 32GB/ 1TB SSD/ Win11 Home/ 8GB Graph),"₹2,01,190",4.5,7th Gen AMD Ryzen 9 7945HX,"16 Cores, 32 Threads",32 GB DDR5 RAM,1 TB SSD,8 GB NVIDIA Geforce RTX 4070,"16 inches, 2560 x 1600 pixels",Windows 11 OS,1 Year Warranty
283,Dell Inspiron 7440 2 in 1 Laptop (13th Gen Core i5-1334U/ 16GB/ 512GB SSD/ Win11),"₹71,990",4.45,13th Gen Intel Core i5 1334U,"10 Cores (2P + 8E), 12 Threads",16 GB DDR5 RAM,512 GB SSD,Intel Graphic,"14 inches, 1920 x 1080 pixels, Touch Screen",Windows 11 OS,1 Year Warranty
284,Lenovo IdeaPad 5 14IRH9 83KX0019IN Laptop (13th Gen Core i7/ 16GB/ 512GB SSD/ Win11 Home),"₹84,690",4.1,13th Gen Intel Core i7 13620H,"10 Cores (6P + 4E), 16 Threads",16 GB LPDDR5X RAM,512 GB SSD,Intel Integrated UHD,"14 inches, 1920 x 1200 pixels, Touch Screen",Windows 11 OS,1 Year Warranty
285,Lenovo Ideapad Slim 5x Gen 9 14Q8X9 83HL0035IN Laptop (Snapdragon X Plus/ 16GB/ 1TB SSD/ Win11),"₹64,990",4.65,Qualcomm Snapdragon X Plus X1P-42-100,16 GB LPDDR5X RAM,1 TB SSD,Qualcomm Adreno,"14 inches, 1920 x 1200 pixels",Windows 11 OS,1 Year Warranty,2 USB 3.0 Ports
286,Samsung Galaxy Book4 Pro 360 5G Laptop (Intel Core Ultra 7/ 16GB/ 1TB SSD/ Win11),"₹1,99,990",4.45,Intel Core Ultra 7 Series 1 155H,"16 Cores (6P + 8E + 2LP-E), 22 Threads",16 GB LPDDR5X RAM,1 TB SSD,Intel Arc Graphics,"16 inches, 2880 x 1800 pixels, Touch Screen",Windows 11 OS,1 Year Warranty
287,HP Pavilion 16-af0056TU Laptop (Intel Core Ultra 5 125U/ 16GB/ 1TB SSD/ Win11),"₹70,990",4.2,Intel Core Ultra 5 125U,"12 Cores (2P + 8E + 2LP-E), 14 Threads",16 GB LPDDR5 RAM,1 TB SSD,Intel Integrated Graphics,"16 inches, 1920 x 1200 pixels",Windows 11 OS,1 Year Warranty
288,Lenovo IdeaPad Slim 3 83EQ005TIN Laptop (12th Gen Core i5/ 8GB/ 512GB SSD/ Win11),"₹48,590",4.4,12th Gen Intel Core i5 12450H,"Octa Core (4P + 4E), 12 Threads",8 GB LPDDR5 RAM,512 GB SSD,Intel Integrated UHD,"14.1 inches, 1920 x 1080 pixels",Windows 11 OS,1 Year Warranty
289,Acer Aspire 3 A325-51 Laptop (12th Gen Core i3/ 8GB/ 512GB SSD/ Win11),"₹29,990",4.0,12th Gen Intel Core i3 1215U,"Hexa Core (2P + 4E), 8 Threads",8 GB DDR4 RAM,512 GB SSD,Intel UHD Graphics,"15.6 inches, 1920 x 1080 pixels",Windows 11 OS,1 Year Warranty
290,Asus Vivobook S15 K5504VAB-BN417WS Laptop (13th Gen Core i9/ 16GB/ 512GB SSD/ Win11),"₹79,990",4.55,13th Gen Intel Core i9 13900H,"14 Cores (6P + 8E), 20 Threads",16 GB LPDDR5 RAM,512 GB SSD,Intel Iris Xe Graphics,"15.6 inches, 1920 x 1080 pixels",Windows 11 OS,1 Year Warranty
291,Lenovo LOQ 15IRX9 83DV00KUIN Gaming Laptop (13th Gen Core i5/ 24GB/ 512GB SSD/ Win11/ 6GB RTX3050),"₹80,990",4.0,13th Gen Intel Core i5 13450HX,"10 Cores (6P + 4E), 16 Threads",24 GB DDR5 RAM,512 GB SSD,6 GB NVIDIA GeForce RTX 3050,"15.6 inches, 1920 x 1080 pixels",Windows 11 OS,1 Year Warranty
292,Acer Aspire 3 A325-42 UN.34QSI.004 Laptop (AMD Ryzen 7 7730U/ 16GB/ 1TB SSD/ Win11),"₹41,290",4.45,7th Gen AMD Ryzen 7 7730U,"Octa Core, 16 Threads",16 GB LPDDR4X RAM,1 TB SSD,Intel UHD,"15.8 inches, 1920 x 1080 pixels",Windows 11 OS,1 Year Warranty
293,Asus Vivobook 16X K3605ZC-RP628WS Laptop (12th Gen Core i7/ 16GB/ 512GB SSD/ Win11/ 4GB RTX3050),"₹70,990",4.6,12th Gen Intel Core i7 12700H,"14 Cores (6P + 8E), 20 Threads",16 GB DDR4 RAM,512 GB SSD,4 GB NVIDIA GeForce RTX 3050,"16 inches, 1920 x 1200 pixels",Windows 11 OS,1 Year Warranty
294,Asus TUF Gaming A15 FA566NFR-HN045WS Laptop (AMD Ryzen 7 7435HS/ 16GB / 512GB SSD/ Win11/ 4GB Graph),"₹58,590",4.65,7th Gen AMD Ryzen 7 7435HS,"Octa Core, 16 Threads",16 GB DDR5 RAM,512 GB SSD,4 GB NVIDIA GeForce RTX 2050,"15.6 inches, 1920 x 1080 pixels",Windows 11 OS,1 Year Warranty
295,Lenovo Thinkpad E14 G5 21JKS0LK00 Laptop (13th Gen Core i5/ 16GB/ 512GB SSD/ Win11),"₹69,990",4.5,13th Gen Intel Core i5 1335U,"10 Cores (2P + 8E), 12 Threads",16 GB DDR4 RAM,512 GB SSD,Intel UHD Graphics,"14 inches, 1920 x 1200 pixels",Windows 11 OS,1 Year Warranty
296,Acer ALG ‎AL15G-53 Gaming Laptop (13th Gen Intel Core i7/ 16GB/ 512GB SSD/ Win11/ 6GB RTX 3050 Graphics),"₹74,999",4.0,13th Gen Intel Core i7 13620H,"10 Cores (6P + 4E), 16 Threads",16 GB DDR4 RAM,512 GB SSD,6 GB NVIDIA GeForce RTX 3050,"15.6 inches, 1920 x 1080 pixels",Windows 11 OS,1 Year Warranty
297,Asus Vivobook 16X K3605ZC-RP587WS Laptop (12th Gen Core i5/ 16GB/ 512GB SSD/ Win11/ 4GB Graph),"₹64,990",4.5,12th Gen Intel Core i5 12500H,"12 Cores (4P + 8E), 16 Threads",16 GB DDR4 RAM,512 GB SSD,4 GB NVIDIA GeForce RTX 3050,"16 inches, 1920 x 1200 pixels",Windows 11 OS,1 Year Warranty
298,Asus TUF Gaming A15 2024 FA507UV-LP137WS Gaming Laptop (AMD Ryzen 9 8945H/ 16GB/ 1TB SSD/ Win11/ 8GB Graph),"₹1,24,990",4.75,8th Gen AMD Ryzen 9 8945H,"Octa Core, 16 Threads",16 GB DDR5 RAM,1 TB SSD,8 GB NVIDIA GeForce RTX 4060,"15.6 inches, 1920 x 1080 pixels",Windows 11 OS,1 Year Warranty
299,Acer One 14 Z8-415 UN.31VSI.006 Laptop (11th Gen Core i3 / 16GB/ 512GB SSD/ Win11 Home),"₹29,990",4.2,11th Gen Intel Core i3 1115G4,"Dual Core, 4 Threads",16 GB DDR4 RAM,512 GB SSD,‎Intel UHD,"14 inches, 1920 x 1080 pixels",Windows 11 OS,1 Year Warranty
300,Asus TUF Gaming 14 FA401UU-RG033WS Gaming Laptop (AMD Ryzen 7 8845HS/ 16GB/ 1TB SSD/ Win11 Home/ 6GB Graph),"₹1,19,750",4.25,8th Gen AMD Ryzen 7 8845HS,"Octa Core, 16 Threads",16 GB LPDDR5X RAM,1 TB SSD,6 GB NVIDIA GeForce RTX 4050,"14 inches, 2560 x 1600 pixels",Windows 11 OS,1 Year Warranty
301,MSI Cyborg 14 A13UCX-205IN Gaming Laptop (13th Gen Core i5/ 16GB/ 512GB SSD/ Win11/ 4GB Graph),"₹59,990",4.35,13th Gen Intel Core i5 13420H,"Octa Core (4P + 4E), 12 Threads",16 GB DDR5 RAM,512 GB SSD,4 GB NVIDIA GeForce RTX 2050,"14 inches, 1920 x 1200 pixels",Windows 11 OS,2 Year Warranty
302,Asus Vivobook S 14 OLED M5406WA-PP961WS Laptop (AMD Ryzen 9 HX 370/ 24GB/ 512GB SSD/ Win11),"₹1,08,990",4.3,AMD Ryzen AI 9 HX 370,"12 Cores (4P + 8E), 24 Threads",24 GB LPDDR5X RAM,512 GB SSD,AMD Radeon AMD,"14 inches, 2880 x 1800 pixels",Windows 11 OS,1 Year Warranty
303,MSI Modern 14 C12MO-1213IN Laptop (12th Gen Core i3/ 16GB/ 512GB SSD/ Win11 Home),"₹30,890",4.05,12th Gen Intel Core i3 1215U,"Hexa Core (2P + 4E), 8 Threads",16 GB  RAM,512 GB SSD,Intel Iris Xe Graphics,"14 inches, 1920 x 1080 pixels",Windows 11 OS,1 Year Warranty
304,Lenovo Yoga Slim 7x 14Q8X9 83ED003BIN Laptop (Snapdragon X Elite/ 32GB/ 1TB SSD/ Windows 11 Home),"₹1,39,990",4.0,Qualcomm Snapdragon X Elite X1E-78-100,12 Cores,32 GB LPDDR5X RAM,1 TB SSD,Qualcomm Adreno,"14.5 inches, 2944 x 1840 pixels, Touch Screen",Windows 11 OS,1 Year Warranty
305,HP Victus 15-fa1278TX Gaming Laptop (13th Gen Core i5/ 16GB/ 512GB SSD/ Win11/ 6GB RTX4050),"₹79,590",4.3,13th Gen Intel Core i5 13420H,"Octa Core (4P + 4E), 12 Threads",16 GB DDR4 RAM,512 GB SSD,6 GB NVIDIA GeForce RTX 4050,"15.6 inches, 1920 x 1080 pixels",Windows 11 OS,1 Year Warranty
306,Lenovo ThinkBook 16 G6 21KHA081IN Laptop (13th Gen Core i5/ 16GB/ 512GB SSD/ Win11 Home),"₹57,980",4.45,13th Gen Intel Core i5 1335U,"10 Cores (2P + 8E), 12 Threads",16 GB DDR5 RAM,512 GB SSD,Iris Xe Graphics,"16 inches, 1920 x 1080 pixels",Windows 11 OS,1 Year Warranty
307,MSI Modern 14 C12MO-1249IN Laptop (12th Gen Core i5/ 8GB/ 512GB SSD/ Win11 Home),"₹36,990",4.65,12th Gen Intel Core i5 1235U,"10 Cores (2P + 8E), 12 Threads",8 GB DDR4 RAM,512 GB SSD,Intel Iris Xe Graphics,"14 inches, 1920 x 1080 pixels",Windows 11 OS,1 Year Warranty
308,HP 15-fd0129TU Laptop (13th Gen Core i3/ 8GB/ 512GB SSD/ Win11 Home),"₹38,990",4.55,13th Gen Intel Core i3 1315U,"Hexa Core (2P + 4E), 8 Threads",8 GB DDR4 RAM,512 GB SSD,Intel Integrated UHD,"15.6 inches, 1920 x 1080 pixels",Windows 11 OS,1 Year Warranty
309,Asus Vivobook S15 OLED S5504VA-MA943WS Laptop (13th Gen Core i9/ 16GB/ 512GB SSD/ Win11),"₹91,599",4.75,13th Gen Intel Core i9 13900H,"14 Cores (6P + 8E), 20 Threads",16 GB LPDDR5 RAM,512 GB SSD,Intel Iris Xe Graphics,"15.6 inches, 2880 x 1620 pixels",Windows 11 OS,1 Year Warranty
310,Lenovo ThinkPad E14 21JKS0X900 Laptop (13th Gen Core i5/ 16GB/ 1TB SSD/ Win11 Home),"₹74,990",4.3,13th Gen Intel Core i5 1335U,"10 Cores (2P + 8E), 12 Threads",16 GB DDR4 RAM,1 TB SSD,Intel Iris Xe Graphics comes,"14 inches, 1920 x 1200 pixels",Windows 11 OS,1 Year Warranty
311,Asus TUF Gaming A15 FA506NCR-HN075WS Laptop (AMD Ryzen 7 7435HS/ 16GB / 512GB SSD/ Win11 Home / 4GB Graph),"₹65,989",4.7,7th Gen AMD Ryzen 7 7435HS,"Octa Core, 16 Threads",16 GB DDR5 RAM,512 GB SSD,4 GB NVIDIA GeForce RTX 3050,"15.6 inches, 1920 x 1080 pixels",Windows 11 OS,1 Year Warranty
312,Asus TUF Gaming A15 FA506NFR-HN045W Laptop (AMD Ryzen 7 7435HS/ 16GB / 512GB SSD/ Win11/ 4GB Graph),"₹58,990",4.35,7th Gen AMD Ryzen 7 7435HS,"Octa Core, 16 Threads",16 GB DDR5 RAM,512 GB SSD,4 GB NVIDIA GeForce RTX 2050,"15.6 inches, 1920 x 1080 pixels",Windows 11 OS,1 Year Warranty
313,HP 15-fc0155AU Laptop (AMD Ryzen 5 7520U/ 8GB/ 512GB SSD/ Win11 Home),"₹39,800",4.25,7th Gen AMD Ryzen 5 7520U,"Quad Core, 8 Threads",8 GB LPDDR5 RAM,512 GB SSD,AMD Radeon AMD,"15.6 inches, 1920 x 1080 pixels",Windows 11 OS,1 Year Warranty
314,HP 14-gr1022TU Laptop (Intel Core Ultra 5 125H/ 16GB/ 512GB SSD/ Win11 Home),"₹67,490",4.3,Intel Core Ultra 5 Series 1 125H,"14 Cores (4P + 8E + 2LP-E), 18 Threads",16 GB DDR5 RAM,512 GB SSD,Intel Arc Graphics,"14 inches, 1920 x 1080 pixels",Windows 11 OS,1 Year Warranty
315,Honor MagicBook Art 14 2024 Laptop (Intel Core Ultra 5 125H/ 32GB/ 1TB SSD/ Win11 Home),"₹97,990",4.3,Intel Core Ultra 5 Series 1 125H,"14 Cores (4P + 8E + 2LP-E), 18 Threads",32 GB LPDDR5 RAM,1 TB SSD,Intel ARC Graphics,"14.6 inches, 3120 x 2080 pixels, Touch Screen",Windows 11 OS,1 Year Warranty
316,Microsoft Surface Pro 11 ‎ZIB-00031 Laptop (Snapdragon X Elite/ 16GB/ 1TB SSD/ Win11),"₹1,62,990",4.45,Qualcomm Snapdragon X Elite,12 Cores,16 GB LPDDR5x RAM,1 TB SSD,Qualcomm Adreno GPU,"13 inches, 2880 x 1920 pixels, Touch Screen",Windows 11 OS,1 Year Warranty
317,Colorful Evol P15 Gaming Laptop (13th Gen Core i7/ 16GB/ 512GB SSD/ Win11/ 8GB Graph),"₹83,990",4.45,13th Gen Intel Core i7 13620H,"10 Cores (6P + 4E), 16 Threads",16 GB DDR5 RAM,512 GB SSD,8 GB NVIDIA GeForce RTX 4060,"15.6 inches, 2560 x 1440 pixels",Windows 11 OS,1 Year Warranty
318,HP 15s-fy5010TU Laptop (12th Gen Core i3/ 8GB/ 256GB SSD/ Win11 Home),"₹31,490",4.4,12th Gen Intel Core i3 1215U,"Hexa Core (2P + 4E), 8 Threads",8 GB DDR4 RAM,256 GB SSD,Intel Integrated UHD,"15.6 inches, 1920 x 1080 pixels",Windows 11 OS,1 Year Warranty
319,MSI Modern 15 H AI C1MG-045IN Laptop (Intel Core Ultra 7 155H/ 16GB/ 1TB SSD/ Win11 Home),"₹65,990",4.7,Intel Core Ultra 7 Series 1 155H,"16 Cores (6P + 8E + 2LP-E), 22 Threads",16 GB DDR5 RAM,1 TB SSD,Intel Arc Graphics,"15.6 inches, 1920 x 1080 pixels",Windows 11 OS,1 Year Warranty
320,Asus Vivobook S15 K5504VAB-BN417WS Laptop (13th Gen Core i9/ 16GB/ 512GB SSD/ Win11),"₹79,990",4.55,13th Gen Intel Core i9 13900H,"14 Cores (6P + 8E), 20 Threads",16 GB LPDDR5 RAM,512 GB SSD,Intel Iris Xe Graphics,"15.6 inches, 1920 x 1080 pixels",Windows 11 OS,1 Year Warranty
321,Lenovo Yoga Slim 7 14IMH9 83CV0047IN Laptop ( Intel Core Ultra 7 155H/ 16GB/ 1TB SSD/ Win11 Home),"₹93,990",4.05,Intel Core Ultra 7 Series 1 155H,"16 Cores (6P + 8E + 2LP-E), 22 Threads",16 GB LPDDR5x RAM,1 TB SSD,Integrated Intel Arc Graphics,"14 inches, 1920 x 1200 pixels",Windows 11 OS,1 Year Warranty
322,Asus ExpertBook B1 B1402CBA-NK2417WS Laptop (12th Gen Core i7/ 16 GB/ 512 GB SSD/ Win11 Home),"₹63,890",4.7,12th Gen Intel Core i7 1255U,"10 Cores (2P + 8E), 12 Threads",16 GB DDR4 RAM,512 GB SSD,Intel Integrated UHD,"14 inches, 1920 x 1080 pixels",Windows 11 OS,1 Year Warranty
323,Acer Nitro V 16 ANV16-71 NH.QTNSI.003 Gaming Laptop (14th Gen Core i5 / 16GB/ 512GB SSD/ Win11/ 6GB RTX 4050 Graph),"₹1,02,990",4.15,14th Gen Intel Core i5 14450HX,"10 Cores (6P + 4E), 16 Threads",16 GB DDR5 RAM,512 GB SSD,6 GB NVIDIA GeForce RTX 4050,"16 inches, 1920 x 1200 pixels",Windows 11 OS,1 Year Warranty
324,Acer Nitro V 16 ANV16-71 NH.QTNSI.002 Gaming Laptop (14th Gen Core i7/ 16GB/ 512GB SSD/ Win11/ 6GB RTX 4050 Graph),"₹1,09,990",4.45,14th Gen Intel Core i7 14650HX,"16 Cores (8P + 8E), 24 Threads",16 GB DDR5 RAM,512 GB SSD,6 GB NVIDIA GeForce RTX 4050,"16 inches, 1920 x 1200 pixels",Windows 11 OS,1 Year Warranty
325,Lenovo LOQ 15IRX9 83DV00KUIN Gaming Laptop (13th Gen Core i5/ 24GB/ 512GB SSD/ Win11/ 6GB RTX3050),"₹80,990",4.0,13th Gen Intel Core i5 13450HX,"10 Cores (6P + 4E), 16 Threads",24 GB DDR5 RAM,512 GB SSD,6 GB NVIDIA GeForce RTX 3050,"15.6 inches, 1920 x 1080 pixels",Windows 11 OS,1 Year Warranty
326,Acer Aspire 3 A325-42 UN.34QSI.004 Laptop (AMD Ryzen 7 7730U/ 16GB/ 1TB SSD/ Win11),"₹44,990",4.45,7th Gen AMD Ryzen 7 7730U,"Octa Core, 16 Threads",16 GB LPDDR4X RAM,1 TB SSD,Intel UHD,"15.8 inches, 1920 x 1080 pixels",Windows 11 OS,1 Year Warranty
327,MSI Sword 16 HX B13VFKG-652IN Gaming Laptop (13th Gen Core i9/ 32GB/ 1TB SSD/ Win11/ 8GB RTX4060),"₹1,39,990",4.6,13th Gen Intel Core i9 13980HX,"24 Cores (8P + 16E), 32 Threads",32 GB DDR5 RAM,1 TB SSD,8 GB NVIDIA GeForce RTX 4060,"16 inches, 1920 x 1200 pixels",Windows 11 OS,2 Year Warranty
328,Acer Aspire 3 15 A325-42 Laptop (AMD Ryzen 5 7430U/ 16GB/ 512GB SSD/ Win11),"₹37,990",4.05,7th Gen AMD Ryzen 5 7430U,"Hexa Core, 12 Threads",16 GB DDR4 RAM,512 GB SSD,AMD Graphics,"15.8 inches, 1920 x 1080 pixels",Windows 11 OS,1 Year Warranty
329,Asus Vivobook 16X K3605ZC-RP628WS Laptop (12th Gen Core i7/ 16GB/ 512GB SSD/ Win11/ 4GB RTX3050),"₹70,990",4.6,12th Gen Intel Core i7 12700H,"14 Cores (6P + 8E), 20 Threads",16 GB DDR4 RAM,512 GB SSD,4 GB NVIDIA GeForce RTX 3050,"16 inches, 1920 x 1200 pixels",Windows 11 OS,1 Year Warranty
330,Lenovo Yoga 7 14IRL8 82YL00AYIN Laptop (13th Gen Core i5/ 16GB/ 512GB SSD/ Win11 Home),"₹86,190",4.35,13th Gen Intel Core i5 1340P,"12 Cores (4P + 8E), 16 Threads",16 GB LPDDR5 RAM,512 GB SSD,Integrated Intel Iris Xe Graphics,"14 inches, 1920 x 1200 pixels, Touch Screen",Windows 11 OS,1 Year Warranty
331,Lenovo V15 82TTA073IN Laptop (12th Gen Core i7 / 16GB/ 512GB SSD/ Win11 Home),"₹44,990",4.05,12th Gen Intel,16 GB DDR4 RAM,512 GB SSD,Integrated Intel Iris Graphics,"15.6 inches, 1920 x 1080 pixels",Windows 11 OS,1 Year Warranty,2 USB 3.0 Ports
332,Asus TUF Gaming A15 FA566NFR-HN045WS Laptop (AMD Ryzen 7 7435HS/ 16GB / 512GB SSD/ Win11/ 4GB Graph),"₹58,590",4.65,7th Gen AMD Ryzen 7 7435HS,"Octa Core, 16 Threads",16 GB DDR5 RAM,512 GB SSD,4 GB NVIDIA GeForce RTX 2050,"15.6 inches, 1920 x 1080 pixels",Windows 11 OS,1 Year Warranty
333,Acer Aspire 3 A325-42 Laptop (AMD Ryzen 5 7430U/ 8GB/ 512GB SSD/ Win11),"₹36,990",4.15,7th Gen AMD Ryzen 5 7430U,"Hexa Core, 12 Threads",8 GB DDR4 RAM,512 GB SSD,AMD Graphics,"15.8 inches, 1920 x 1080 pixels",Windows 11 OS,1 Year Warranty
334,Lenovo IdeaPad Slim 3 15IRU8 82X700C8IN Laptop (13th Gen Core i3/ 8GB/ 512GB SSD/ Win11 Home),"₹37,100",4.15,13th Gen Intel Core i3 1305U,"5 Cores (1P + 4E), 6 Threads",8 GB  RAM,512 GB SSD,Intel UHD Graphics,"15.6 inches, 1920 x 1080 pixels",Windows 11 OS,1 Year Warranty
335,Lenovo Thinkpad E14 G5 21JKS0LK00 Laptop (13th Gen Core i5/ 16GB/ 512GB SSD/ Win11),"₹69,990",4.5,13th Gen Intel Core i5 1335U,"10 Cores (2P + 8E), 12 Threads",16 GB DDR4 RAM,512 GB SSD,Intel UHD Graphics,"14 inches, 1920 x 1200 pixels",Windows 11 OS,1 Year Warranty
336,Acer ALG ‎AL15G-53 Gaming Laptop (13th Gen Intel Core i7/ 16GB/ 512GB SSD/ Win11/ 6GB RTX 3050 Graphics),"₹74,999",4.0,13th Gen Intel Core i7 13620H,"10 Cores (6P + 4E), 16 Threads",16 GB DDR4 RAM,512 GB SSD,6 GB NVIDIA GeForce RTX 3050,"15.6 inches, 1920 x 1080 pixels",Windows 11 OS,1 Year Warranty
337,Honor MagicBook Art 14 2024 Laptop (Snapdragon X Elite/ 32GB/ 1TB SSD/ Win11 Home),"₹89,990",4.4,Qualcomm Snapdragon X Elite,32 GB LPDDR5 RAM,1 TB SSD,Qualcomm Adreno Graphics,"14.6 inches, 3120 x 2080 pixels, Touch Screen",Windows 11 OS,1 Year Warranty,Backlit Keyboard
338,Asus Vivobook 15 X1504ZA-NJ527WS Laptop (12th Gen Core i5/ 8GB/ 512GB SSD/ Win11),"₹43,990",4.25,12th Gen Intel Core i5 1235U,"10 Cores (2P + 8E), 12 Threads",8 GB DDR4 RAM,512 GB SSD,Intel Integrated Iris Xe,"15.6 inches, 1920 x 1080 pixels",Windows 11 OS,1 Year Warranty
339,Chuwi CoreBook X Laptop (12th Gen Core i5/ 16GB/ 512GB SSD/ Win11),"₹41,990",4.1,12th Gen Intel Core i5 12450H,"Octa Core (4P + 4E), 12 Threads",16 GB DDR4 RAM,512 GB SSD,Intel HD Graphics,"15.6 inches, 1920 x 1080 pixels",Windows 11 OS,1 Year Warranty
340,Acer Aspire 3 A324-51 UN.343SI.00Q Laptop (12th Gen Core i5/ 16GB/ 1TB SSD/ Win11),"₹44,990",4.5,12th Gen Intel Core i5 1235U,"10 Cores (2P + 8E), 12 Threads",16 GB  RAM,1 TB SSD,Intel Integrated,"14 inches, 1920 x 1080 pixels",Windows 11 OS,1 Year Warranty
341,Acer Swift Go 14 AI Laptop (Snapdragon X Plus X1P-42-100/ 16GB/ 1TB SSD/ Win11 Home),"₹89,990",4.65,Intel Snapdragon X Plus X1P-42-100,Octa Core,16 GB LPDDR5X RAM,1 TB SSD,Qualcomm Adreno GPU,"14 inches, 1920 x 1200 pixels, Touch Screen",Windows 11 OS,1 Year Warranty
342,Acer Aspire 3 14 A324-31 Laptop (Intel Core i3 N305/ 16GB/ 512GB SSD/ Win11),"₹29,990",4.25,Intel Core i3 N305,"Octa Core, 8 Threads",16 GB DDR4 RAM,512 GB SSD,Intel Integrated UHD,"14 inches, 1920 x 1080 pixels",Windows 11 OS,1 Year Warranty
343,Asus TUF Gaming A15 2024 FA507UV-LP137WS Gaming Laptop (AMD Ryzen 9 8945H/ 16GB/ 1TB SSD/ Win11/ 8GB Graph),"₹1,24,990",4.75,8th Gen AMD Ryzen 9 8945H,"Octa Core, 16 Threads",16 GB DDR5 RAM,1 TB SSD,8 GB NVIDIA GeForce RTX 4060,"15.6 inches, 1920 x 1080 pixels",Windows 11 OS,1 Year Warranty
344,Acer Swift Go 14 SFG14-41 NX.KG3SI.008 Laptop (AMD Ryzen 7 7730U/ 16GB/ 1TB SSD/ Win11),"₹53,990",4.3,7th Gen AMD Ryzen 7 7730U,"Octa Core, 16 Threads",16 GB  RAM,1 TB SSD,AMD Radeon Graphics,"14 inches, 1920 x 1080 pixels",Windows 11 OS,1 Year Warranty
345,HP 15-fd0063TU Laptop (12th Gen Core i3/ 8 GB/ 512GB SSD/ Win11 Home),"₹35,490",4.4,12th Gen Intel Core i3 1215U,"Hexa Core (2P + 4E), 8 Threads",8 GB  RAM,512 GB SSD,Intel Integrated Graphics,"15.6 inches, 1920 x 1080 pixels",Windows 11 OS,1 Year Warranty
346,Acer Aspire Lite 15 AL15-52H Laptop (12th Gen Core i5/ 12GB/ 512GB SSD/ Win11),"₹44,990",4.4,12th Gen Intel Core i5 12450H,"Octa Core (4P + 4E), 12 Threads",12 GB DDR4 RAM,512 GB SSD,Intel UHD Graphics,"15.6 inches, 1920 x 1080 pixels",Windows 11 OS,1 Year Warranty
347,Asus Vivobook S 15 OLED S5507QA-MA551WS Laptop (Snapdragon X Plus X1P 42 100/ 16GB/ 1TB SSD/ Win11),"₹89,990",4.5,Qualcomm Snapdragon X Plus X1P 42,16 GB LPDDR5X RAM,1 TB SSD,Qualcomm Adreno GPU,"15.6 inches, 2880 x 1620 pixels",Windows 11 OS,1 Year Warranty,Backlit Keyboard
348,Acer Aspire 3 A324-51 UN.343SI.00D Laptop (12th Gen Core i3/ 16GB/ 512GB SSD/ Win11),"₹31,990",4.65,12th Gen Intel Core i3 1215U,"Hexa Core (2P + 4E), 8 Threads",16 GB DDR4 RAM,512 GB SSD,Intel Integrated UHD,"14 inches, 1920 x 1080 pixels",Windows 11 OS,1 Year Warranty
349,Acer One 14 Z8-415 UN.31VSI.006 Laptop (11th Gen Core i3 / 16GB/ 512GB SSD/ Win11 Home),"₹29,990",4.2,11th Gen Intel Core i3 1115G4,"Dual Core, 4 Threads",16 GB DDR4 RAM,512 GB SSD,‎Intel UHD,"14 inches, 1920 x 1080 pixels",Windows 11 OS,1 Year Warranty
350,Asus ROG Zephyrus G16 OLED GA605WV-QP078WS Gaming Laptop (AMD Ryzen AI 9 HX 370/ 16GB/ 1TB SSD/ Win11/ 8GB Graph),"₹1,84,990",4.25,AMD Ryzen AI 9 HX 370,"12 Cores (4P + 8E), 24 Threads",16 GB LPDDR5X RAM,1 TB SSD,8 GB NVIDIA GeForce RTX 4060,"16 inches, 2560 x 1600 pixels",Windows 11 OS,1 Year Warranty
351,Asus TUF Gaming 14 FA401UU-RG033WS Gaming Laptop (AMD Ryzen 7 8845HS/ 16GB/ 1TB SSD/ Win11 Home/ 6GB Graph),"₹1,19,800",4.25,8th Gen AMD Ryzen 7 8845HS,"Octa Core, 16 Threads",16 GB LPDDR5X RAM,1 TB SSD,6 GB NVIDIA GeForce RTX 4050,"14 inches, 2560 x 1600 pixels",Windows 11 OS,1 Year Warranty
352,Asus ProArt PX13 OLED HN7306WU-LX001WS Creator Laptop (AMD Ryzen AI 9 365/ 24GB/1TB SSD/ 6GB RTX 4050 Graphics),"₹1,69,899",4.7,AMD Ryzen AI 9 365,"10 Cores (4P + 6E), 20 Threads",24 GB LPDDR5X RAM,1 TB SSD,6 GB NVIDIA GeForce RTX 4050,"13.3 inches, 2880 x 1800 pixels, Touch Screen",Windows 11 OS,1 Year Warranty
353,Asus Vivobook S 14 OLED M5406WA-PP961WS Laptop (AMD Ryzen 9 HX 370/ 24GB/ 512GB SSD/ Win11),"₹1,09,990",4.3,AMD Ryzen AI 9 HX 370,"12 Cores (4P + 8E), 24 Threads",24 GB LPDDR5X RAM,512 GB SSD,AMD Radeon AMD,"14 inches, 2880 x 1800 pixels",Windows 11 OS,1 Year Warranty
354,MSI Cyborg 14 A13UCX-205IN Gaming Laptop (13th Gen Core i5/ 16GB/ 512GB SSD/ Win11/ 4GB Graph),"₹59,990",4.35,13th Gen Intel Core i5 13420H,"Octa Core (4P + 4E), 12 Threads",16 GB DDR5 RAM,512 GB SSD,4 GB NVIDIA GeForce RTX 2050,"14 inches, 1920 x 1200 pixels",Windows 11 OS,2 Year Warranty
355,MSI Creator Z17 HX Studio A14VGT-405IN Creator Laptop (14th Gen Core i7/ 32GB/ 2TB SSD/ Win11/ 8GB Graph),"₹2,79,990",4.2,14th Gen Intel Core i7 14700HX,"20 Cores (8P + 12E), 28 Threads",32 GB DDR5 RAM,2 TB SSD,8 GB NVIDIA GeForce RTX 4070,"17 inches, 2560 x 1600 pixels, Touch Screen",Windows 11 OS,2 Year Warranty
356,MSI Cyborg 14 A13UCX-206IN Gaming Laptop (13th Gen Core i5/ 8GB/ 512GB SSD/ Win11/ 4GB Graph),"₹56,990",4.5,13th Gen Intel Core i5 13420H,"Octa Core (4P + 4E), 12 Threads",8 GB DDR5 RAM,512 GB SSD,4 GB NVIDIA GeForce RTX 2050,"14 inches, 1920 x 1200 pixels",Windows 11 OS,2 Year Warranty
357,Asus Vivobook Go 15 E1504FA-NJ549WS Laptop (Ryzen 5 7520U / 16GB/ 512GB SSD/ Win11 Home),"₹40,899",4.4,7th Gen AMD Ryzen 5 7520U,"Quad Core, 8 Threads",16 GB LPDDR5 RAM,512 GB SSD,AMD Radeon AMD,"15.6 inches, 1920 x 1080 pixels",Windows 11 OS,1 Year Warranty
358,MSI Cyborg 14 A13UCX-204IN Gaming Laptop (13th Gen Core i7/ 16GB/ 512GB SSD/ Win11/ 4GB Graph),"₹67,990",4.05,13th Gen Intel Core i7 13620H,"10 Cores (6P + 4E), 16 Threads",16 GB DDR5 RAM,512 GB SSD,4 GB NVIDIA GeForce RTX 2050,"14 inches, 1920 x 1200 pixels",Windows 11 OS,2 Year Warranty
359,MSI Cyborg 14 A13UDX-207IN Gaming Laptop (13th Gen Core i5/ 8GB/ 512GB SSD/ Win11/ 6GB Graph),"₹61,990",4.15,13th Gen Intel Core i5 13420H,"Octa Core (4P + 4E), 12 Threads",8 GB DDR5 RAM,512 GB SSD,6 GB NVIDIA GeForce RTX 3050,"14 inches, 1920 x 1200 pixels",Windows 11 OS,2 Year Warranty
360,Asus Vivobook Go 15 OLED E1504FAB-LK549WS Laptop (Ryzen 5 7520U / 16GB/ 512GB SSD/ Win11 Home),"₹46,990",4.7,7th Gen AMD Ryzen 5 7520U,"Quad Core, 8 Threads",16 GB LPDDR5 RAM,512 GB SSD,AMD Radeon AMD,"15.6 inches, 1920 x 1080 pixels",Windows 11 OS,1 Year Warranty
361,MSI Modern 14 C12MO-1213IN Laptop (12th Gen Core i3/ 16GB/ 512GB SSD/ Win11 Home),"₹30,890",4.05,12th Gen Intel Core i3 1215U,"Hexa Core (2P + 4E), 8 Threads",16 GB  RAM,512 GB SSD,Intel Iris Xe Graphics,"14 inches, 1920 x 1080 pixels",Windows 11 OS,1 Year Warranty
362,Lenovo Yoga Slim 7x 14Q8X9 83ED003BIN Laptop (Snapdragon X Elite/ 32GB/ 1TB SSD/ Windows 11 Home),"₹1,39,990",4.0,Qualcomm Snapdragon X Elite X1E-78-100,12 Cores,32 GB LPDDR5X RAM,1 TB SSD,Qualcomm Adreno,"14.5 inches, 2944 x 1840 pixels, Touch Screen",Windows 11 OS,1 Year Warranty
363,Asus TUF Gaming A15 FA506NF-HN578W Gaming Laptop (AMD Ryzen 5 7535HS/ 8GB/ 512GB SSD/ Win11 Pro/ 4GB Graph),"₹53,990",4.25,7th Gen AMD Ryzen 5 7535HS,"Hexa Core, 12 Threads",8 GB DDR4 RAM,512 GB SSD,4 GB NVIDIA GeForce RTX 2050,"15.6 inches, 1920 x 1080 pixels",Windows 11 OS,1 Year Warranty
364,HP Victus 15-fa1278TX Gaming Laptop (13th Gen Core i5/ 16GB/ 512GB SSD/ Win11/ 6GB RTX4050),"₹79,490",4.3,13th Gen Intel Core i5 13420H,"Octa Core (4P + 4E), 12 Threads",16 GB DDR4 RAM,512 GB SSD,6 GB NVIDIA GeForce RTX 4050,"15.6 inches, 1920 x 1080 pixels",Windows 11 OS,1 Year Warranty
365,HP Victus 15-FA1313TX Gaming Laptop (12th Gen Core i5/ 16GB/ 512GB SSD/ Win11 Home/ RTX 2050),"₹60,990",4.0,12th Gen Intel Core i5 12450H,"Octa Core (4P + 4E), 12 Threads",16 GB DDR4 RAM,512 GB SSD,4 GB NVIDIA GeForce RTX 2050,"15.6 inches, 1920 x 1080 pixels",Windows 11 OS,1 Year Warranty
366,Lenovo ThinkBook 16 G6 21KHA081IN Laptop (13th Gen Core i5/ 16GB/ 512GB SSD/ Win11 Home),"₹57,990",4.45,13th Gen Intel Core i5 1335U,"10 Cores (2P + 8E), 12 Threads",16 GB DDR5 RAM,512 GB SSD,Iris Xe Graphics,"16 inches, 1920 x 1080 pixels",Windows 11 OS,1 Year Warranty
367,Infinix INBook Y3 Max YL613 Laptop (12th Gen Core i7/ 16GB/ 512GB SSD/ Win 11),"₹39,999",4.35,12th Gen Intel Core i7 1255U,"10 Cores (2P + 8E), 12 Threads",16 GB LPDDR4X RAM,512 GB SSD,Intel Integrated UHD,"16 inches, 1920 x 1200 pixels",Windows 11 OS,1 Year Warranty
368,Lenovo ThinkPad E14 21JKS13J00 Laptop (13th Gen Core i7/ 16GB/ 1TB SSD/ Win11 Home),"₹91,990",4.1,13th Gen Intel Core i7 1355U,"10 Cores (2P + 8E), 12 Threads",16 GB DDR4 RAM,1 TB SSD,Intel Iris Xe Graphics comes,"14 inches, 1920 x 1200 pixels",Windows 11 OS,1 Year Warranty
369,Acer Aspire 7 A715-79G UN.34NSI.001 Gaming Laptop (13th Gen Core i5/ 8GB/ 512GB SSD/ Win11/ 4GB Graph),"₹54,990",4.6,13th Gen Intel Core i5 13420H,"Octa Core (4P + 4E), 12 Threads",8 GB DDR4 RAM,512 GB SSD,4 GB NVIDIA GeForce RTX 2050,"15.6 inches, 1920 x 1080 pixels",Windows 11 OS,1 Year Warranty
370,Acer Aspire 3 Spin 14 NX.KENSI.004 Laptop (Intel Core i3 N305/ 8GB/ 512GB SSD/ Win11 Pro),"₹41,990",4.2,Intel Core i3 N305,"Octa Core, 8 Threads",8 GB DDR4 RAM,512 GB SSD,Intel UHD Graphics,"14 inches, 1920 x 1200 pixels",Windows 11 OS,1 Year Warranty
371,Acer Aspire 5 NX.KHFSI.007 Laptop (13th Gen Core i5/ 16GB/ 512GB SSD/ Win11 Home),"₹44,990",4.5,13th Gen Intel Core i5 1335U,"10 Cores (2P + 8E), 12 Threads",16 GB LPDDR5 RAM,512 GB SSD,Intel Iris Xe Graphics,"15.6 inches, 1920 x 1080 pixels",Windows 11 OS,1 Year Warranty
372,Dell XPS 13 9340 Laptop (Intel Core Ultra 7 155H/ 32GB/ 1TB SSD/ Win11),"₹2,04,990",4.45,Intel Core Ultra 7 Series 1 155H,"16 Cores (6P + 8E + 2LP-E), 22 Threads",32 GB LPDDR5X RAM,1 TB SSD,Intel Arc graphics,"13.4 inches, 2880 x 1800 pixels, Touch Screen",Windows 11 OS,1 Year Warranty
373,Dell 3530 Inspiron 15 Laptop (13th Gen Core i5/ 16GB/ 1TB SSD/ Win11 Home),"₹58,790",4.15,13th Gen Intel Core i5 1334U,"10 Cores (2P + 8E), 12 Threads",16 GB DDR4 RAM,1 TB SSD,Intel Integrated Integrated,"15.6 inches, 1920 x 1080 pixels",Windows 11 OS,1 Year Warranty
374,Asus Vivobook S15 OLED S5504VA-MA943WS Laptop (13th Gen Core i9/ 16GB/ 512GB SSD/ Win11),"₹91,599",4.75,13th Gen Intel Core i9 13900H,"14 Cores (6P + 8E), 20 Threads",16 GB LPDDR5 RAM,512 GB SSD,Intel Iris Xe Graphics,"15.6 inches, 2880 x 1620 pixels",Windows 11 OS,1 Year Warranty
375,MSI Modern 15 B12MO-1006IN Laptop (12th Gen Core i7/ 16GB/ 512GB SSD/ Win11 Home),"₹54,990",4.1,12th Gen Intel Core i7 1255U,"10 Cores (2P + 8E), 12 Threads",16 GB DDR4 RAM,512 GB SSD,Intel Integrated Iris Xe,"15.6 inches, 1920 x 1080 pixels",Windows 11 OS,1 Year Warranty
376,HP 15-fd0129TU Laptop (13th Gen Core i3/ 8GB/ 512GB SSD/ Win11 Home),"₹42,990",4.55,13th Gen Intel Core i3 1315U,"Hexa Core (2P + 4E), 8 Threads",8 GB DDR4 RAM,512 GB SSD,Intel Integrated UHD,"15.6 inches, 1920 x 1080 pixels",Windows 11 OS,1 Year Warranty
377,MSI Modern 14 C12MO-1212IN Laptop (12th Gen Core i5/ 16GB/ 512GB SSD/ Win11 Home),"₹39,990",4.2,12th Gen Intel Core i5 1235U,"10 Cores (2P + 8E), 12 Threads",16 GB  RAM,512 GB SSD,Intel Iris Xe Graphics,"14 inches, 1920 x 1080 pixels",Windows 11 OS,1 Year Warranty
378,Lenovo ThinkPad E14 21JKS0X900 Laptop (13th Gen Core i5/ 16GB/ 1TB SSD/ Win11 Home),"₹74,990",4.3,13th Gen Intel Core i5 1335U,"10 Cores (2P + 8E), 12 Threads",16 GB DDR4 RAM,1 TB SSD,Intel Iris Xe Graphics comes,"14 inches, 1920 x 1200 pixels",Windows 11 OS,1 Year Warranty
379,Lenovo LOQ 2024 83GS0098IN Gaming Laptop (12th Gen Core i5/ 24GB/ 512GB SSD/ Win11/ 6GB RTX 3050 Graph),"₹72,490",4.1,12th Gen Intel Core i5 12450HX,"Octa Core (4P + 4E), 12 Threads",24 GB DDR5 RAM,512 GB SSD,6 GB NVIDIA GeForce RTX 3050,"15.6 inches, 1920 x 1080 pixels",Windows 11 OS,1 Year Warranty
380,Lenovo IdeaPad Slim 3 15IAH8 83ER00KPIN Laptop (12th Gen Core i5/ 16GB/ 512GB SSD/ Win11),"₹50,490",4.7,12th Gen Intel Core i5 12450H,"Octa Core (4P + 4E), 12 Threads",16 GB DDR4 RAM,512 GB SSD,Intel Integrated Iris Xe,"15.6 inches, 1920 x 1080 pixels",Windows 11 OS,1 Year Warranty
381,MSI Prestige 13 AI Plus Evo A2VMG-023IN Laptop (Intel Core Ultra 7 258V/ 32GB/ 1TB SSD/ Win11 Home),"₹1,26,990",4.4,Intel Core Ultra 7 258V,"Octa Core (4P + 4E), 8 Threads",32 GB LPDDR5X RAM,1 TB SSD,Intel Integrated Arc 140V,"13.3 inches, 2880 x 1800 pixels",Windows 11 OS,2 Year Warranty
382,MSI Thin 15 B12UC-2240IN Gaming Laptop (12th Gen Core i7/ 16GB/ 512GB SSD/ Win11 Home/ 4GB RTX3050 Graph),"₹69,500",4.0,12th Gen Intel Core i7 12650H,"10 Cores (6P + 4E), 16 Threads",16 GB DDR4 RAM,512 GB SSD,4 GB NVIDIA GeForce RTX 3050,"15.6 inches, 1920 x 1080 pixels",Windows 11 OS,2 Year Warranty
383,Lenovo IdeaPad Slim 3 ‎14IAH8 83EQ0073IN Laptop (12th Gen Core i5/ 16GB/ 512GB SSD/ Win11 Home),"₹52,170",4.65,12th Gen Intel Core i5 12450H,"Octa Core (4P + 4E), 12 Threads",16 GB LPDDR5 RAM,512 GB SSD,Intel Integrated UHD Graphics,"14 inches, 1920 x 1080 pixels",Windows 11 OS,1 Year Warranty
384,Dell Latitude 14 3440 Laptop (12th Gen Core i5/ 8GB/ 512GB SSD/ Win11),"₹55,990",4.45,12th Gen Intel Core i5 1235U,"10 Cores (2P + 8E), 12 Threads",8 GB DDR4 RAM,512 GB SSD,Intel Graphics,"14 inches, 1366 x 768 pixels",Windows 11 OS,1 Year Warranty
385,Asus E510KA-EJ001WS Laptop (Intel Celeron N4500/ 4GB/ 256GB SSD/ Win11 Home),"₹24,990",4.75,Intel Celeron N4500,"Dual Core, 2 Threads",4 GB DDR4 RAM,256 GB SSD,Intel Integrated HD,"15.6 inches, 1920 x 1080 pixels",Windows 11 OS,1 Year Warranty
386,Acer Aspire Lite AL15-53 Laptop (13th Gen Core i5/ 16GB/ 512GB SSD/ Win11),"₹48,999",4.35,13th Gen Intel Core i5 1334U,"10 Cores (2P + 8E), 12 Threads",16 GB DDR4 RAM,512 GB SSD,Intel UHD Graphics,"15.6 inches, 1920 x 1080 pixels",Windows 11 OS,1 Year Warranty
387,MSI Thin 15 B12UC-2239IN Gaming Laptop (12th Gen Core i7/ 16GB/ 1TB SSD/ Win11 Home/ 4GB Graph),"₹72,890",4.35,12th Gen Intel Core i7 12650H,"10 Cores (6P + 4E), 16 Threads",16 GB  RAM,1 TB SSD,4 GB NVIDIA GeForce RTX 3050,"15.6 inches, 1920 x 1080 pixels",Windows 11 OS,2 Year Warranty
388,HP 255 G10 B15J0PT Laptop (AMD Ryzen 5 7520U/ 8GB/ 512GB SSD/ Dos),"₹32,499",4.65,7th Gen AMD Ryzen 5 7520U,"Quad Core, 8 Threads",8 GB DDR4 RAM,512 GB SSD,AMD Radeon Graphics,"15.6 inches, 1366 x 768 pixels",DOS OS,1 Year Warranty
389,Asus V16 V3607 Laptop (13th Gen Core i5/ 16GB/ 512GB SSD/ Win11 / 6GB Graph),"₹1,09,900",4.2,13th Gen Intel Core i5 13420H,"Octa Core (4P + 4E), 12 Threads",16 GB DDR5 RAM,512 GB SSD,6 GB NVIDIA GeForce RTX 4050,"16 inches, 1920 x 1200 pixels",Windows 11 OS,1 Year Warranty
390,HP ZBook Firefly 16 G11 A1VX4PT Laptop (Intel Core Ultra 7/ 32GB/ 1TB SSD/ Win11/ 4GB Graphics),"₹1,51,999",4.0,Intel Core Ultra 7 Series 1 155H,"16 Cores (6P + 8E + 2LP-E), 22 Threads",32 GB DDR5 RAM,1 TB SSD,4 GB NVIDIA RTX A500,"16 inches, 1920 x 1200 pixels",Windows 11 OS,1 Year Warranty
391,Dell Latitude 3440 Laptop (13th Gen Core i7/ 8GB/ 512GB SSD/ Win11),"₹92,500",4.0,13th Gen Intel Core i7 1355U,"10 Cores (2P + 8E), 12 Threads",8 GB  RAM,512 GB SSD,Intel Graphics,"14 inches, 1920 x 1080 pixels",Windows 11 OS,1 Year Warranty
392,Dell 14 Latitude 3420 Laptop (11th Gen Core i3/ 8GB/ 512GB SSD/ DOS),"₹31,790",4.2,11th Gen Intel Core i3 1115G4,"Dual Core, 4 Threads",8 GB DDR4 RAM,512 GB SSD,Intel UHD Graphics,"14 inches, 1920 x 1080 pixels",DOS OS,1 Year Warranty
393,Asus ExpertBook B5 B5404 Laptop (Intel Core Ultra 7 Processor/ 16 GB/ 1TB SSD/ Win11),"₹99,990",4.1,Intel Core Ultra 7 Series 1 155H,"16 Cores (6P + 8E + 2LP-E), 22 Threads",16 GB DDR4 RAM,1 TB SSD,Intel Graphics,"14 inches, 1920 x 1080 pixels",Windows 11 OS,1 Year Warranty
394,Acer AL15-41 Aspire Lite 15 Laptop (AMD Ryzen 5 5625U/ 8GB/ 512GB SSD/ Win11),"₹31,490",4.75,5th Gen AMD Ryzen 5 5625U,"Hexa Core, 12 Threads",8 GB DDR4 RAM,512 GB SSD,AMD Graphics,"15.6 inches, 1920 x 1080 pixels",Windows 11 OS,1 Year Warranty
395,Dell XPS 13 9350 Laptop (Intel Ultra 7 Series 2 258V/ 32GB/ 1TB SSD/ Win11),"₹2,08,290",4.15,Intel Core Ultra 7 Series 2 258V,"Octa Core (4P + 4E), 8 Threads",32 GB LPDDR5 RAM,1 TB SSD,Intel Arc Graphics,"13.4 inches, 2880 x 1800 pixels, Touch Screen",Windows 11 OS,1 Year Warranty
396,HP 240R G9 Laptop (13th Gen Core i3/ 16GB/ 512GB SSD/ Win11),"₹32,209",4.45,12th Gen Intel Core i3 1315U,"Hexa Core (2P + 4E), 8 Threads",16 GB  RAM,512 GB SSD,Intel Integrated Graphics,"14 inches, 1366 x 720 pixels",Windows 11 OS,1 Year Warranty
397,HP 245 G10 Laptop (AMD Ryzen 5 7530U/ 8 GB RAM/ 512 GB SSD/ Win11),"₹36,990",4.3,7th Gen AMD Ryzen 5 7530U,"Hexa Core, 12 Threads",8 GB DDR4 RAM,512 GB SSD,AMD Radeon Graphics,"14 inches, 1366 x 768 pixels",Windows OS,1 Year Warranty
398,HP 247 G8 Laptop (AMD Ryzen 5 3500U/ 16GB/ 512GB SSD/Win11),"₹32,849",4.25,3rd Gen AMD Ryzen 5 3500U,"Quad Core, 8 Threads",16 GB  RAM,512 GB SSD,AMD Radeon Graphics,"14 inches, 1366 x 768 pixels",Windows 11 OS,1 Year Warranty
399,Dell 14 Inspiron 5440 Laptop (13th Gen Core i5/ 16GB/ 1TB SSD/ Win11),"₹67,985",4.1,13th Gen Intel Core i5 1334U,"10 Cores (2P + 8E), 12 Threads",16 GB  RAM,1 TB SSD,Intel Graphics,"14 inches, 1920 x 1200 pixels",Windows 11 OS,1 Year Warranty
400,Acer Aspire 3 A325-42 UN.34QSI.003 Laptop (AMD Ryzen 7 7730U/ 16GB/ 512GB SSD/ Win11),"₹41,999",4.55,7th Gen AMD Ryzen 7 7730U,"Octa Core, 16 Threads",16 GB LPDDR4X RAM,512 GB SSD,Intel UHD,"15.8 inches, 1920 x 1080 pixels",Windows 11 OS,1 Year Warranty
401,MSI Sword 16 HX B13VFKG-652IN Gaming Laptop (13th Gen Core i9/ 32GB/ 1TB SSD/ Win11/ 8GB RTX4060),"₹1,39,990",4.6,13th Gen Intel Core i9 13980HX,"24 Cores (8P + 16E), 32 Threads",32 GB DDR5 RAM,1 TB SSD,8 GB NVIDIA GeForce RTX 4060,"16 inches, 1920 x 1200 pixels",Windows 11 OS,2 Year Warranty
402,Acer Aspire 3 A325-42 UN.34QSI.004 Laptop (AMD Ryzen 7 7730U/ 16GB/ 1TB SSD/ Win11),"₹47,490",4.45,7th Gen AMD Ryzen 7 7730U,"Octa Core, 16 Threads",16 GB LPDDR4X RAM,1 TB SSD,Intel UHD,"15.8 inches, 1920 x 1080 pixels",Windows 11 OS,1 Year Warranty
403,Lenovo IdeaPad 5 14IRH9 83KX0018IN Laptop (13th Gen Core i5/ 16GB/ 512GB SSD/ Win11 Home),"₹72,190",4.05,13th Gen Intel Core i5 13420H,"Octa Core (4P + 4E), 12 Threads",16 GB LPDDR5X RAM,512 GB SSD,Intel Integrated UHD,"14 inches, 1920 x 1200 pixels, Touch Screen",Windows 11 OS,1 Year Warranty
404,Asus Vivobook 16X K3605ZC-RP628WS Laptop (12th Gen Core i7/ 16GB/ 512GB SSD/ Win11/ 4GB RTX3050),"₹75,990",4.6,12th Gen Intel Core i7 12700H,"14 Cores (6P + 8E), 20 Threads",16 GB DDR4 RAM,512 GB SSD,4 GB NVIDIA GeForce RTX 3050,"16 inches, 1920 x 1200 pixels",Windows 11 OS,1 Year Warranty
405,HP ZBook Firefly 14 G11 A1VR2PT Laptop (Intel Core Ultra 7/16 GB/1TB SSD/Win11),"₹1,24,599",4.15,Intel Core Ultra 7 Series 1 155H,"16 Cores (6P + 8E + 2LP-E), 22 Threads",16 GB DDR5 RAM,1 TB SSD,Intel Arc Graphics,"14 inches, 1920 x 1200 pixels",Windows 11 OS,1 Year Warranty
406,Acer Aspire 3 15 A325-42 Laptop (AMD Ryzen 5 7430U/ 16GB/ 512GB SSD/ Win11),"₹38,990",4.05,7th Gen AMD Ryzen 5 7430U,"Hexa Core, 12 Threads",16 GB DDR4 RAM,512 GB SSD,AMD Graphics,"15.8 inches, 1920 x 1080 pixels",Windows 11 OS,1 Year Warranty
407,Lenovo Yoga 7 14IRL8 82YL00AYIN Laptop (13th Gen Core i5/ 16GB/ 512GB SSD/ Win11 Home),"₹86,190",4.35,13th Gen Intel Core i5 1340P,"12 Cores (4P + 8E), 16 Threads",16 GB LPDDR5 RAM,512 GB SSD,Integrated Intel Iris Xe Graphics,"14 inches, 1920 x 1200 pixels, Touch Screen",Windows 11 OS,1 Year Warranty
408,Acer Aspire 3 A325-42 Laptop (AMD Ryzen 5 7430U/ 8GB/ 512GB SSD/ Win11),"₹36,490",4.15,7th Gen AMD Ryzen 5 7430U,"Hexa Core, 12 Threads",8 GB DDR4 RAM,512 GB SSD,AMD Graphics,"15.8 inches, 1920 x 1080 pixels",Windows 11 OS,1 Year Warranty
409,Asus TUF Gaming A15 FA566NFR-HN045WS Laptop (AMD Ryzen 7 7435HS/ 16GB / 512GB SSD/ Win11/ 4GB Graph),"₹60,990",4.65,7th Gen AMD Ryzen 7 7435HS,"Octa Core, 16 Threads",16 GB DDR5 RAM,512 GB SSD,4 GB NVIDIA GeForce RTX 2050,"15.6 inches, 1920 x 1080 pixels",Windows 11 OS,1 Year Warranty
410,Lenovo Thinkpad E14 G5 21JKS0LK00 Laptop (13th Gen Core i5/ 16GB/ 512GB SSD/ Win11),"₹69,990",4.5,13th Gen Intel Core i5 1335U,"10 Cores (2P + 8E), 12 Threads",16 GB DDR4 RAM,512 GB SSD,Intel UHD Graphics,"14 inches, 1920 x 1200 pixels",Windows 11 OS,1 Year Warranty
411,Lenovo IdeaPad Slim 3 15IRU8 82X700C8IN Laptop (13th Gen Core i3/ 8GB/ 512GB SSD/ Win11 Home),"₹38,790",4.15,13th Gen Intel Core i3 1305U,"5 Cores (1P + 4E), 6 Threads",8 GB  RAM,512 GB SSD,Intel UHD Graphics,"15.6 inches, 1920 x 1080 pixels",Windows 11 OS,1 Year Warranty
412,Acer ALG ‎AL15G-53 Gaming Laptop (13th Gen Intel Core i7/ 16GB/ 512GB SSD/ Win11/ 6GB RTX 3050 Graphics),"₹66,291",4.0,13th Gen Intel Core i7 13620H,"10 Cores (6P + 4E), 16 Threads",16 GB DDR4 RAM,512 GB SSD,6 GB NVIDIA GeForce RTX 3050,"15.6 inches, 1920 x 1080 pixels",Windows 11 OS,1 Year Warranty
413,Lenovo Legion Slim 5 16AHP9 83DH0053IN Gaming Laptop (AMD Ryzen 7 8845HS/ 16GB/ 1TB SSD/ Win11/ 8GB Graph),"₹1,42,190",4.05,8th Gen AMD Ryzen 7 8845HS,"Octa Core, 16 Threads",16 GB DDR5 RAM,1 TB SSD,8 GB NVIDIA GeForce RTX 4060,"16 inches, 2560 x 1600 pixels",Windows 11 OS,1 Year Warranty
414,Lenovo IdeaPad Slim 3 15IAH8 83ER00H3IN Laptop (12th Gen Core i5/ 8GB/ 512GB SSD/ Win11 Home),"₹50,090",4.35,12th Gen Intel Core i5 12450H,"Octa Core (4P + 4E), 12 Threads",8 GB LPDDR5 RAM,512 GB SSD,Intel Integrated UHD Graphics,"15.6 inches, 1920 x 1080 pixels",Windows 11 OS,1 Year Warranty
415,Asus ProArt PZ13 HT5306QA-LX002W OLED Laptop (Snapdragon X Plus X1P 42 100/ 16GB/1TB SSD/ Win11),"₹1,39,990",4.6,Qualcomm Snapdragon X Plus X1P 42 100,16 GB LPDDR5X RAM,1 TB SSD,Qualcomm Adreno GPU,"13.3 inches, 2880 x 1800 pixels, Touch Screen",Windows 11 OS,1 Year Warranty,
416,HP 15-fd0112TU Laptop (12th Gen Core i5/ 8GB/ 1TB SSD/ Win11 Home),"₹51,900",4.2,12th Gen Intel Core i5 1235U,"10 Cores (2P + 8E), 12 Threads",8 GB DDR4 RAM,1 TB SSD,Intel Integrated Iris Xe,"15.6 inches, 1920 x 1080 pixels",Windows 11 OS,1 Year Warranty
417,Honor MagicBook Art 14 2024 Laptop (Snapdragon X Elite/ 32GB/ 1TB SSD/ Win11 Home),"₹89,990",4.4,Qualcomm Snapdragon X Elite,32 GB LPDDR5 RAM,1 TB SSD,Qualcomm Adreno Graphics,"14.6 inches, 3120 x 2080 pixels, Touch Screen",Windows 11 OS,1 Year Warranty,Backlit Keyboard
418,Chuwi CoreBook X Laptop (12th Gen Core i5/ 16GB/ 512GB SSD/ Win11),"₹41,990",4.1,12th Gen Intel Core i5 12450H,"Octa Core (4P + 4E), 12 Threads",16 GB DDR4 RAM,512 GB SSD,Intel HD Graphics,"15.6 inches, 1920 x 1080 pixels",Windows 11 OS,1 Year Warranty
419,Lenovo IdeaPad 3 82RK017PIN Laptop (12th Gen Core i3/ 8GB/ 512GB SSD/ Win11),"₹33,990",4.65,12th Gen Intel Core i3 1215U,"Hexa Core (2P + 4E), 8 Threads",8 GB DDR4 RAM,512 GB SSD,‎Intel UHD Graphics,"15.6 inches, 1920 x 1080 pixels",Windows 11 OS,1 Year Warranty
420,Acer Swift Go 14 AI Laptop (Snapdragon X Plus X1P-42-100/ 16GB/ 1TB SSD/ Win11 Home),"₹89,990",4.65,Intel Snapdragon X Plus X1P-42-100,Octa Core,16 GB LPDDR5X RAM,1 TB SSD,Qualcomm Adreno GPU,"14 inches, 1920 x 1200 pixels, Touch Screen",Windows 11 OS,1 Year Warranty
421,Asus Vivobook 16X K3605ZC-RP587WS Laptop (12th Gen Core i5/ 16GB/ 512GB SSD/ Win11/ 4GB Graph),"₹69,990",4.5,12th Gen Intel Core i5 12500H,"12 Cores (4P + 8E), 16 Threads",16 GB DDR4 RAM,512 GB SSD,4 GB NVIDIA GeForce RTX 3050,"16 inches, 1920 x 1200 pixels",Windows 11 OS,1 Year Warranty
422,Asus Vivobook 16X K3605ZF-RP258WS Laptop (12th Gen Core i5/ 16GB/ 512GB SSD/ Win11/ 4GB Graph),"₹64,990",4.05,12th Gen Intel Core i5 12500H,"12 Cores (4P + 8E), 16 Threads",16 GB DDR4 RAM,512 GB SSD,4 GB NVIDIA GeForce RTX 2050,"16 inches, 1920 x 1200 pixels",Windows 11 OS,1 Year Warranty
423,Asus TUF Gaming A15 2024 FA507UV-LP137WS Gaming Laptop (AMD Ryzen 9 8945H/ 16GB/ 1TB SSD/ Win11/ 8GB Graph),"₹1,24,990",4.75,8th Gen AMD Ryzen 9 8945H,"Octa Core, 16 Threads",16 GB DDR5 RAM,1 TB SSD,8 GB NVIDIA GeForce RTX 4060,"15.6 inches, 1920 x 1080 pixels",Windows 11 OS,1 Year Warranty
424,Acer Swift Go 14 SFG14-41 NX.KG3SI.008 Laptop (AMD Ryzen 7 7730U/ 16GB/ 1TB SSD/ Win11),"₹52,990",4.3,7th Gen AMD Ryzen 7 7730U,"Octa Core, 16 Threads",16 GB  RAM,1 TB SSD,AMD Radeon Graphics,"14 inches, 1920 x 1080 pixels",Windows 11 OS,1 Year Warranty
425,MSI Raider A18 HX A7VHG-017IN Gaming Laptop (AMD Ryzen 9 7945HX/ 32GB/ 1TB SSD/ Win11/ 12GB RTX 4080 Graphics ),"₹2,69,990",4.1,7th Gen AMD Ryzen 9 7945HX,"16 Cores, 32 Threads",32 GB DDR5 RAM,1 TB SSD,12 GB NVIDIA GeForce RTX 4080,"18 inches, 2560 x 1600 pixels",Windows 11 OS,2 Year Warranty
426,Acer Aspire Lite 15 AL15-52H Laptop (12th Gen Core i5/ 12GB/ 512GB SSD/ Win11),"₹45,990",4.4,12th Gen Intel Core i5 12450H,"Octa Core (4P + 4E), 12 Threads",12 GB DDR4 RAM,512 GB SSD,Intel UHD Graphics,"15.6 inches, 1920 x 1080 pixels",Windows 11 OS,1 Year Warranty
427,Lenovo Yoga Slim 7 14IMH9 83CV003MIN Laptop (Intel Core Ultra 5 125H/ 16GB/ 512GB SSD/ Win11),"₹85,190",4.2,Intel Core Ultra 5 Series 1 125H,"14 Cores (4P + 8E + 2LP-E), 18 Threads",16 GB LPDDR5x RAM,512 GB SSD,Integrated Intel Arc Graphics,"14 inches, 1920 x 1200 pixels",Windows 11 OS,1 Year Warranty
428,Asus Vivobook S 15 OLED S5507QA-MA551WS Laptop (Snapdragon X Plus X1P 42 100/ 16GB/ 1TB SSD/ Win11),"₹90,990",4.5,Qualcomm Snapdragon X Plus X1P 42,16 GB LPDDR5X RAM,1 TB SSD,Qualcomm Adreno GPU,"15.6 inches, 2880 x 1620 pixels",Windows 11 OS,1 Year Warranty,Backlit Keyboard
429,MSI Creator M16 HX C14VFG-618IN Laptop (14th Gen Core i7/ 32GB/ 1TB SSD/ Win11/ 8GB RTX4060),"₹1,49,990",4.25,14th Gen Intel Core i7 14700HX,"20 Cores (8P + 12E), 28 Threads",32 GB DDR5 RAM,1 TB SSD,8 GB NVIDIA GeForce RTX 4060,"16 inches, 2560 x 1600 pixels",Windows 11 OS,2 Year Warranty
430,Acer Aspire 3 A324-51 UN.343SI.00D Laptop (12th Gen Core i3/ 16GB/ 512GB SSD/ Win11),"₹33,990",4.65,12th Gen Intel Core i3 1215U,"Hexa Core (2P + 4E), 8 Threads",16 GB DDR4 RAM,512 GB SSD,Intel Integrated UHD,"14 inches, 1920 x 1080 pixels",Windows 11 OS,1 Year Warranty
431,Asus TUF Gaming 14 FA401UU-RG033WS Gaming Laptop (AMD Ryzen 7 8845HS/ 16GB/ 1TB SSD/ Win11 Home/ 6GB Graph),"₹1,19,900",4.25,8th Gen AMD Ryzen 7 8845HS,"Octa Core, 16 Threads",16 GB LPDDR5X RAM,1 TB SSD,6 GB NVIDIA GeForce RTX 4050,"14 inches, 2560 x 1600 pixels",Windows 11 OS,1 Year Warranty
432,MSI Creator M16 HX C14VEG-619IN Laptop (14th Gen Core i7/ 32GB/ 1TB SSD/ Win11/ 6GB RTX4050),"₹1,39,990",4.2,14th Gen Intel Core i7 14700HX,"20 Cores (8P + 12E), 28 Threads",32 GB DDR5 RAM,1 TB SSD,6 GB NVIDIA GeForce RTX 4050,"16 inches, 2560 x 1600 pixels",Windows 11 OS,2 Year Warranty
433,Asus ProArt PX13 OLED HN7306WU-LX001WS Creator Laptop (AMD Ryzen AI 9 365/ 24GB/1TB SSD/ 6GB RTX 4050 Graphics),"₹1,79,990",4.7,AMD Ryzen AI 9 365,"10 Cores (4P + 6E), 20 Threads",24 GB LPDDR5X RAM,1 TB SSD,6 GB NVIDIA GeForce RTX 4050,"13.3 inches, 2880 x 1800 pixels, Touch Screen",Windows 11 OS,1 Year Warranty
434,Asus TUF Gaming FA401WV-RG037WS Laptop (AMD Ryzen 9 AI HX 370/ 32GB/ 2TB SSD/ Win11/ 8GB Graph),"₹1,44,491",4.0,AMD Ryzen AI 9 HX 370,"12 Cores (4P + 8E), 24 Threads",32 GB LPDDR5X RAM,2 TB SSD,8 GB NVIDIA GeForce RTX 4060,"14 inches, 2560 x 1600 pixels",Windows 11 OS,1 Year Warranty
435,MSI Cyborg 14 A13VE-201IN Gaming Laptop (13th Gen Core i7/ 16GB/ 512GB SSD/ Win11/ 6GB Graph),"₹89,990",4.2,13th Gen Intel Core i7 13620H,"10 Cores (6P + 4E), 16 Threads",16 GB DDR5 RAM,512 GB SSD,6 GB Nvidia GeForce RTX 4050,"14 inches, 1920 x 1200 pixels",Windows 11 OS,2 Year Warranty
436,Asus Vivobook S 14 OLED M5406WA-PP961WS Laptop (AMD Ryzen 9 HX 370/ 24GB/ 512GB SSD/ Win11),"₹1,04,890",4.3,AMD Ryzen AI 9 HX 370,"12 Cores (4P + 8E), 24 Threads",24 GB LPDDR5X RAM,512 GB SSD,AMD Radeon AMD,"14 inches, 2880 x 1800 pixels",Windows 11 OS,1 Year Warranty
437,MSI Cyborg 14 A13UCX-206IN Gaming Laptop (13th Gen Core i5/ 8GB/ 512GB SSD/ Win11/ 4GB Graph),"₹56,990",4.5,13th Gen Intel Core i5 13420H,"Octa Core (4P + 4E), 12 Threads",8 GB DDR5 RAM,512 GB SSD,4 GB NVIDIA GeForce RTX 2050,"14 inches, 1920 x 1200 pixels",Windows 11 OS,2 Year Warranty
438,MSI Cyborg 14 A13UCX-204IN Gaming Laptop (13th Gen Core i7/ 16GB/ 512GB SSD/ Win11/ 4GB Graph),"₹67,990",4.05,13th Gen Intel Core i7 13620H,"10 Cores (6P + 4E), 16 Threads",16 GB DDR5 RAM,512 GB SSD,4 GB NVIDIA GeForce RTX 2050,"14 inches, 1920 x 1200 pixels",Windows 11 OS,2 Year Warranty
439,MSI Cyborg 14 A13UDX-207IN Gaming Laptop (13th Gen Core i5/ 8GB/ 512GB SSD/ Win11/ 6GB Graph),"₹61,990",4.15,13th Gen Intel Core i5 13420H,"Octa Core (4P + 4E), 12 Threads",8 GB DDR5 RAM,512 GB SSD,6 GB NVIDIA GeForce RTX 3050,"14 inches, 1920 x 1200 pixels",Windows 11 OS,2 Year Warranty
440,Asus Vivobook Go 15 OLED E1504FAB-LK549WS Laptop (Ryzen 5 7520U / 16GB/ 512GB SSD/ Win11 Home),"₹50,670",4.7,7th Gen AMD Ryzen 5 7520U,"Quad Core, 8 Threads",16 GB LPDDR5 RAM,512 GB SSD,AMD Radeon AMD,"15.6 inches, 1920 x 1080 pixels",Windows 11 OS,1 Year Warranty
441,MSI Modern 14 C12MO-1213IN Laptop (12th Gen Core i3/ 16GB/ 512GB SSD/ Win11 Home),"₹31,500",4.05,12th Gen Intel Core i3 1215U,"Hexa Core (2P + 4E), 8 Threads",16 GB  RAM,512 GB SSD,Intel Iris Xe Graphics,"14 inches, 1920 x 1080 pixels",Windows 11 OS,1 Year Warranty
442,HP ZBook Power G11 A8WN1PT Laptop (Intel Core Ultra 7/16 GB/1TB SSD/Win11/6GB Graphics),"₹1,96,999",4.45,Intel Core Ultra 7 Series 1 155H,"16 Cores (6P + 8E + 2LP-E), 22 Threads",16 GB DDR5 RAM,1 TB SSD,6 GB NVIDIA RTX A1000,"16 inches, 1920 x 1200 pixels",Windows 11 OS,1 Year Warranty
443,Lenovo Yoga Slim 7x 14Q8X9 83ED003BIN Laptop (Snapdragon X Elite/ 32GB/ 1TB SSD/ Windows 11 Home),"₹1,40,190",4.0,Qualcomm Snapdragon X Elite X1E-78-100,12 Cores,32 GB LPDDR5X RAM,1 TB SSD,Qualcomm Adreno,"14.5 inches, 2944 x 1840 pixels, Touch Screen",Windows 11 OS,1 Year Warranty
444,Asus VivoBook 15 X1504ZA-NJ341W Laptop (12th Gen Core i3/ 16GB/ 512GB SSD/ Win11),"₹37,800",4.5,12th Gen Intel Core i3 1215U,"Hexa Core (2P + 4E), 8 Threads",16 GB DDR4 RAM,512 GB SSD,Integrated Intel UHD Graphics,"15.6 inches, 1920 x 1080 pixels",Windows 11 OS,1 Year Warranty
445,Asus TUF Gaming A15 FA506NF-HN578W Gaming Laptop (AMD Ryzen 5 7535HS/ 8GB/ 512GB SSD/ Win11 Pro/ 4GB Graph),"₹54,990",4.25,7th Gen AMD Ryzen 5 7535HS,"Hexa Core, 12 Threads",8 GB DDR4 RAM,512 GB SSD,4 GB NVIDIA GeForce RTX 2050,"15.6 inches, 1920 x 1080 pixels",Windows 11 OS,1 Year Warranty
446,Infinix INBook Y3 Max YL613 Laptop (12th Gen Core i5/ 16GB/ 512GB SSD/ Win 11),"₹69,990",4.6,12th Gen Intel Core i5 1235U,"10 Cores (2P + 8E), 12 Threads",16 GB LPDDR4X RAM,512 GB SSD,Intel Integrated UHD,"16 inches, 1920 x 1200 pixels",Windows 11 OS,1 Year Warranty
447,HP Victus 15-FA1313TX Gaming Laptop (12th Gen Core i5/ 16GB/ 512GB SSD/ Win11 Home/ RTX 2050),"₹60,990",4.0,12th Gen Intel Core i5 12450H,"Octa Core (4P + 4E), 12 Threads",16 GB DDR4 RAM,512 GB SSD,4 GB NVIDIA GeForce RTX 2050,"15.6 inches, 1920 x 1080 pixels",Windows 11 OS,1 Year Warranty
448,Lenovo ThinkBook 16 G6 21KHA081IN Laptop (13th Gen Core i5/ 16GB/ 512GB SSD/ Win11 Home),"₹57,980",4.45,13th Gen Intel Core i5 1335U,"10 Cores (2P + 8E), 12 Threads",16 GB DDR5 RAM,512 GB SSD,Iris Xe Graphics,"16 inches, 1920 x 1080 pixels",Windows 11 OS,1 Year Warranty
449,HP 15-fd0111TU Laptop (12th Gen Core i5/ 16GB/ 512GB SSD/ Win11 Home),"₹49,300",4.2,12th Gen Intel Core i5 1235U,"10 Cores (2P + 8E), 12 Threads",16 GB DDR4 RAM,512 GB SSD,Intel Integrated Iris Xe,"15.6 inches, 1920 x 1080 pixels",Windows 11 OS,1 Year Warranty
450,Lenovo ThinkPad E14 21JKS13J00 Laptop (13th Gen Core i7/ 16GB/ 1TB SSD/ Win11 Home),"₹89,399",4.1,13th Gen Intel Core i7 1355U,"10 Cores (2P + 8E), 12 Threads",16 GB DDR4 RAM,1 TB SSD,Intel Iris Xe Graphics comes,"14 inches, 1920 x 1200 pixels",Windows 11 OS,1 Year Warranty
451,Acer Aspire 7 A715-79G UN.34NSI.001 Gaming Laptop (13th Gen Core i5/ 8GB/ 512GB SSD/ Win11/ 4GB Graph),"₹59,990",4.6,13th Gen Intel Core i5 13420H,"Octa Core (4P + 4E), 12 Threads",8 GB DDR4 RAM,512 GB SSD,4 GB NVIDIA GeForce RTX 2050,"15.6 inches, 1920 x 1080 pixels",Windows 11 OS,1 Year Warranty
452,Dell Inspiron 5445 Laptop (AMD Ryzen 5 8540U/ 16GB/ 512GB SSD/ Windows 11 Home),"₹60,390",4.6,8th Gen AMD Ryzen 5 8540U,"Hexa Core, 12 Threads",16 GB DDR5 RAM,512 GB SSD,AMD Radeon Graphics,"14 inches, 1920 x 1200 pixels",Windows 11 OS,1 Year Warranty
453,MSI Modern 14 C12MO-1249IN Laptop (12th Gen Core i5/ 8GB/ 512GB SSD/ Win11 Home),"₹36,990",4.65,12th Gen Intel Core i5 1235U,"10 Cores (2P + 8E), 12 Threads",8 GB DDR4 RAM,512 GB SSD,Intel Iris Xe Graphics,"14 inches, 1920 x 1080 pixels",Windows 11 OS,1 Year Warranty
454,Acer Aspire 3 Spin 14 NX.KENSI.004 Laptop (Intel Core i3 N305/ 8GB/ 512GB SSD/ Win11 Pro),"₹41,990",4.2,Intel Core i3 N305,"Octa Core, 8 Threads",8 GB DDR4 RAM,512 GB SSD,Intel UHD Graphics,"14 inches, 1920 x 1200 pixels",Windows 11 OS,1 Year Warranty
455,Gigabyte Aorus 16X ASG-63INC65SH Gaming Laptop (14th Gen Core i9/ 32GB/ 2TB SSD/ Win11 Home/ 8GB Graph),"₹2,00,915",4.45,14th Gen Intel Core i9 14900HX,"24 Cores (8P + 16E), 32 Threads",32 GB DDR5 RAM,2 TB SSD,8 GB NVIDIA GeForce RTX 4070,"16 inches, 2560 x 1600 pixels",Windows 11 OS,2 Year Warranty
456,Acer Aspire 5 NX.KHFSI.007 Laptop (13th Gen Core i5/ 16GB/ 512GB SSD/ Win11 Home),"₹49,990",4.5,13th Gen Intel Core i5 1335U,"10 Cores (2P + 8E), 12 Threads",16 GB LPDDR5 RAM,512 GB SSD,Intel Iris Xe Graphics,"15.6 inches, 1920 x 1080 pixels",Windows 11 OS,1 Year Warranty
457,HP Pavilion 16 AI 16-ag0019AU Laptop (AMD Ryzen 5 8540U/ 16GB / 512GB SSD/ Win11),"₹62,990",4.2,8th Gen AMD Ryzen 5 8540U,"Hexa Core, 12 Threads",16 GB LPDDR5 RAM,512 GB SSD,AMD Radeon AMD,"16 inches, 1920 x 1200 pixels",Windows 11 OS,1 Year Warranty
458,MSI Stealth 18 Mercedes AMG Motorsport Gaming Laptop (Intel Core Ultra 9/ 32GB/ 1TB SSD/ Win11 Home/ 12GB Graph),"₹3,19,990",4.0,Intel Core Ultra 9 Series 1 185H,"16 Cores (6P + 8E + 2LP-E), 22 Threads",32 GB DDR5 RAM,1 TB SSD,12 GB NVIDIA GeForce RTX 4080,"18 inches, 3840 x 2400 pixels",Windows 11 OS,2 Year Warranty
459,Apple MacBook Air 2024 MXCR3HN/A Laptop (Apple M3/ 16GB/ 1TB SSD/ MacOS),"₹1,74,900",4.25,Apple M3,Octa Core (4P + 4E),16 GB  RAM,1 TB SSD,Apple 10 Core GPU,"13.6 inches, 2560 x 1664 pixels",Mac OS,1 Year Warranty
460,HP 15-fd0129TU Laptop (13th Gen Core i3/ 8GB/ 512GB SSD/ Win11 Home),"₹38,880",4.55,13th Gen Intel Core i3 1315U,"Hexa Core (2P + 4E), 8 Threads",8 GB DDR4 RAM,512 GB SSD,Intel Integrated UHD,"15.6 inches, 1920 x 1080 pixels",Windows 11 OS,1 Year Warranty
461,Asus Vivobook S15 OLED S5504VA-MA943WS Laptop (13th Gen Core i9/ 16GB/ 512GB SSD/ Win11),"₹91,990",4.75,13th Gen Intel Core i9 13900H,"14 Cores (6P + 8E), 20 Threads",16 GB LPDDR5 RAM,512 GB SSD,Intel Iris Xe Graphics,"15.6 inches, 2880 x 1620 pixels",Windows 11 OS,1 Year Warranty
462,MSI Modern 15 B12MO-1006IN Laptop (12th Gen Core i7/ 16GB/ 512GB SSD/ Win11 Home),"₹52,990",4.1,12th Gen Intel Core i7 1255U,"10 Cores (2P + 8E), 12 Threads",16 GB DDR4 RAM,512 GB SSD,Intel Integrated Iris Xe,"15.6 inches, 1920 x 1080 pixels",Windows 11 OS,1 Year Warranty
463,MSI Modern 15  B12MO-1007IN Laptop (12th Gen Core i5/ 16GB/ 512GB SSD/ Win11 Home),"₹44,490",4.75,12th Gen Intel Core i5 1235U,"10 Cores (2P + 8E), 12 Threads",16 GB DDR4 RAM,512 GB SSD,Intel Integrated Iris Xe,"15.6 inches, 1920 x 1080 pixels",Windows 11 OS,1 Year Warranty
464,Dell 3530 Inspiron 15 Laptop (13th Gen Core i5/ 16GB/ 1TB SSD/ Win11 Home),"₹57,490",4.15,13th Gen Intel Core i5 1334U,"10 Cores (2P + 8E), 12 Threads",16 GB DDR4 RAM,1 TB SSD,Intel Integrated Integrated,"15.6 inches, 1920 x 1080 pixels",Windows 11 OS,1 Year Warranty
465,Lenovo ThinkPad E14 21JKS0X900 Laptop (13th Gen Core i5/ 16GB/ 1TB SSD/ Win11 Home),"₹74,990",4.3,13th Gen Intel Core i5 1335U,"10 Cores (2P + 8E), 12 Threads",16 GB DDR4 RAM,1 TB SSD,Intel Iris Xe Graphics comes,"14 inches, 1920 x 1200 pixels",Windows 11 OS,1 Year Warranty
466,Lenovo LOQ 2024 83GS0098IN Gaming Laptop (12th Gen Core i5/ 24GB/ 512GB SSD/ Win11/ 6GB RTX 3050 Graph),"₹74,690",4.1,12th Gen Intel Core i5 12450HX,"Octa Core (4P + 4E), 12 Threads",24 GB DDR5 RAM,512 GB SSD,6 GB NVIDIA GeForce RTX 3050,"15.6 inches, 1920 x 1080 pixels",Windows 11 OS,1 Year Warranty
467,Thomson Neo 15 IN-N15I312-8GR512 Laptop (12th Gen Core i3/ 8GB/ 512GB SSD/Win11 Home),"₹27,990",4.4,12th Gen Intel Core i3 1215U,"Hexa Core (2P + 4E), 8 Threads",8 GB LPDDR4 RAM,512 GB SSD,Intel Integrated,"15.6 inches, 1920 x 1080 pixels",Windows 11 OS,1 Year Warranty
468,Huawei MateBook GT 14 Laptop (Intel Core Ultra 9 185H/ 32GB/ 2TB SSD/ Win11),"₹1,27,990",4.35,Intel Core Ultra 9 Series 1 185H,"16 Cores (6P + 8E + 2LP-E), 22 Threads",32 GB  RAM,2 TB SSD,Intel Arc Graphics,"14.2 inches, 1920 x 2880 pixels, Touch Screen",Windows 11 OS,1 Year Warranty
469,HP Victus 15-fa1321TX Gaming Laptop (13th Gen Core i7/ 16GB/ 512GB SSD/ Win11 Home/ 6GB RTX3050 Graph),"₹83,990",4.45,13th Gen Intel Core i7 13620H,"10 Cores (6P + 4E), 16 Threads",16 GB DDR4 RAM,512 GB SSD,6 GB NVIDIA GeForce RTX 3050,"15.6 inches, 1920 x 1080 pixels",Windows 11 OS,1 Year Warranty
470,Asus TUF Gaming A15 FA506NCR-HN075WS Laptop (AMD Ryzen 7 7435HS/ 16GB / 512GB SSD/ Win11 Home / 4GB Graph),"₹66,990",4.7,7th Gen AMD Ryzen 7 7435HS,"Octa Core, 16 Threads",16 GB DDR5 RAM,512 GB SSD,4 GB NVIDIA GeForce RTX 3050,"15.6 inches, 1920 x 1080 pixels",Windows 11 OS,1 Year Warranty
471,Lenovo LOQ 15IRX9 83DV00PQIN Gaming Laptop (13th Gen Core i5/ 16GB/ 512GB SSD/ Win11/ 6GB RTX3050),"₹77,990",4.0,13th Gen Intel Core i5 13450HX,"10 Cores (6P + 4E), 16 Threads",16 GB DDR5 RAM,512 GB SSD,6 GB NVIDIA GeForce RTX 3050,"15.6 inches, 1920 x 1080 pixels",Windows 11 OS,1 Year Warranty
472,MSI Modern 14 C12MO-1211IN Laptop (12th Gen Core i7/ 16GB/ 512GB SSD/ Win11 Home),"₹45,990",4.15,12th Gen Intel Core i7 1255U,"10 Cores (2P + 8E), 12 Threads",16 GB  RAM,512 GB SSD,Intel Iris Xe Graphics,"14 inches, 1920 x 1080 pixels",Windows 11 OS,1 Year Warranty
473,Lenovo IdeaPad Slim 5 16IMH9 83DC003GIN Laptop (Intel Core Ultra 5/ 16GB RAM/ 512GB SSD/ Win 11),"₹70,990",4.1,Intel Core Ultra 5 Series 1 125H,"14 Cores (4P + 8E + 2LP-E), 18 Threads",16 GB LPDDR5 RAM,512 GB SSD,Intel Arc Graphics,"16 inches, 1920 x 1200 pixels",Windows 11 OS,1 Year Warranty
474,HP Victus Special Edition 15-fa1379TX Gaming Laptop (12th Gen Core i5/ 16GB/ 512GB SSD/ Win11 Home/ RTX 3050A),"₹65,800",4.05,12th Gen Intel Core i5 12450H,"Octa Core (4P + 4E), 12 Threads",16 GB DDR4 RAM,512 GB SSD,4 GB NVIDIA GeForce RTX 3050A,"15.6 inches, 1920 x 1080 pixels",Windows 11 OS,1 Year Warranty
475,Asus Vivobook 15 X1504ZA-NJ549WS Laptop (12th Gen Core i5/ 16GB/ 512GB SSD/ Win11),"₹46,490",4.7,12th Gen Intel Core i5 1235U,"10 Cores (2P + 8E), 12 Threads",16 GB DDR4 RAM,512 GB SSD,Intel Integrated Integrated,"15.6 inches, 1920 x 1080 pixels",Windows 11 OS,1 Year Warranty
476,Acer Predator Helios 16 NH.QNXSI.004 Gaming Laptop (14th Gen Core i7/ 16GB/ 1TB SSD/ Win11/ 8GB RTX4070),"₹1,89,990",4.5,14th Gen Intel Core i7 14700HX,"20 Cores (8P + 12E), 28 Threads",16 GB DDR5 RAM,1 TB SSD,8 GB NVIDIA GeForce RTX 4070,"16 inches, 2560 x 1600 pixels",Windows 11 OS,1 Year Warranty
477,Lenovo Yoga Book 9 83FF0034IN Laptop (Intel Evo Core Ultra 7 155U/ 32GB/ 1TB SSD/ Win11),"₹2,39,990",4.3,Intel Core Ultra 7 155U,"12 Cores (2P + 8E + 2LP-E), 14 Threads",32 GB LPDDR5x RAM,1 TB SSD,Intel Integrated Graphics,"13.3 inches, 2880 x 1800 pixels, Touch Screen",Windows 11 OS,3 Year Warranty
478,Lenovo Yoga Pro 9 ‎16IMH9 83DN004VIN Laptop (Intel Evo Core Ultra 9 185H/ 32GB/ 1TB SSD/ Win11 Home/ 6GB Graphics),"₹1,82,190",4.15,Intel Core Ultra 9 Series 1 185H,"16 Cores (6P + 8E + 2LP-E), 22 Threads",32 GB LPDDR5x RAM,1 TB SSD,6 GB NVIDIA GeForce RTX 4050,"16 inches, 3200 x 2000 pixels",Windows 11 OS,1 Year Warranty
479,Lenovo Yoga 9 83AC001LIN Laptop (Intel Evo Core Ultra 7 155H/ 32GB/ 1TB SSD/ Win11),"₹1,80,190",4.55,Intel Core Ultra 7 Series 1 155H,"16 Cores (6P + 8E + 2LP-E), 22 Threads",32 GB LPDDR5x RAM,1 TB SSD,Intel Arc Graphics,"14 inches, 2880 x 1800 pixels, Touch Screen",Windows 11 OS,1 Year Warranty
480,Asus TUF Gaming A15 FA506NFR-HN045W Laptop (AMD Ryzen 7 7435HS/ 16GB / 512GB SSD/ Win11/ 4GB Graph),"₹62,990",4.35,7th Gen AMD Ryzen 7 7435HS,"Octa Core, 16 Threads",16 GB DDR5 RAM,512 GB SSD,4 GB NVIDIA GeForce RTX 2050,"15.6 inches, 1920 x 1080 pixels",Windows 11 OS,1 Year Warranty
481,HP Victus Special Edition 15-fa1382TX Gaming Laptop (12th Gen Core i7/ 16GB/ 512GB SSD/ Win11 Home/ RTX 3050A),"₹71,490",4.35,12th Gen Intel Core i7 12650H,"10 Cores (6P + 4E), 16 Threads",16 GB DDR4 RAM,512 GB SSD,4 GB NVIDIA GeForce RTX 3050A,"15.6 inches, 1920 x 1080 pixels",Windows 11 OS,1 Year Warranty
482,HP OmniBook X 14-fe0121QU AI Laptop (Snapdragon X Elite X1E-78-100/ 16GB/ 1TB SSD/ Win11),"₹1,36,700",4.75,Qualcomm Snapdragon X Elite X1E-78-100,12 Cores,16 GB LPDDR5X RAM,1 TB SSD,Qualcomm Adreno GPU,"14 inches, 2240 x 1400 pixels, Touch Screen",Windows 11 OS,1 Year Warranty
483,Lenovo IdeaPad 1 15ALC7 82R400EFIN Laptop (AMD Ryzen 7 5700U/ 16GB/ 512GB SSD/ Win11 Home),"₹41,990",4.05,5th Gen AMD Ryzen 7 5700U,"Octa Core, 16 Threads",16 GB DDR4 RAM,512 GB SSD,AMD Radeon,"15.6 inches, 1920 x 1080 pixels",Windows 11 OS,1 Year Warranty
484,Thomson Neo Series IN-PX14C  Laptop (Intel Celeron N4020/ 4 GB/128 GB SSD/Win11 Home),"₹16,490",4.15,Intel Celeron N4020,"Dual Core, 2 Threads",4 GB LPDDR4 RAM,128 GB SSD,Intel Integrated UHD,"14.1 inches, 1366 x 768 pixels",Windows 11 OS,1 Year Warranty
485,Asus TUF Gaming F15 FX577ZC-HN193W Gaming Laptop (12th Gen Core i7/ 16GB/512GB SSD/ Win11 / 4GB Graph),"₹76,990",4.5,12th Gen Intel Core i7 12700H,"14 Cores (6P + 8E), 20 Threads",16 GB DDR5 RAM,512 GB SSD,4 GB NVIDIA GeForce RTX 3050,"15.6 inches, 1920 x 1080 pixels",Windows 11 OS,1 Year Warranty
486,HP Victus Special Edition 15-fa1389TX Gaming Laptop (12th Gen Core i7/ 16GB/ 1TB SSD/ Win11 Home/ RTX 3050A),"₹75,990",4.5,12th Gen Intel Core i7 12650H,"10 Cores (6P + 4E), 16 Threads",16 GB DDR4 RAM,1 TB SSD,4 GB NVIDIA GeForce RTX 3050A,"15.6 inches, 1920 x 1080 pixels",Windows 11 OS,1 Year Warranty
487,Asus TUF Gaming A15 FA566NFR-HN259W Laptop (AMD Ryzen 7 7435HS/ 16GB / 512GB SSD/ Win11 Home / 4GB Graph),"₹59,490",4.15,7th Gen AMD Ryzen 7 7435HS,"Octa Core, 16 Threads",16 GB DDR5 RAM,512 GB SSD,4 GB NVIDIA GeForce RTX 2050,"15.6 inches, 1920 x 1080 pixels",Windows 11 OS,1 Year Warranty
488,Acer Aspire Lite AL15-52 Laptop (Intel 12th Gen Core i7/ 16GB/ 1TB SSD/ Win11),"₹55,990",4.5,12th Gen Intel Core i7 1255U,"10 Cores (2P + 8E), 12 Threads",16 GB DDR4 RAM,1 TB SSD,Intel Graphics,"15.6 inches, 1920 x 1080 pixels",Windows 11 OS,1 Year Warranty
489,HP Victus 15-fa1388TX Gaming Laptop (12th Gen Core i5/ 16GB/ 1TB SSD/ Win11/ 4GB Graph),"₹68,990",4.45,12th Gen Intel Core i5 12450H,"Octa Core (4P + 4E), 12 Threads",16 GB DDR4 RAM,1 TB SSD,4 GB NVIDIA GeForce RTX 3050A,"15.6 inches, 1920 x 1080 pixels",Windows 11 OS,1 Year Warranty
490,HP 15-fc0155AU Laptop (AMD Ryzen 5 7520U/ 8GB/ 512GB SSD/ Win11 Home),"₹39,780",4.25,7th Gen AMD Ryzen 5 7520U,"Quad Core, 8 Threads",8 GB LPDDR5 RAM,512 GB SSD,AMD Radeon AMD,"15.6 inches, 1920 x 1080 pixels",Windows 11 OS,1 Year Warranty
491,HP Victus 15-fa0333TX Gaming Laptop (12th Gen Core i5/ 16GB/ 512GB SSD/ Win11/ 4GB RTX 3050),"₹67,800",4.2,12th Gen Intel Core i5 12450H,"Octa Core (4P + 4E), 12 Threads",16 GB DDR4 RAM,512 GB SSD,4 GB NVIDIA GeForce RTX 3050,"15.6 inches, 1920 x 1080 pixels",Windows 11 OS,1 Year Warranty
492,Air Falcon Series 14ADL5 laptop (12th Gen Core i5/ 8GB/ 512GB SSD/ Win11),"₹33,590",4.45,12th Gen Intel Core i5 1235U,"10 Cores (2P + 8E), 12 Threads",8 GB  RAM,512 GB SSD,Intel Integrated UHD,"14.1 inches, 1920 x 1080 pixels",Windows 11 OS,1 Year Warranty
493,Air Falcon Series laptop (12th Gen Core i3/ 8GB/ 512GB SSD/ Win11),"₹25,890",4.2,12th Gen Intel Core i3 1215U,"Hexa Core (2P + 4E), 8 Threads",8 GB  RAM,512 GB SSD,Intel Integrated UHD,"14.1 inches, 1920 x 1080 pixels",Windows 11 OS,1 Year Warranty
494,HP 14-gr1022TU Laptop (Intel Core Ultra 5 125H/ 16GB/ 512GB SSD/ Win11 Home),"₹67,490",4.3,Intel Core Ultra 5 Series 1 125H,"14 Cores (4P + 8E + 2LP-E), 18 Threads",16 GB DDR5 RAM,512 GB SSD,Intel Arc Graphics,"14 inches, 1920 x 1080 pixels",Windows 11 OS,1 Year Warranty
495,Acer Aspire 3 A324-45 Laptop (Intel Core Celeron N4500/ 8GB/ 512GB SSD/ Win11),"₹22,990",4.35,Intel Celeron N4500,"Dual Core, 2 Threads",8 GB LPDDR4X RAM,512 GB SSD,Intel Integrated UHD,"14 inches, 1366 x 768 pixels",Windows 11 OS,1 Year Warranty
496,Acer Aspire 3 14 A324-45 Laptop (Intel Core Celeron N4500/ 8GB/ 256GB SSD/ Win11),"₹21,490",4.25,Intel Celeron N4500,"Dual Core, 2 Threads",8 GB LPDDR4X RAM,256 GB SSD,Intel Integrated UHD,"14 inches, 1366 x 768 pixels",Windows 11 OS,1 Year Warranty
497,HP Chromebook 14a-nf0017tu Laptop (Intel Core i3-N305/ 8GB/ 256GB UFS/ Chrome OS),"₹46,990",4.45,Intel Core i3 N305,"Octa Core, 8 Threads",8 GB LPDDR5 RAM,256 GB Hard Disk,Intel Integrated UHD,"14 inches, 1080 x 1920 pixels, Touch Screen",Chrome OS,1 Year Warranty
498,Thomson Neo 15  IN-N15I712 Laptop (12th Gen Core i7/ 16GB/ 512GB SSD/Win11 Home),"₹43,990",4.5,12th Gen Intel Core i7 1255U,"10 Cores (2P + 8E), 12 Threads",16 GB LPDDR4 RAM,512 GB SSD,Intel Integrated Iris Xe,"15.6 inches, 1920 x 1080 pixels",Windows 11 OS,1 Year Warranty
499,Thomson Neo 15 IN-N15I312 Laptop (12th Gen Core i3/ 8GB/ 256GB SSD/Win11 Home),"₹27,490",4.2,12th Gen Intel Core i3 1215U,"Hexa Core (2P + 4E), 8 Threads",8 GB LPDDR4 RAM,256 GB SSD,Intel Integrated Iris Xe,"15.6 inches, 1920 x 1080 pixels",Windows 11 OS,1 Year Warranty
500,Dell XPS 13 9345 AI Laptops (Snapdragon X Elite X1E-80-100/ 16GB/ 512GB SSD/ Win11),"₹1,41,583",4.25,Qualcomm Snapdragon X Elite X1E-80-100,12 Cores,16 GB LPDDR5X RAM,512 GB SSD,Qualcomm Adreno GPU,"13.4 inches, 1920 x 1200 pixels, Touch Screen",Windows 11 OS,1 Year Warranty
501,HP Chromebook x360 14b-cd0012TU Laptop (Intel Processor N200/ 8GB/ 128GB UFS/ Chrome OS),"₹40,990",4.05,Intel N200 N200,"Quad Core, 4 Threads",8 GB LPDDR5 RAM,128 GB Hard Disk,Intel Integrated UHD,"14 inches, 1366 x 768 pixels, Touch Screen",Chrome OS OS,1 Year Warranty
502,Acer Aspire 3D 15 SpatialLabs Edition  A3D15-71GM 3D Laptop (13th Gen Core i7/ 16GB/ 1TB SSD/ Win11/ 6GB RTX 4050),"₹1,74,990",4.4,13th Gen Intel Core i7 13620H,"10 Cores (6P + 4E), 16 Threads",16 GB DDR5 RAM,1 TB SSD,6 GB NVIDIA GeForce RTX 4050,"15.6 inches, 3840 x 2160 pixels",Windows 11 OS,2 Year Warranty
503,Acer Aspire 3 A325-45 Laptop (Intel Core Celeron N4500/ 8GB/ 512GB SSD/ Win11),"₹22,990",4.2,Intel Celeron N4500,"Dual Core, 2 Threads",8 GB LPDDR4X RAM,512 GB SSD,Intel UHD,"15.6 inches, 1366 x 768 pixels",Windows 11 OS,1 Year Warranty
504,Lenovo Ideapad 5 83DR003BIN ‎2-in-1 Laptop (AMD Ryzen 7 8845HS/ 16GB/ 512GB SSD/ Win11 Home),"₹77,690",4.0,8th Gen AMD Ryzen 7 8845HS,"Octa Core, 16 Threads",16 GB LPDDR5X RAM,512 GB SSD,AMD Radeon,"14 inches, 1920 x 1200 pixels, Touch Screen",Windows 11 OS,1 Year Warranty
505,Lenovo Ideapad 5 ‎14AHP9 2-in-1 83DR003DIN Laptop (AMD Ryzen 5 8645HS/ 16GB/ 512GB SSD/ Win11 Home),"₹72,690",4.5,8th Gen AMD Ryzen 5 8645HS,"Hexa Core, 12 Threads",16 GB LPDDR5X RAM,512 GB SSD,AMD Radeon,"14 inches, 1920 x 1200 pixels, Touch Screen",Windows 11 OS,1 Year Warranty
506,Microsoft Surface Pro 11 ‎ZIB-00031 Laptop (Snapdragon X Elite/ 16GB/ 1TB SSD/ Win11),"₹1,80,990",4.45,Qualcomm Snapdragon X Elite,12 Cores,16 GB LPDDR5x RAM,1 TB SSD,Qualcomm Adreno GPU,"13 inches, 2880 x 1920 pixels, Touch Screen",Windows 11 OS,1 Year Warranty
507,Microsoft Surface Pro 11 2024 ‎ZID-00014 Laptop (Snapdragon X Elite/ 32GB/ 1TB SSD/ Win11),"₹2,32,990",4.6,Qualcomm Snapdragon X Elite,12 Cores,32 GB LPDDR5x RAM,1 TB SSD,Qualcomm Adreno GPU,"13 inches, 2880 x 1920 pixels, Touch Screen",Windows 11 OS,1 Year Warranty
508,Microsoft Surface Laptop 7 ‎ZGM-00023 (Snapdragon X Plus/ 16GB/ 512GB SSD/ Win11),"₹1,30,019",4.5,Qualcomm Snapdragon X Plus,10 Cores,16 GB LPDDR5x RAM,512 GB SSD,Qualcomm Adreno GPU,"13.8 inches, 2304 x 1536 pixels, Touch Screen",Windows 11 OS,1 Year Warranty
509,Thomson Neo Series IN-N14C Laptop (Intel Celeron N4020/ 4 GB/128 GB SSD/Win11 Home),"₹14,990",4.2,Intel Celeron N4020,"Dual Core, 2 Threads",4 GB LPDDR4 RAM,128 GB SSD,Intel Integrated UHD,"14.1 inches, 1366 x 768 pixels",Windows 11 OS,1 Year Warranty
510,Microsoft Surface Pro 11 2024 ‎ZHY-00032 Laptop (Snapdragon X Plus/ 16GB/ 512GB SSD/ Win11),"₹1,31,990",4.5,Qualcomm Snapdragon X Plus,10 Cores,16 GB LPDDR5x RAM,256 GB SSD,Qualcomm Adreno GPU,"13 inches, 2880 x 1920 pixels, Touch Screen",Windows 11 OS,1 Year Warranty
511,Microsoft Surface Laptop 7 15 ‎‎ZYT-00048 (Snapdragon X Elite/ 16GB/ 1TB SSD/ Win11),"₹1,78,990",4.7,Qualcomm Snapdragon X Elite,12 Cores,16 GB ‎LPDDR5x RAM,1 TB SSD,Qualcomm Adreno GPU,"15 inches, 2496 x 1664 pixels, Touch Screen",Windows 11 OS,1 Year Warranty
512,Microsoft Surface Laptop 7 13.8 ‎‎ZGQ-00023 (Snapdragon X Elite/ 32GB/ 1TB SSD/ Win11),"₹2,02,990",4.25,Qualcomm Snapdragon X Elite,12 Cores,32 GB ‎LPDDR5x RAM,1 TB SSD,Qualcomm Adreno GPU,"13.8 inches, 2304 x 1536 pixels, Touch Screen",Windows 11 OS,1 Year Warranty
513,HP Chromebook x360 14b-cd0014TU Laptop (Intel Core i3-N305/ 8GB/ 256GB UFS/ Chrome OS),"₹41,641",4.15,Intel Core i3 N305,"Octa Core, 8 Threads",8 GB LPDDR5 RAM,256 GB Hard Disk,Intel Integrated UHD,"14 inches, 1366 x 768 pixels, Touch Screen",Chrome OS OS,1 Year Warranty
514,Acer Aspire Lite UN.34ESI.005 Gaming Laptop ( Intel Core i3 1305U / 8GB/ 512GB SSD/ Win11),"₹30,990",4.35,13th Gen Intel Core i3 1305U,"5 Cores (1P + 4E), 6 Threads",8 GB DDR4 RAM,512 GB SSD,Intel UHD Graphics,"15.6 inches, 1920 x 1080 pixels",Windows 11 OS,1 Year Warranty
515,Lenovo Ideapad Gaming 3 15ARH7 82SB00QSIN Laptop (AMD Ryzen 7 7735HS / 16GB/ 512GB SSD/ Win11/ 6GB Graph RTX 3050),"₹76,250",4.5,7th Gen AMD Ryzen 7 7735HS,"Octa Core, 16 Threads",16 GB DDR5 RAM,512 GB SSD,6 GB NVIDIA GeForce RTX 3050,"15.6 inches, 1920 x 1080 pixels",Windows 11 OS,1 Year Warranty
516,HP Chromebook 14a-nf0014tu Laptop (Intel Processor N100/ 4GB/ 64GB UFS/ Chrome OS),"₹29,610",4.35,Intel N100 N100,"Quad Core, 4 Threads",4 GB LPDDR5 RAM,64 GB Hard Disk,Intel Integrated UHD,"14 inches, 1366 x 768 pixels, Touch Screen",Chrome OS,1 Year Warranty
517,HP Pavilion Aero 13-bg0016AU Laptop (AMD Ryzen 5 8640U/ 16GB / 512GB SSD/ Win11),"₹78,490",4.75,8th Gen AMD Ryzen 5 8640U,"Hexa Core, 12 Threads",16 GB LPDDR5x RAM,512 GB SSD,AMD Radeon AMD,"13.3 inches, 1920 x 1200 pixels",Windows 11 OS,1 Year Warranty
518,Lenovo IdeaPad Slim 3 14IRU8 82X6004GIN Laptop (13th Gen Core i3/ 8GB/ 512GB SSD/ Win11),"₹37,190",4.35,13th Gen Intel Core i3 1305U,"5 Cores (1P + 4E), 6 Threads",8 GB LPDDR5 RAM,512 GB SSD,Integrated Intel UHD Graphics,"15.6 inches, 1920 x 1080 pixels",Windows 11 OS,1 Year Warranty
519,Lenovo IdeaPad Slim 5 ‎15IRU9 83E6001JIN Laptop (Intel Core 5 120U/ 16 GB RAM/ 512GB SSD/ Win 11),"₹60,690",4.5,Intel Core 5 Processor Series 1 120U,"10 Cores (2P + 8E), 12 Threads",16 GB LPDDR5x RAM,512 GB SSD,Intel Integrated,"15.6 inches, 1920 x 1080 pixels",Windows 11 OS,1 Year Warranty
520,Gigabyte G5 MF5-52IN354SH Laptop (13th Gen Core i5/ 16GB/ 512GB SSD/ Win11 Home/ 6GB Graph),"₹91,257",4.6,13th Gen Intel Core i5 13500H,"12 Cores (4P + 8E), 16 Threads",16 GB DDR5 RAM,512 GB SSD,6 GB NVIDIA GeForce RTX 4050,"15.6 inches, 1920 x 1080 pixels",Windows 11 OS,2 Year Warranty
521,Gigabyte G5 KF5-H3IN353SH Laptop (13th Gen Core i7/ 16GB/ 512GB SSD/ Win11 Home/ 8GB Graph),"₹1,07,116",4.1,13th Gen Intel Core i7 13620H,"10 Cores (6P + 4E), 16 Threads",16 GB DDR5 RAM,512 GB SSD,8 GB NVIDIA GeForce RTX 4060,"15.6 inches, 1920 x 1080 pixels",Windows 11 OS,2 Year Warranty
522,MSI Modern 15 H AI C1MG-045IN Laptop (Intel Core Ultra 7 155H/ 16GB/ 1TB SSD/ Win11 Home),"₹65,990",4.7,Intel Core Ultra 7 Series 1 155H,"16 Cores (6P + 8E + 2LP-E), 22 Threads",16 GB DDR5 RAM,1 TB SSD,Intel Arc Graphics,"15.6 inches, 1920 x 1080 pixels",Windows 11 OS,1 Year Warranty
523,MSI Katana A17 AI B8VE-884IN Gaming Laptop (AMD Ryzen 9 8945HS/ 16GB/ 1TB SSD/ Win11 Home/ 6GB Graph),"₹99,990",4.65,8th Gen AMD Ryzen 9 8945HS,"Octa Core, 16 Threads",16 GB DDR5 RAM,1 TB SSD,6 GB NVIDIA GeForce RTX 4050,"17.3 inches, 1920 x 1080 pixels",Windows 11 OS,2 Year Warranty
524,HP 15s-fy5011TU Laptop (12th Gen Core i3/ 8GB/ 512GB SSD/ Win11 Home),"₹33,990",4.05,12th Gen Intel Core i3 1215U,"Hexa Core (2P + 4E), 8 Threads",8 GB DDR4 RAM,512 GB SSD,Intel UHD Graphics,"15.6 inches, 1920 x 1080 pixels",Windows 11 OS,1 Year Warranty
525,Dell 16 Inspiron 5630 Laptop (13th Gen Core i7/ 16GB/ 1TB SSD/ Win11),"₹89,990",4.05,13th Gen Intel Core i7 1360P,"12 Cores (4P + 8E), 16 Threads",16 GB LPDDR5 RAM,1 TB SSD,Intel Iris Xe Graphics,"16 inches, 2560 x 1600 pixels",Windows 11 OS,1 Year Warranty
526,Lenovo Ideapad Gaming 3 15ARH7 82SB00QKIN Laptop (AMD Ryzen 5 7535HS / 16GB/ 512GB SSD/ Win11 Home/ 6GB Graph),"₹70,990",4.2,7th Gen AMD Ryzen 5 7535HS,"Hexa Core, 12 Threads",16 GB DDR5 RAM,512 GB SSD,6 GB NVIDIA GeForce RTX 3050,"15.6 inches, 1920 x 1080 pixels",Windows 11 OS,1 Year Warranty
527,Asus TUF Gaming F15 FX507VU-LP210W Gaming Laptop (13th Gen Core i7/ 16GB/ 512GB SSD/ Win11 Home/ 6GB Graph),"₹96,990",4.2,13th Gen Intel Core i7 13620H,"10 Cores (6P + 4E), 16 Threads",16 GB DDR4 RAM,512 GB SSD,6 GB NVIDIA GeForce RTX 4050,"15.6 inches, 1920 x 1080 pixels",Windows 11 OS,1 Year Warranty
528,Asus Vivobook 16 X1605ZAC-MB542WS Laptop (12th Gen Core i5/ 16GB/ 512GB SSD/ Win11 Home),"₹54,990",4.05,12th Gen Intel Core i5 12500H,"12 Cores (4P + 8E), 16 Threads",16 GB DDR4 RAM,512 GB SSD,Intel Iris Xe Graphics,"16 inches, 1920 x 1200 pixels",Windows 11 OS,1 Year Warranty
529,Lenovo IdeaPad Slim 3 82RJ00FGIN Laptop (12th Gen Core i3/ 8GB/ 512GB SSD/ Win11),"₹30,591",4.4,12th Gen Intel Core i3 1215U,"Hexa Core (2P + 4E), 8 Threads",8 GB DDR4 RAM,512 GB SSD,‎Intel UHD Graphics,"14 inches, 1920 x 1080 pixels",Windows 11 OS,1 Year Warranty
530,Asus Vivobook S 15 OLED 2024 S5506MA-MA951WS Laptop (Intel Core Ultra 9 185H/ 16GB/ 1TB SSD/ Win11),"₹1,19,990",4.05,Intel Core Ultra 9 Series 1 185H,"16 Cores (6P + 8E + 2LP-E), 22 Threads",16 GB LPDDR5X RAM,1 TB SSD,Intel Integrated Arc,"15.6 inches, 2880 x 1620 pixels",Windows 11 OS,1 Year Warranty
531,MSI Crosshair 16 HX Monster Hunter Edition D14VFKG-408IN Gaming Laptop (14th Gen Core i7/ 16GB/ 1TB SSD/ Win11/ 8GB RTX4060),"₹1,67,990",4.4,14th Gen Intel Core i7 14700HX,"20 Cores (8P + 12E), 28 Threads",16 GB DDR5 RAM,1 TB SSD,8 GB NVIDIA GeForce RTX 4060,"16 inches, 2560 x 1440 pixels",Windows 11 OS,2 Year Warranty
532,Dell G15-5535 Gaming Laptop (AMD Ryzen 5 7640HS/ 16GB/ 1TB SSD/ Win11/ RTX 3050 6GB Graph),"₹79,990",4.65,7th Gen AMD Ryzen 5 7640HS,"Hexa Core, 12 Threads",16 GB DDR5 RAM,1 TB SSD,6 GB NVIDIA GeForce RTX 3050,"15.6 inches, 1920 x 1080 pixels",Windows 11 OS,1 Year Warranty
533,Lenovo LOQ 15IRX9 83DV00LWIN Gaming Laptop (13th Gen Core i5/ 24GB/ 512GB SSD/ Win11/ 6GB RTX4050),"₹87,990",4.25,13th Gen Intel Core i5 13450HX,"10 Cores (6P + 4E), 16 Threads",24 GB DDR5 RAM,512 GB SSD,6 GB NVIDIA GeForce RTX 4050,"15.6 inches, 1920 x 1080 pixels",Windows 11 OS,1 Year Warranty
534,Lenovo IdeaPad 5i 83DT004SIN Laptop (Intel Core 5 120U/ 16 GB RAM/ 512GB SSD/ Win 11),"₹80,690",4.7,Intel Core 5 120U,"10 Cores (2P + 8E), 12 Threads",16 GB LPDDR5X RAM,512 GB SSD,Intel Integrated Intel,"14 inches, 1920 x 1200 pixels, Touch Screen",Windows 11 OS,1 Year Warranty
535,Lenovo IdeaPad Slim 3 14IAH8 83EQ0063IN Laptop (12th Gen Core i5/ 8GB/ 512GB SSD/ Win11 Home),"₹48,000",4.2,12th Gen Intel Core i5 12450H,"Octa Core (4P + 4E), 12 Threads",8 GB LPDDR5 RAM,512 GB SSD,Intel Integrated UHD Graphics,"14 inches, 1920 x 1080 pixels",Windows 11 OS,1 Year Warranty
536,Asus TUF Gaming A15 FA506NC-HN083W Laptop (AMD Ryzen 5 7535HS/ 16GB / 512GB SSD/ Win11 Home / 4GB Graph),"₹63,289",4.75,7th Gen AMD Ryzen 5 7535HS,"Hexa Core, 12 Threads",16 GB DDR5 RAM,512 GB SSD,4 GB NVIDIA GeForce RTX 3050,"15.6 inches, 1920 x 1080 pixels",Windows 11 OS,1 Year Warranty
537,Lenovo IdeaPad Slim 5 14IMH9 83DA0002IN Laptop (Intel Core Ultra 5 125H/ 16 GB RAM/ 512GB SSD/ Win 11),"₹73,190",4.0,Intel Core Ultra 5 125H,"14 Cores (4P + 8E + 2LP-E), 18 Threads",16 GB LPDDR5X RAM,512 GB SSD,Intel Integrated Intel Arc,"14 inches, 1920 x 1200 pixels",Windows 11 OS,1 Year Warranty
538,Lenovo IdeaPad Slim 3 15IRH8 83EM009YIN Laptop (13th Gen Core i7/ 16GB/ 512GB SSD/ Win11),"₹63,890",4.25,13th Gen Intel Core i7 13620H,"10 Cores (6P + 4E), 16 Threads",16 GB LPDDR5 RAM,512 GB SSD,Integrated Intel UHD Graphics,"15.6 inches, 1920 x 1080 pixels",Windows 11 OS,1 Year Warranty
539,HP Victus 15-fb2117AX Gaming Laptop (AMD Ryzen 7 8845HS/ 16GB/ 1TB SSD/ Win11/ 6GB Graph),"₹91,990",4.5,8th Gen AMD Ryzen 7 8845HS,"Octa Core, 16 Threads",16 GB DDR5 RAM,1 TB SSD,6 GB NVIDIA GeForce RTX 4050,"15.6 inches, 1920 x 1080 pixels",Windows 11 OS,1 Year Warranty
540,Asus Vivobook S 15 OLED 2024 S5507QAD-MA751WS Laptop (Qualcomm Snapdragon X Elite/ 16GB/ 1TB SSD/ Win11),"₹99,990",4.6,Qualcomm Snapdragon X Elite X1E 78 100,"12 Cores, 12 Threads",16 GB LPDDR5X RAM,1 TB SSD,Qualcomm Adreno GPU,"15.6 inches, 2880 x 1620 pixels",Windows 11 OS,1 Year Warranty
541,HP Victus 15-fb2114AX Gaming Laptop (AMD Ryzen 7 8845HS/ 16GB/ 512GB SSD/ Win11/ 6GB Graph),"₹88,490",4.1,8th Gen AMD Ryzen 7 8845HS,"Octa Core, 16 Threads",16 GB DDR5 RAM,512 GB SSD,6 GB NVIDIA GeForce RTX 4050,"15.6 inches, 1920 x 1080 pixels",Windows 11 OS,1 Year Warranty
542,Lenovo IdeaPad 1 14IGL7 82V6009LIN Laptop (Celeron N4020/ 8GB/ 512GB SSD/ Win11 Home),"₹24,490",4.55,4th Gen Intel Celeron N4020,"Dual Core, 2 Threads",8 GB DDR4 RAM,512 GB SSD,Intel Integrated UHD,"14 inches, 1366 x 768 pixels",Windows 11 OS,1 Year Warranty
543,HP Spectre x360 16-aa0015TU Laptop ( Intel Evo Core Ultra 7 155H/ 16GB/ 1TB SSD/ Win11),"₹1,57,700",4.05,Intel Core Ultra 7 Series 1 155H,"16 Cores (6P + 8E + 2LP-E), 22 Threads",16 GB LPDDR5x RAM RAM,1 TB SSD,Intel Arc Graphics,"16 inches, 2560 x 1600 pixels, Touch Screen",Windows 11 OS,1 Year Warranty
544,Lenovo IdeaPad Slim 3 83EQ005VIN Laptop (12th Gen Core i5/ 16GB/ 512GB SSD/ Win11 Home),"₹48,499",4.55,12th Gen Intel Core i5 12450H,"Octa Core (4P + 4E), 12 Threads",16 GB LPDDR5 RAM,512 GB SSD,Intel Integrated UHD Graphics,"14 inches, 1920 x 1080 pixels",Windows 11 OS,1 Year Warranty
545,Acer Aspire 3 A324-51 UN.343SI.00A Laptop (12th Gen Core i7/ 16GB/ 1TB SSD/ Win11),"₹46,990",4.2,12th Gen Intel Core i7 1255U,"10 Cores (2P + 8E), 12 Threads",16 GB  RAM,1 TB SSD,Intel Integrated Iris Xe,"14 inches, 1920 x 1080 pixels",Windows 11 OS,1 Year Warranty
546,Dell 16 XPS 9640 OLED Laptop ( Intel Core Ultra 9 185H/ 32GB/ 1TB SSD/ Win11/ RTX 4060 8GB Graphics),"₹3,66,244",4.0,Intel Core Ultra 9 Series 1 185H,"16 Cores (6P + 8E + 2LP-E), 22 Threads",32 GB LPDDR5x RAM,1 TB SSD,8 GB NVIDIA GeForce RTX 4060,"16.3 inches, 3840 x 2400 pixels, Touch Screen",Windows 11 OS,1 Year Warranty
547,Dell XPS 16 9640 OLED Laptop (Intel Core Ultra 7 155H/ 32GB/ 1TB SSD/ Win11/ RTX 4060 8GB Graphics),"₹3,08,813",4.75,Intel Core Ultra 7 Series 1 155H,"16 Cores (6P + 8E + 2LP-E), 22 Threads",32 GB LPDDR5x RAM,1 TB SSD,8 GB NVIDIA GeForce RTX 4060,"16.3 inches, 3840 x 2400 pixels, Touch Screen",Windows 11 OS,1 Year Warranty
548,MSI Modern 15 H AI C1MG-046IN Laptop (Intel Core Ultra 7 155H/ 16GB/ 512GB SSD/ Win11 Home),"₹61,990",4.35,Intel Core Ultra 7 Series 1 155H,"16 Cores (6P + 8E + 2LP-E), 22 Threads",16 GB DDR5 RAM,512 GB SSD,Intel Arc Graphics,"15.6 inches, 1920 x 1080 pixels",Windows 11 OS,1 Year Warranty
549,MSI Katana A15 AI B8VF-447IN Gaming Laptop (AMD Ryzen 9 8945HS/ 16GB/ 512GB SSD/ Win11 /8GB Graph),"₹1,19,990",4.25,8th Gen AMD Ryzen 9 8945HS,"Octa Core, 16 Threads",16 GB DDR5 RAM,512 GB SSD,8 GB NVIDIA GeForce RTX 4060,"15.6 inches, 1080 x 1920 pixels",Windows 11 OS,2 Year Warranty
550,MSI Modern 15 H B13M-224IN Laptop (13th Gen Core i9/ 16GB/ 512GB SSD/ Win11 Home),"₹69,990",4.6,13th Gen Intel Core i9 13900H,"14 Cores (6P + 8E), 20 Threads",16 GB DDR4 RAM,512 GB SSD,Intel Iris Xe Graphics,"15.6 inches, 1920 x 1080 pixels",Windows 11 OS,1 Year Warranty
551,MSI Cyborg 15 A13VFK-1079IN Gaming Laptop (13th Gen Core i7/ 16GB/ 512GB SSD/ Win11/ 8GB Graph),"₹1,14,990",4.45,13th Gen Intel Core i7 13620H,"10 Cores (6P + 4E), 16 Threads",16 GB DDR5 RAM,512 GB SSD,8 GB NVIDIA GeForce RTX 4060,"15.6 inches, 1920 x 1080 pixels",Windows 11 OS,2 Year Warranty
552,MSI Katana A17 AI B8VG-868IN Gaming Laptop (AMD Ryzen 9 8945HS/ 16GB/ 1TB SSD/ Win11 Home/ 8GB Graph),"₹1,39,990",4.2,8th Gen AMD Ryzen 9 8945HS,"Octa Core, 16 Threads",16 GB DDR5 RAM,1 TB SSD,8 GB NVIDIA GeForce RTX 4070,"17.3 inches, 1920 x 1080 pixels",Windows 11 OS,2 Year Warranty
553,Infinix Zero Book Ultra AI ZL514 Laptop ( Intel Core Ultra 5 125H/ 16GB/ 512GB SSD/ Win 11 Home),"₹57,990",4.55,Intel Core Ultra 5 125H,"14 Cores (4P + 8E + 2LP-E), 18 Threads",16 GB LPDDR5X RAM,512 GB SSD,Intel Integrated Intel Arc,"15.6 inches, 1920 x 1080 pixels",Windows 11 OS,1 Year Warranty
554,MSI Modern 14 C12MO-1204IN Laptop (12th Gen Core i5/ 8GB/ 512GB SSD/ Win11 Home),"₹34,990",4.1,12th Gen Intel Core i5 1235U,"10 Cores (2P + 8E), 12 Threads",8 GB DDR4 RAM,512 GB SSD,Intel Integrated UHD,"14 inches, 1920 x 1080 pixels",Windows 11 OS,1 Year Warranty
555,HP EliteBook Ultra AI PC Laptop (Snapdragon X Elite / 16GB/ 512GB SSD/ Win11),"₹1,69,990",4.35,Qualcomm Snapdragon X Elite,16 GB LPDDR5X RAM,512 GB SSD,Qualcomm Adreno GPU,"14 inches, 2240 x 1400 pixels, Touch Screen",Windows 11 OS,1 Year Warranty,Backlit Keyboard
556,MSI Stealth 18 AI Studio A1VHG-023IN Gaming Laptop (Intel Core Ultra 9 185H/ 32GB/ 2TB SSD/ Win11 Home/ 12GB RTX 4080 Graph),"₹2,89,990",4.45,Intel Core Ultra 9 Series 1 185H,"16 Cores (6P + 8E + 2LP-E), 22 Threads",32 GB DDR5 RAM,2 TB SSD,12 GB NVIDIA GeForce RTX 4080,"18 inches, 3840 x 2400 pixels",Windows 11 OS,2 Year Warranty
557,Gigabyte Aorus 16X ASG-63USC65SH Gaming Laptop (14th Gen Core i9/ 32GB/ 2TB SSD/ Win11 Home/ 8GB Graph),"₹1,89,990",4.0,14th Gen Intel Core i9 14900HX,"24 Cores (8P + 16E), 32 Threads",32 GB DDR5 RAM,2 TB SSD,8 GB NVIDIA GeForce RTX 4070,"16 inches, 2560 x 1600 pixels",Windows 11 OS,2 Year Warranty
558,MSI Modern 14 C12MO-1202IN Laptop (12th Gen Core i7/ 16GB/ 512GB SSD/ Win11 Home),"₹47,990",4.75,12th Gen Intel Core i7 1255U,"10 Cores (2P + 8E), 12 Threads",16 GB DDR4 RAM,512 GB SSD,Intel Integrated,"14 inches, 1920 x 1080 pixels",Windows 11 OS,1 Year Warranty
559,MSI Modern 14 C12MO-1203IN Laptop (12th Gen Core i5/ 16GB/ 512GB SSD/ Win11 Home),"₹39,990",4.65,12th Gen Intel Core i5 1235U,"10 Cores (2P + 8E), 12 Threads",16 GB DDR4 RAM,512 GB SSD,Intel Integrated UHD,"14 inches, 1920 x 1080 pixels",Windows 11 OS,1 Year Warranty
560,MSI Thin 15 B12UCX-1693IN Gaming Laptop (12th Gen Core i7/ 16GB/ 1TB SSD/ Win11 Home/ 4GB RTX 2050 Graph),"₹67,990",4.65,12th Gen Intel Core i7 12650H,"10 Cores (6P + 4E), 16 Threads",16 GB DDR4 RAM,1 TB SSD,4 GB NVIDIA GeForce RTX 2050,"15.6 inches, 1920 x 1080 pixels",Windows 11 OS,2 Year Warranty
561,HP Pavilion Plus 14-ew1082TU Laptop (Intel Core Ultra 5 125H/ 16GB/ 512GB SSD/ Win 11),"₹87,990",4.6,Intel Core Ultra 5 Series 1 125H,"14 Cores (4P + 8E + 2LP-E), 18 Threads",16 GB LPDDR5x RAM,512 GB SSD,Intel Graphics,"14 inches, 2560 x 1600 pixels",Windows 11 OS,1 Year Warranty
562,Asus Zenbook 14 OLED 2024 UX3405MA-PZ962WS Laptop (Intel Core Ultra 9 185H/ 32GB/ 1TB SSD/ Win11 Home),"₹1,44,990",4.4,Intel Core Ultra 9 Series 1 185H,"16 Cores (6P + 8E + 2LP-E), 22 Threads",32 GB LPDDR5X RAM,1 TB SSD,Intel Arc Graphics,"14 inches, 2880 x 1800 pixels, Touch Screen",Windows 11 OS,1 Year Warranty
563,HP 15s-fy5008TU Laptop (12th Gen Core i5/ 8GB/ 512GB SSD/ Win11 Home),"₹44,999",4.1,12th Gen Intel Core i5 1235U,"10 Cores (2P + 8E), 12 Threads",8 GB DDR4 RAM,512 GB SSD,Intel Integrated UHD,"15.6 inches, 1920 x 1080 pixels",Windows 11 OS,1 Year Warranty
564,Asus Vivobook 16X K3605ZF-MBN546WS Laptop (12th Gen Core i5/ 16GB/ 512GB SSD/ Win11 Home/ 4GB Graph),"₹61,990",4.25,12th Gen Intel Core i5 12500H,"12 Cores (4P + 8E), 16 Threads",16 GB DDR4 RAM,512 GB SSD,4 GB NVIDIA GeForce RTX 2050,"16 inches, 1920 x 1200 pixels",Windows 11 OS,1 Year Warranty
565,Acer Aspire 3 A324-51 UN.343SI.003 Laptop (12th Gen Core i5/ 16GB/ 512GB SSD/ Win11),"₹40,990",4.55,12th Gen Intel Core i5 1235U,"10 Cores (2P + 8E), 12 Threads",16 GB  RAM,512 GB SSD,Intel Integrated UHD,"14 inches, 1920 x 1080 pixels",Windows 11 OS,1 Year Warranty
566,Asus ROG Zephyrus G16 OLED 2024 GU605MZ-CO931WS Gaming Laptop (Intel Core Ultra 9 185H/ 32GB/ 1TB SSD/ Win11 Home/ 12GB Graph),"₹2,94,890",4.65,Intel Core Ultra 9 185H,"16 Cores (6P + 8E + 2LP-E), 22 Threads",32 GB LPDDR5X RAM,1 TB SSD,12 GB NVIDIA GeForce RTX 4080,"16 inches, 2560 x 1600 pixels",Windows 11 OS,1 Year Warranty
567,MSI Titan 18 HX A14VHG-207IN Gaming Laptop (14th Gen Core i9/ 64GB/ 2TB SSD/ Win11 Home/ RTX 4080),"₹3,99,990",4.7,14th Gen Intel Core i9 14900HX,"24 Cores (8P + 16E), 32 Threads",64 GB DDR5 RAM,2 TB SSD,12 GB NVIDIA GeForce RTX 4080,"18 inches, 3840 x 2400 pixels",Windows 11 OS,2 Year Warranty
568,HP Victus 15-FA1310TX Gaming Laptop (12th Gen Core i5/ 8GB/ 512GB SSD/ Win11/ 4GB RTX 2050),"₹55,990",4.4,12th Gen Intel Core i5 12450H,"Octa Core (4P + 4E), 12 Threads",8 GB DDR4 RAM,512 GB SSD,4 GB NVIDIA GeForce RTX 2050,"15.6 inches, 1920 x 1080 pixels",Windows 11 OS,1 Year Warranty
569,MSI Stealth 18 AI Studio A1VIG-022IN Gaming Laptop (Intel Core Ultra 9 185H/ 32GB/ 2TB SSD/ Win11 Home/ 16GB RTX 4090 Graph),"₹3,39,990",4.45,Intel Core Ultra 9 Series 1 185H,"16 Cores (6P + 8E + 2LP-E), 22 Threads",32 GB DDR5 RAM,2 TB SSD,16 GB NVIDIA GeForce RTX 4090,"18 inches, 3840 x 2400 pixels",Windows 11 OS,2 Year Warranty
570,Lenovo LOQ 2024 83GS003NIN Gaming Laptop (12th Gen Core i5/ 16GB/ 512GB SSD/ Win11/ 6GB RTX 3050 Graph),"₹70,190",4.65,12th Gen Intel Core i5 12450HX,"Octa Core (4P + 4E), 12 Threads",16 GB DDR5 RAM,512 GB SSD,6 GB NVIDIA GeForce RTX 3050,"15.6 inches, 1920 x 1080 pixels",Windows 11 OS,1 Year Warranty
571,Lenovo Yoga 7 83DJ006YIN Laptop (Intel Evo Core Ultra 7 155H/ 16GB/ 1TB SSD/ Win11 Home),"₹1,22,990",4.3,Intel Core Ultra 7 Series 1 155H,"16 Cores (6P + 8E + 2LP-E), 22 Threads",16 GB LPDDR5X- RAM,1 TB SSD,Integrated Intel Arc Graphics,"14 inches, 1920 x 1200 pixels, Touch Screen",Windows 11 OS,1 Year Warranty
572,Asus TUF Gaming F17 FX706HF-NY040W  Laptop (11th Gen Core i5/ 16GB/ 512GB SSD/ Win11/ 4GB Graph),"₹56,990",4.35,11th Gen Intel Core i5 11400H,"Hexa Core, 12 Threads",16 GB DDR4 RAM,512 GB SSD,4 GB NVIDIA GeForce RTX 2050,"17 inches, 1920 x 1080 pixels",Windows 11 OS,1 Year Warranty
573,Samsung Galaxy Book 4 np750xgk-lg3in Laptop (Intel Core 7 Processor 150U/ 16GB/ 512GB SSD/ Win11),"₹78,000",4.55,Intel Core 7 Processor Series 1 150U,"10 Cores (2P + 8E), 12 Threads",16 GB LPDDR4x RAM,512 GB SSD,Intel Graphics,"15.6 inches, 1920 x 1080 pixels",Windows 11 OS,1 Year Warranty
574,Lenovo LOQ 2024 15IRX9 83DV00LWIN Gaming Laptop (13th Gen Core i7/ 24GB/ 512GB SSD/ Win11/ 6GB RTX4050),"₹94,990",4.5,13th Gen Intel Core i7 13650HX,14 Cores (6P + 8E),24 GB DDR5 RAM,512 GB SSD,6 GB NVIDIA GeForce RTX 4050,"15.6 inches, 1920 x 1080 pixels",Windows 11 OS,1 Year Warranty
575,Asus ROG Zephyrus G16 GU605MV-CO711WS Gaming Laptop (Intel Core Ultra 7/ 16GB/ 1TB SSD/ Win11 Home/ 8GB Graph),"₹1,73,851",4.35,Intel Core Ultra 7 Series 1 155H,"16 Cores (6P + 8E + 2LP-E), 22 Threads",16 GB LPDDR5X RAM,1 TB SSD,8 GB NVIDIA GeForce RTX 4060,"16 inches, 2560 x 1600 pixels",Windows 11 OS,1 Year Warranty
576,Asus ProArt P16 2024 Laptop (AMD Ryzen AI 9 HX 370/ 32GB/1TB SSD/ 8GB RTX 4070 Graphics),"₹1,99,990",4.6,AMD Ryzen AI 9 HX 370,32 GB LPDDR5X RAM,1 TB SSD,8 GB NVIDIA GeForce RTX 4070,"16 inches, 3840 x 2400 pixels",Windows 11 OS,1 Year Warranty,Backlit Keyboard
577,Asus TUF Gaming A15 2024 FA507UV-LP136WS Gaming Laptop (AMD Ryzen 7 8845HS/ 16GB/ 512GB SSD/ Win11 Home/ 8GB Graph),"₹1,14,980",4.65,8th Gen AMD Ryzen 7 8845HS,"Octa Core, 16 Threads",16 GB DDR5 RAM,512 GB SSD,8 GB NVIDIA GeForce RTX 4060,"15.6 inches, 1920 x 1080 pixels",Windows 11 OS,1 Year Warranty
578,Asus TUF Gaming A14 2024 Gaming Laptop (AMD Ryzen 9 AI HX 370/ 16GB/ 1TB SSD/ Win11 Home/ 8GB Graph),"₹1,77,990",4.4,AMD Ryzen 9 AI HX 370,16 GB LPDDR5X RAM,1 TB SSD,8 GB NVIDIA GeForce RTX 4060,"14 inches, 1920 x 1080 pixels",Windows 11 OS,1 Year Warranty,Backlit Keyboard
579,Asus TUF Gaming A16 2024 Gaming Laptop (AMD Ryzen 9 AI HX 370/ 16GB/ 1TB SSD/ Win11 Home/ 8GB Graph),"₹1,99,990",4.25,AMD Ryzen 9 AI HX 370,16 GB LPDDR5X RAM,1 TB SSD,8 GB NVIDIA GeForce RTX 4060,"16 inches, 1920 x 1080 pixels",Windows 11 OS,1 Year Warranty,Backlit Keyboard
580,Asus ROG Strix G16 G614JI-BG711WS Gaming Laptop (13th Gen Core i7/ 16GB/ 1TB SSD/ Win11/ 8GB Graph),"₹1,49,990",4.55,13th Gen Intel Core i7 13650HX,14 Cores (6P + 8E),16 GB DDR5 RAM,1 TB SSD,8 GB NVIDIA GeForce RTX 4070,"16 inches, 1920 x 1200 pixels",Windows 11 OS,1 Year Warranty
581,HP Envy x360 15-fh0031AU Laptop (AMD Ryzen 5 7530U/ 16GB/ 512GB SSD/ Win11 Home),"₹72,490",4.05,7th Gen AMD Ryzen 5 7530U,"Hexa Core, 12 Threads",16 GB LPDDR4x RAM,512 GB SSD,AMD Radeon AMD,"15.6 inches, 1920 x 1080 pixels, Touch Screen",Windows 11 OS,1 Year Warranty
582,Asus Vivobook 15 X1504ZA-NJ540WS Laptop (12th Gen Core i5/ 16GB/ 512GB SSD/ Win11),"₹50,990",4.6,12th Gen Intel Core i5 1235U,"10 Cores (2P + 8E), 12 Threads",16 GB DDR4 RAM,512 GB SSD,Intel Integrated,"15.6 inches, 1920 x 1080 pixels",Windows 11 OS,1 Year Warranty
583,Acer Aspire 3 A324-51 Laptop (12th Gen Core i3/ 8GB/ 512GB SSD/ Win11),"₹29,990",4.1,12th Gen Intel Core i3 1215U,"Hexa Core (2P + 4E), 8 Threads",8 GB DDR4 RAM,512 GB SSD,Intel Integrated UHD,"14 inches, 1920 x 1080 pixels",Windows 11 OS,1 Year Warranty
584,Asus ROG Zephyrus G14 GA403UV-QS085WS Gaming Laptop (AMD Ryzen 9 8945HS/ 16GB/ 1TB SSD/ Win11 Home/ 8GB RTX 4060 Graph),"₹1,64,990",4.55,8th Gen AMD Ryzen 9 8945HS,"Octa Core, 16 Threads",16 GB LPDDR5X RAM,1 TB SSD,8 GB NVIDIA GeForce RTX 4060,"14 inches, 2880 x 1800 pixels",Windows 11 OS,1 Year Warranty
585,HP Victus 15-fa1332tx Gaming Laptop (13th Gen Core i7/ 16GB/ 1TB SSD/ Win11 Home/ RTX 4050),"₹89,990",4.35,13th Gen Intel Core i7 13620H,"10 Cores (6P + 4E), 16 Threads",16 GB DDR4 RAM,1 TB SSD,6 GB NVIDIA GeForce RTX 4050,"15.6 inches, 1920 x 1080 pixels",Windows 11 OS,1 Year Warranty
586,Lenovo LOQ 83DV007GIN Gaming Laptop (13th Gen Core i5/ 16GB/ 512GB SSD/ Win11/ 6GB RTX 4050 Graph),"₹87,190",4.15,13th Gen Intel Core i5 13450HX,"10 Cores (6P + 4E), 16 Threads",16 GB DDR5 RAM,512 GB SSD,6 GB NVIDIA GeForce RTX 4050,"15.6 inches, 1920 x 1080 pixels",Windows 11 OS,1 Year Warranty
587,Dell Vostro 3530 VN3530602PF001ORB1 Laptop (13th Gen Core i5/ 8GB/ 512GB SSD/ Win11),"₹48,990",4.55,13th Gen Intel Core i5 1334U,"10 Cores (2P + 8E), 12 Threads",8 GB DDR4 RAM,512 GB SSD,Intel Integrated UHD,"15.6 inches, 1920 x 1080 pixels",Windows 11 OS,1 Year Warranty
588,Dell Vostro 3530 VN3530KCKC9001ORB1 Laptop (13th Gen Core i5/ 16GB/ 512GB SSD/ Win11),"₹54,490",4.3,13th Gen Intel Core i5 1334U,"10 Cores (2P + 8E), 12 Threads",16 GB DDR4 RAM,512 GB SSD,Intel Integrated UHD,"15.6 inches, 1920 x 1080 pixels",Windows 11 OS,1 Year Warranty
589,Acer ‎AL15G- 52 2024 Gaming Laptop (12th Gen Core i5-12450H/ 16GB/ 1TB SSD/ Win11/ 4GB RTX 2050),"₹56,999",4.6,12th Gen Intel Core i5 12450H,"Octa Core (4P + 4E), 12 Threads",16 GB DDR4 RAM,1 TB SSD,4 GB NVIDIA GeForce RTX 2050,"15.6 inches, 1920 x 1080 pixels",Windows 11 OS,1 Year Warranty
590,Acer ‎AL15G-52 Gaming Laptop (12th Gen Core i5-12450H/ 16GB/ 512GB SSD/ Win11/ 6GB RTX 3050 Graphics),"₹59,990",4.25,12th Gen Intel Core i5 12450H,"Octa Core (4P + 4E), 12 Threads",16 GB DDR4 RAM,512 GB SSD,6 GB NVIDIA GeForce RTX 3050,"15.6 inches, 1920 x 1080 pixels",Windows 11 OS,1 Year Warranty
591,HP Victus 15-FA0888TX Gaming Laptop (12th Gen Core i5/ 16GB/ 512GB SSD/ Win11/ 4GB Graph),"₹66,990",4.2,12th Gen Intel Core i5 12450H,"Octa Core (4P + 4E), 12 Threads",16 GB DDR4 RAM,512 GB SSD,4 GB NVIDIA GeForce RTX 3050,"15.6 inches, 1920 x 1080 pixels",Windows 11 OS,1 Year Warranty
592,HP 14-ew1074TU Laptop (Intel Core Ultra 5/ 16GB/ 512GB SSD/ Win 11),"₹82,490",4.7,Intel Core Ultra 5 Series 1 125H,"14 Cores (4P + 8E + 2LP-E), 18 Threads",16 GB LPDDR5 RAM,512 GB SSD,Intel Arc Graphics,"14 inches, 2560 x 1600 pixels",Windows 11 OS,1 Year Warranty
593,Lenovo LOQ 2024 ‎15AHP9 83DX0006IN Gaming Laptop (AMD Ryzen 7 8845HS/ 16GB/ 512GB SSD/ Win11/ 6GB Graph),"₹90,190",4.35,8th Gen AMD Ryzen 7 8845HS,"Octa Core, 16 Threads",16 GB DDR5 RAM,512 GB SSD,6 GB NVIDIA GeForce RTX 4050,"15.6 inches, 1920 x 1080 pixels",Windows 11 OS,1 Year Warranty
594,Lenovo LOQ 2024 ‎15AHP9 83DX000MIN Gaming Laptop (AMD Ryzen 7 8845HS/ 16GB/ 1TB SSD/ Win11/ 8GB Graph),"₹1,15,490",4.65,8th Gen AMD Ryzen 7 8845HS,"Octa Core, 16 Threads",16 GB DDR5 RAM,1 TB SSD,8 GB NVIDIA GeForce RTX 4060,"15.6 inches, 1920 x 1080 pixels",Windows 11 OS,1 Year Warranty
595,HP Victus 15-fa1312TX Gaming Laptop (12th Gen Core i5/ 8GB/ 512GB SSD/ Win11/ 4GB RTX 2050),"₹58,990",4.05,12th Gen Intel Core i5 12450H,"Octa Core (4P + 4E), 12 Threads",8 GB DDR4 RAM,512 GB SSD,4 GB NVIDIA GeForce RTX 2050,"15.6 inches, 1920 x 1080 pixels",Windows 11 OS,1 Year Warranty
596,Lenovo IdeaPad Flex 5 14ALC7 82R900FYIN Laptop (AMD Ryzen 7 5700U/ 16GB/ 512GB SSD/ Win11 Home),"₹63,990",4.15,5th Gen AMD Ryzen 7 5700U,"Octa Core, 16 Threads",16 GB DDR4 RAM,512 GB SSD,AMD Radeon,"14 inches, 1920 x 1200 pixels, Touch Screen",Windows 11 OS,1 Year Warranty
597,Asus Vivobook S 15 OLED 2024 S5506MA-MA752WS Laptop (Intel Core Ultra 7 155H/ 16GB/ 1TB SSD/ Win11),"₹96,990",4.45,Intel Core Ultra 7 Series 1 155H,"16 Cores (6P + 8E + 2LP-E), 22 Threads",16 GB LPDDR5X RAM,1 TB SSD,Intel Integrated Arc,"15.6 inches, 2880 x 1620 pixels",Windows 11 OS,1 Year Warranty
598,MSI Modern 15 B12MO-815IN Laptop (12th Gen Core i7/ 16GB/1TB SSD/ Win11 Home),"₹52,990",4.7,12th Gen Intel Core i7 1255U,"10 Cores (2P + 8E), 12 Threads",16 GB DDR4 RAM,1 TB SSD,Intel Integrated Iris Xe,"15.6 inches, 1920 x 1080 pixels",Windows 11 OS,1 Year Warranty
599,Asus Vivobook S 15 OLED 2024 S5506MA-MA552WS Laptop (Intel Core Ultra 5 125H/ 16GB/ 1TB SSD/ Win11),"₹91,990",4.45,Intel Core Ultra 5 125H,"14 Cores (4P + 8E + 2LP-E), 18 Threads",16 GB LPDDR5X RAM,1 TB SSD,Intel Integrated Arc,"15.6 inches, 2880 x 1620 pixels",Windows 11 OS,1 Year Warranty
600,MSI Prestige 14 AI Studio C1UDXG-030IN Laptop (Intel Core Ultra 7 155H/ 32GB/ 1TB SSD/ Win11 Home/ 6 GB Graphics),"₹1,14,990",4.75,Intel Core Ultra 7 155H,"16 Cores (6P + 8E + 2LP-E), 22 Threads",32 GB DDR5 RAM,1 TB SSD,6 GB NVIDIA GeForce RTX 3050,"14 inches, 1920 x 1200 pixels",Windows 11 OS,2 Year Warranty
601,MSI Prestige 14 AI Evo C1MG-050IN Laptop (Intel Core Ultra 5 125H/ 16GB/ 1TB SSD/ Win11 Home),"₹82,990",4.35,1st Gen Intel Core Ultra 5 125H,"14 Cores (4P + 8E + 2LP-E), 18 Threads",16 GB DDR5 RAM,1 TB SSD,Intel Integrated Intel Arc,"14 inches, 1920 x 1200 pixels",Windows 11 OS,2 Year Warranty
602,MSI Modern 15 B12MO-816IN Laptop (12th Gen Core i7/ 16GB/ 512GB SSD/ Win11 Home),"₹49,990",4.4,12th Gen Intel Core i7 1255U,"10 Cores (2P + 8E), 12 Threads",16 GB DDR4 RAM,512 GB SSD,Intel Integrated Iris Xe,"15.6 inches, 1920 x 1080 pixels",Windows 11 OS,1 Year Warranty
603,Microsoft Surface Pro 11 2024 Laptop (Snapdragon X Plus/ 16GB/ 256GB SSD/ Win11),"₹1,13,990",4.4,Qualcomm Snapdragon X Plus,10 Cores,16 GB LPDDR5x RAM,256 GB SSD,Qualcomm Adreno GPU,"13 inches, 2880 x 1920 pixels, Touch Screen",Windows 11 OS,1 Year Warranty
604,Microsoft Surface Laptop 7 (Snapdragon X Elite/ 16GB/ 512GB SSD/ Win11),"₹1,50,990",4.5,Qualcomm Snapdragon X Elite,16 GB ‎LPDDR5x RAM,512 GB SSD,Qualcomm Adreno GPU,"13.8 inches, 2304 x 1536 pixels, Touch Screen",Windows 11 OS,1 Year Warranty,Backlit Keyboard
605,Microsoft Surface Pro 11 Laptop (Snapdragon X Elite/ 16GB/ 512GB SSD/ Win11),"₹1,61,990",4.65,Qualcomm Snapdragon X Elite,12 Cores,16 GB LPDDR5x RAM,512 GB SSD,Qualcomm Adreno GPU,"13 inches, 2880 x 1920 pixels, Touch Screen",Windows 11 OS,1 Year Warranty
606,Lenovo Yoga 7 14ARP8 82YM0075IN Laptop (AMD Ryzen 7 7735U/ 16GB/ 1TB SSD/ Win11 Home),"₹94,890",4.1,7th Gen AMD Ryzen 7 7735U,"Octa Core, 16 Threads",16 GB DDR5 RAM,1 TB SSD,Integrated AMD Radeon 680M Graphics,"14 inches, 1920 x 1200 pixels, Touch Screen",Windows 11 OS,1 Year Warranty
607,Lenovo LOQ 83GS000PIN Gaming Laptop (12th Gen Core i5/ 16GB/ 512GB SSD/ Win11/ 6GB RTX3050 Graph),"₹70,990",4.0,12th Gen Intel Core i5 12450HX,"Octa Core (4P + 4E), 12 Threads",16 GB DDR5 RAM,512 GB SSD,6 GB NVIDIA GeForce RTX 3050,"15.6 inches, 1920 x 1080 pixels",Windows 11 OS,1 Year Warranty
608,HP ZBook Power G10 8L147PA Laptop (13th Gen Core i9/ 32 GB/ 1TB SSD/ Win11/ 8GB Graphics),"₹2,84,990",4.1,13th Gen Intel Core i9 13900H,"14 Cores (6P + 8E), 20 Threads",32 GB DDR5 RAM,1 TB SSD,8 GB NVIDIA RTX 3000 Ada,"15.6 inches, 1920 x 1080 pixels",Windows 11 OS,1 Year Warranty
609,Dell Inspiron 3535 Laptop (AMD Ryzen R7 5700U/ 16GB/ 512GB SSD/ Win11),"₹47,990",4.15,5th Gen AMD Ryzen 7 5700U,"Octa Core, 16 Threads",16 GB DDR4 RAM,512 GB SSD,AMD Radeon Graphics,"15.6 inches, 1920 x 1080 pixels",Windows 11 OS,1 Year Warranty
610,Lenovo IdeaPad Flex 5 14ALC7 82R9005JIN Laptop (AMD Ryzen 5 5500U/ 16GB/ 512GB SSD/ Win11 Home),"₹58,190",4.4,5th Gen AMD Ryzen 5 5500U,"Hexa Core, 12 Threads",16 GB LPDDR4X RAM,512 GB SSD,AMD Radeon,"14 inches, 1920 x 1200 pixels, Touch Screen",Windows 11 OS,1 Year Warranty
611,HP Victus 15-FA1279TX Gaming Laptop (13th Gen Core i5/ 16GB/ 512GB SSD/ Win11/ 6GB RTX4050),"₹78,490",4.0,13th Gen Intel Core i5 13420H,"Octa Core (4P + 4E), 12 Threads",16 GB DDR4 RAM,512 GB SSD,6 GB NVIDIA GeForce RTX 4050,"15.6 inches, 1920 x 1080 pixels",Windows 11 OS,1 Year Warranty
612,Acer Aspire ‎AL15G- 52 Gaming Laptop (12th Gen Core i5-12450H / 8GB/ 512GB SSD/ Win11/ 4GB RTX 2050),"₹52,990",4.75,12th Gen Intel Core i5 12450H,"Octa Core (4P + 4E), 12 Threads",8 GB DDR4 RAM,512 GB SSD,4 GB NVIDIA GeForce RTX 2050,"15.6 inches, 1920 x 1080 pixels",Windows 11 OS,1 Year Warranty
613,HP Omen 16-wf0148TX Gaming Laptop (13th Gen Core i9/ 16GB/ 1TB SSD/ Win11 Home/ 8GB Graph),"₹1,36,600",4.0,13th Gen Intel Core i9 13900HX,"24 Cores (8P + 16E), 32 Threads",16 GB DDR5 RAM,1 TB SSD,8 GB NVIDIA GeForce RTX 4060,"16.1 inches, 2560 x 1440 pixels",Windows 11 OS,1 Year Warranty
614,Lenovo Legion 7 16IRX9 83FD000YIN Gaming Laptop (14th Gen Core i9/ 16GB/ 1TB SSD/ Win11/ 8GB RTX 4060 Graph),"₹1,76,990",4.6,14th Gen Intel Core i9 14900HX,"24 Cores (8P + 16E), 32 Threads",16 GB DDR5 RAM,1 TB SSD,8 GB NVIDIA GeForce RTX 4060,"16 inches, 3200 x 2000 pixels",Windows 11 OS,1 Year Warranty
615,Acer ‎AL15G- 52 2024 Gaming Laptop (12th Gen Core i5-12450H/ 16GB/ 512GB SSD/ Win11/ 4GB RTX 2050),"₹53,999",4.15,12th Gen Intel Core i5 12450H,"Octa Core (4P + 4E), 12 Threads",16 GB DDR4 RAM,512 GB SSD,4 GB NVIDIA GeForce RTX 2050,"15.6 inches, 1920 x 1080 pixels",Windows 11 OS,1 Year Warranty
616,HP Pavilion Plus ‎16-ab0016TX Laptop (13th Gen Core i7/ 16GB/ 512GB SSD/ Win 11/ 6GB RTX3050 Graphics),"₹1,05,990",4.25,13th Gen Intel Core i7 13700H,"14 Cores (6P + 8E), 20 Threads",16 GB LPDDR5x RAM,512 GB SSD,6 GB NVIDIA GeForce RTX 3050,"16 inches, 2560 x 1600 pixels",Windows 11 OS,1 Year Warranty
617,Lenovo Legion Pro 7 16IRX9H 83DE001HIN Gaming Laptop (14th Gen Core i9/ 32GB/ 1TB SSD/ Win11/ 12GB RTX4080),"₹2,70,190",4.55,14th Gen Intel Core i9 14900HX,"24 Cores (8P + 16E), 32 Threads",32 GB DDR5 RAM,1 TB SSD,12 GB NVIDIA GeForce RTX 4080,"16 inches, 2560 x 1600 pixels",Windows 11 OS,1 Year Warranty
618,MSI Thin 15 B12UCX-1695IN Gaming Laptop (12th Gen Core i5/ 16GB/ 512GB SSD/ Win11 Home/ 4GB RTX 2050 Graph),"₹51,990",4.0,12th Gen Intel Core i5 12450H,"Octa Core (4P + 4E), 12 Threads",16 GB DDR4 RAM,512 GB SSD,4 GB NVIDIA GeForce RTX 2050,"15.6 inches, 1920 x 1080 pixels",Windows 11 OS,2 Year Warranty
619,MSI Thin 15 B13UC-1804IN Gaming Laptop (13th Gen Core i7/ 16GB/ 512GB SSD/ Win11 Home/ 4GB RTX3050 Graph),"₹71,490",4.1,13th Gen Intel Core i7 13620H,"10 Cores (6P + 4E), 16 Threads",16 GB DDR4 RAM,512 GB SSD,4 GB NVIDIA GeForce RTX 3050,"15.6 inches, 1920 x 1080 pixels",Windows 11 OS,2 Year Warranty
620,MSI Thin 15 B13VE-1802IN Gaming Laptop (13th Gen Core i5/ 16GB/ 1TB SSD/ Win11 Home/ 6GB RTX4050 Graph),"₹76,990",4.4,13th Gen Intel Core i5 13420H,"Octa Core (4P + 4E), 12 Threads",16 GB DDR4 RAM,1 TB SSD,6 GB NVIDIA GeForce RTX 4050,"15.6 inches, 1920 x 1080 pixels",Windows 11 OS,2 Year Warranty
621,MSI Thin 15 B13UC-1805IN Gaming Laptop (13th Gen Core i5/ 16GB/ 512GB SSD/ Win11 Home/ 4GB  RTX 3050 Graph),"₹61,990",4.45,13th Gen Intel Core i5 13420H,"Octa Core (4P + 4E), 12 Threads",16 GB DDR4 RAM,512 GB SSD,4 GB NVIDIA GeForce RTX 3050,"15.6 inches, 1920 x 1080 pixels",Windows 11 OS,2 Year Warranty
622,Dell Inspiron 5330 2024 Laptop (Intel Core Ultra 5 125H/ 16GB/ 512GB SSD/ Win11),"₹86,789",4.65,Intel Core Ultra 5 Series 1 125H,"14 Cores (4P + 8E + 2LP-E), 18 Threads",16 GB LPDDR5x RAM,512 GB SSD,Intel Arc Graphics,"13.3 inches, 2560 x 1600 pixels",Windows 11 OS,1 Year Warranty
623,Dell 14 Vostro 3420 Laptop (12th Gen Core i5/ 8GB/ 512GB SSD/ Win11),"₹49,619",4.0,12th Gen Intel Core i5 1235U,"10 Cores (2P + 8E), 12 Threads",8 GB DDR4 RAM,512 GB SSD,Intel UHD Graphics,"14 inches, 1920 x 1080 pixels",Windows 11 OS,1 Year Warranty
624,HP Victus 15-fa0444TX Gaming Laptop (12th Gen Core i5/ 16GB/ 512GB SSD/ Win11/ 4GB RTX 3050),"₹66,849",4.7,12th Gen Intel Core i5 12450H,"Octa Core (4P + 4E), 12 Threads",16 GB DDR4 RAM,512 GB SSD,4 GB NVIDIA GeForce RTX 3050,"15.6 inches, 1920 x 1080 pixels",Windows 11 OS,1 Year Warranty
625,Dell Inspiron 5330 Laptop (Intel Core Ultra 7 155H/ 16GB/ 1TB SSD/ Win11),"₹99,900",4.3,Intel Core Ultra 7 Series 1 155H,"16 Cores (6P + 8E + 2LP-E), 22 Threads",16 GB LPDDR5x RAM,1 TB SSD,Intel Arc Graphics,"13.3 inches, 2560 x 1600 pixels",Windows 11 OS,1 Year Warranty
626,HP 15-fd0187TU Laptop (13th Gen Core i5/ 8GB/ 512GB SSD/ Win11 Home),"₹50,290",4.2,13th Gen Intel Core i5 1335U,"10 Cores (2P + 8E), 12 Threads",8 GB  RAM,512 GB SSD,Intel Integrated UHD,"15.6 inches, 1920 x 1080 pixels",Windows 11 OS,1 Year Warranty
627,HP Victus 15-fa1327TX Gaming Laptop (13th Gen Core i5/ 16GB/ 512GB SSD/ Win11 Home/ 6GB RTX3050 Graph),"₹73,490",4.4,13th Gen Intel Core i5 13420H,"Octa Core (4P + 4E), 12 Threads",16 GB DDR4 RAM,512 GB SSD,6 GB NVIDIA GeForce RTX 3050,"15.6 inches, 1920 x 1080 pixels",Windows 11 OS,1 Year Warranty
628,HP Omen 16-wd0012TX Gaming Laptop (13th Gen Core i7/ 16GB/ 1TB SSD/ Win11/ 8GB Graph),"₹1,12,000",4.7,13th Gen Intel Core i7 13620H,"10 Cores (6P + 4E), 16 Threads",16 GB DDR5 RAM,1 TB SSD,8 GB NVIDIA GeForce RTX 4060,"16.1 inches, 1920 x 1080 pixels",Windows 11 OS,1 Year Warranty
629,HP Victus 15-fa1226TX Gaming Laptop (12th Gen Core i5/ 8GB/ 512GB SSD/ Win11/ 4GB RTX 2050),"₹55,890",4.15,12th Gen Intel Core i5 12450H,"Octa Core (4P + 4E), 12 Threads",8 GB DDR4 RAM,512 GB SSD,4 GB NVIDIA GeForce RTX 2050,"15.6 inches, 1920 x 1080 pixels",Windows 11 OS,1 Year Warranty
630,HP Omen 16-xf0100AX Gaming Laptop (AMD Ryzen 9 7940HS/ 16GB/ 1TB SSD/ Win11/ 8GB Graph),"₹1,39,990",4.4,7th Gen AMD Ryzen 9 7940HS,"Octa Core, 16 Threads",16 GB DDR5 RAM,1 TB SSD,8 GB NVIDIA GeForce RTX 4070,"16 inches, 1920 x 1080 pixels",Windows 11 OS,1 Year Warranty
631,Asus ROG Zephyrus G16 GU605MI-QP253WS Gaming Laptop ( Intel Core Ultra 9 185H/ 32GB/ 1TB SSD/ Win11 Home/ 8GB Graph),"₹2,09,990",4.5,Intel Core Ultra 9 Series 1 185H,"16 Cores (6P + 8E + 2LP-E), 22 Threads",32 GB LPDDR5X RAM,1 TB SSD,8 GB NVIDIA GeForce RTX 4070,"16 inches, 2560 x 1600 pixels",Windows 11 OS,1 Year Warranty
632,Asus ROG Strix G16 2023 G614JIR-N4062WS Gaming Laptop (14th Gen Core i9/ 16GB/ 1TB SSD/ Win11/ 8GB Graph),"₹1,99,000",4.75,14th Gen Intel Core i9 14900HX,"24 Cores (8P + 16E), 32 Threads",16 GB DDR5 RAM,1 TB SSD,8 GB NVIDIA GeForce RTX 4070,"16 inches, 2560 x 1600 pixels",Windows 11 OS,1 Year Warranty
633,HP 15-fd0186TU Laptop (13th Gen Core i3/ 8GB/ 512GB SSD/ Win11 Home),"₹38,995",4.1,13th Gen Intel Core i3 1315U,"Hexa Core (2P + 4E), 8 Threads",8 GB DDR4 RAM,512 GB SSD,Intel Integrated UHD,"15.6 inches, 1920 x 1080 pixels",Windows 11 OS,1 Year Warranty
634,Asus TUF Gaming A15 2024  FA507UI-LP066WS Gaming Laptop (AMD Ryzen 9 8945H/ 16GB/ 1TB SSD/ Win11 Home/ 8GB Graph),"₹1,42,990",4.55,9th Gen AMD Ryzen 9 8945H,"Octa Core, 16 Threads",16 GB DDR5 RAM,1 TB SSD,8 GB NVIDIA GeForce RTX 4070,"15.6 inches, 1920 x 1080 pixels",Windows 11 OS,1 Year Warranty
635,Acer Nitro V ANV15-41 Gaming Laptop (AMD Ryzen 5 7535HS/ 16GB/ 512GB SSD/ Win11/ 4GB Graph),"₹62,990",4.1,7th Gen AMD Ryzen 5 7535HS,"Hexa Core, 12 Threads",16 GB DDR5 RAM,512 GB SSD,4 GB NVIDIA GeForce RTX 2050,"15.6 inches, 1920 x 1080 pixels",Windows 11 OS,1 Year Warranty
636,HP Pavilion 15-eh3036AU Laptop (AMD Ryzen 5 7530U/ 8GB/ 512GB SSD/ Win11 Home),"₹44,490",4.05,7th Gen AMD Ryzen 5 7530U,"Hexa Core, 12 Threads",8 GB DDR4 RAM,512 GB SSD,AMD Radeon Graphics,"15.6 inches, 1920 x 1080 pixels",Windows 11 OS,1 Year Warranty
637,Acer Aspire Lite AL15-52 Laptop (12th Gen Core i7/ 16GB/ 512GB SSD/ Win11),"₹49,990",4.45,12th Gen Intel Core i7 1255U,"10 Cores (2P + 8E), 12 Threads",16 GB DDR4 RAM,512 GB SSD,Intel Graphics,"15.6 inches, 1920 x 1080 pixels",Windows 11 OS,1 Year Warranty
638,Lenovo LOQ 15IAX9 83GS008VIN Gaming Laptop (12th Gen Core i5/ 12GB/ 512GB SSD/ Win11/ 4GB Graph),"₹57,890",4.45,12th Gen Intel Core i5 12450HX,"Octa Core (4P + 4E), 12 Threads",12 GB DDR5 RAM,512 GB SSD,4 GB NVIDIA GeForce RTX 2050,"15.6 inches, 1920 x 1080 pixels",Windows 11 OS,1 Year Warranty
639,HP Victus 15-fa1307TX Gaming Laptop (13th Gen Core i5/ 16GB/ 1TB SSD/ Win11 Home/ RTX 2050),"₹66,999",4.75,13th Gen Intel Core i5 13420H,"Octa Core (4P + 4E), 12 Threads",16 GB DDR4 RAM,1 TB SSD,4 GB NVIDIA GeForce RTX 2050,"15.6 inches, 1920 x 1080 pixels",Windows 11 OS,1 Year Warranty
640,HP Pavilion 16-af0028TU Laptop (Intel Core Ultra 7 155U/ 16GB/ 512GB SSD/ Win11),"₹84,990",4.25,Intel Core Ultra 7 155U,"12 Cores (2P + 8E + 2LP-E), 14 Threads",16 GB LPDDR5x RAM,512 GB SSD,Intel Integrated,"16 inches, 1920 x 1200 pixels",Windows 11 OS,1 Year Warranty
641,HP 15-fd1096TU Laptop (Intel Core 5 120U/ 8GB/ 512GB SSD/ Win11),"₹63,990",4.45,Intel Core 5 Processor Series 1 120U,"10 Cores (2P + 8E), 12 Threads",8 GB DDR4 RAM,512 GB SSD,Intel Integrated,"15.6 inches, 1920 x 1080 pixels",Windows 11 OS,1 Year Warranty
642,HP Victus 15-fa1317TX Gaming Laptop (13th Gen Core i5/ 16GB/ 1TB SSD/ Win11 Home/ RTX 4050),"₹82,490",4.75,13th Gen Intel Core i5 13420H,"Octa Core (4P + 4E), 12 Threads",16 GB DDR4 RAM,1 TB SSD,6 GB NVIDIA GeForce RTX 4050,"15.6 inches, 1920 x 1080 pixels",Windows 11 OS,1 Year Warranty
643,HP Pavilion 16-af0015TU Laptop (Intel Core Ultra 5 125U/ 16GB/ 512GB SSD/ Win11),"₹65,990",4.1,Intel Core Ultra 5 Processor 125U,"12 Cores (2P + 8E + 2LP-E), 14 Threads",16 GB LPDDR5 RAM,512 GB SSD,Intel Integrated,"16 inches, 1920 x 1200 pixels",Windows 11 OS,1 Year Warranty
644,Acer Predator Helios Neo 16 ‎PHN16-72 NH.QNPSI.003 Gaming Laptop (14th Gen Core i7/ 16GB/ 512GB SSD/ Win11/ 6GB Graph),"₹1,19,999",4.5,14th Gen Intel Core i7 14700HX,"20 Cores (8P + 12E), 28 Threads",16 GB DDR5 RAM,512 GB SSD,6 GB NVIDIA GeForce RTX 4050,"16 inches, 1920 x 1200 pixels",Windows 11 OS,1 Year Warranty
645,Asus Vivobook 16 X1605ZAC-MB742WS Laptop (12th Gen Core i7/ 16GB/ 512GB SSD/ Win11 Home),"₹65,990",4.15,12th Gen Intel Core i7 12700H,"14 Cores (6P + 8E), 20 Threads",16 GB DDR4 RAM,512 GB SSD,Intel Iris Xe Graphics,"16 inches, 1920 x 1200 pixels",Windows 11 OS,1 Year Warranty
646,MSI Creator Z17 HX Studio A14VGT-262IN Creator Laptop (14th Gen Core i7/ 32GB/ 2TB SSD/ Win11/ 8GB Graph),"₹2,74,990",4.75,14th Gen Intel Core i7 14700HX,"20 Cores (8P + 12E), 28 Threads",32 GB DDR5 RAM,2 TB SSD,8 GB NVIDIA GeForce RTX 4070,"17 inches, 2560 x 1600 pixels, Touch Screen",Windows 11 OS,2 Year Warranty
647,Lenovo Legion 5 83DG009DIN Laptop (14th Gen Core i7/ 16GB/ 1TB SSD/ Win11/ 8GB Graph),"₹1,69,990",4.6,14th Gen Intel Core i7 14650HX,"16 Cores (8P + 8E), 24 Threads",16 GB DDR5 RAM,1 TB SSD,8 GB NVIDIA GeForce RTX 4070,"16 inches, 2560 x 1600 pixels",Windows 11 OS,1 Year Warranty
648,Lenovo LOQ 15IAX9 83GS003UIN Gaming Laptop (12th Gen Core i5/ 16GB/ 512GB SSD/ Win11/ 6GB Graph),"₹70,990",4.35,12th Gen Intel Core i5 12450HX,"Octa Core (4P + 4E), 12 Threads",16 GB DDR5 RAM,512 GB SSD,6 GB NVIDIA GeForce RTX 3050,"15.6 inches, 1920 x 1080 pixels",Windows 11 OS,1 Year Warranty
649,MSI Creator Z17 HX Studio A14VGT-261IN Creator Laptop (14th Gen Core i9/ 64GB/ 2TB SSD/ Win11/ 8GB Graph),"₹2,89,990",4.6,14th Gen Intel Core i9 14900HX,"24 Cores (8P + 16E), 32 Threads",64 GB DDR5 RAM,2 TB SSD,8 GB NVIDIA GeForce RTX 4070,"17 inches, 2560 x 1600 pixels, Touch Screen",Windows 11 OS,2 Year Warranty
650,MSI Pulse 17 AI C1VGKG-031IN Gaming Laptop (Intel Core Ultra 7 155H/ 16GB/ 1TB SSD/ Win11/ 8GB RTX4070 Graph),"₹1,56,989",4.05,Intel Core Ultra 7 155H,"16 Cores (6P + 8E + 2LP-E), 22 Threads",16 GB DDR5 RAM,1 TB SSD,8 GB NVIDIA GeForce RTX 4070,"17 inches, 2560 x 1600 pixels",Windows 11 OS,2 Year Warranty
651,MSI Pulse 17 AI C1VGKG-030IN Gaming Laptop (Intel Core Ultra 9 185H/ 32GB/ 1TB SSD/ Win11/ 8GB RTX4070 Graph),"₹1,67,300",4.65,Intel Core Ultra 9 Series 1 185H,"16 Cores (6P + 8E + 2LP-E), 22 Threads",32 GB DDR5 RAM,1 TB SSD,8 GB NVIDIA GeForce RTX 4070,"17 inches, 2560 x 1600 pixels",Windows 11 OS,2 Year Warranty
652,MSI Sword 16 HX B14VEKG-210IN Gaming Laptop (14th Gen Core i7/ 16GB/ 1TB SSD/ Win11 Home/ 6GB RTX4050),"₹1,09,990",4.65,14th Gen Intel Core i7 14700HX,"20 Cores (8P + 12E), 28 Threads",16 GB DDR5 RAM,1 TB SSD,6 GB NVIDIA GeForce RTX 4050,"16 inches, 1920 x 1200 pixels",Windows 11 OS,2 Year Warranty
653,MSI Pulse 16 AI C1VGKG-028IN Gaming Laptop (Intel Core Ultra 9 185H/ 32GB/ 1TB SSD/ Win11/ 8GB Graph),"₹1,52,258",4.0,Intel Core Ultra 9 Series 1 185H,"16 Cores (6P + 8E + 2LP-E), 22 Threads",32 GB DDR5 RAM,1 TB SSD,8 GB NVIDIA GeForce RTX 4070,"16 inches, 2560 x 1600 pixels",Windows 11 OS,2 Year Warranty
654,MSI Sword 16 HX B14VGKG-207IN Gaming Laptop (14th Gen Core i7/ 16GB/ 1TB SSD/ Win11 Home/ 8GB RTX4070),"₹1,34,989",4.25,14th Gen Intel Core i7 14700HX,"20 Cores (8P + 12E), 28 Threads",16 GB DDR5 RAM,1 TB SSD,8 GB NVIDIA GeForce RTX 4070,"16 inches, 1920 x 1200 pixels",Windows 11 OS,2 Year Warranty
655,MSI Sword 16 HX B14VFKG-208IN Gaming Laptop (14th Gen Core i7/ 16GB/ 1TB SSD/ Win11 Home/ 8GB Graph),"₹1,28,722",4.7,14th Gen Intel Core i7 14700HX,"20 Cores (8P + 12E), 28 Threads",16 GB DDR5 RAM,1 TB SSD,8 GB NVIDIA GeForce RTX 4060,"16 inches, 1920 x 1200 pixels",Windows 11 OS,2 Year Warranty
656,Acer Nitro V ANV15-41 Gaming Laptop (AMD Ryzen 5 7535HS/ 8GB/ 512GB SSD/ Win11/ 4GB Graph),"₹57,990",4.65,7th Gen AMD Ryzen 5 7535HS,"Hexa Core, 12 Threads",8 GB DDR5 RAM,512 GB SSD,4 GB NVIDIA GeForce RTX 2050,"15.6 inches, 1920 x 1080 pixels",Windows 11 OS,1 Year Warranty
657,Acer Predator Helios Neo 16 2024 ‎PHN16-72 Gaming Laptop (14th Gen Core i7/ 16GB/ 1TB SSD/ Win11/ 6GB Graph),"₹1,23,990",4.15,14th Gen Intel Core i7 14700HX,"20 Cores (8P + 12E), 28 Threads",16 GB DDR5 RAM,1 TB SSD,6 GB NVIDIA GeForce RTX 4050,"16 inches, 1920 x 1200 pixels",Windows 11 OS,1 Year Warranty
658,HP 15s-eq2304au Laptop (AMD Ryzen 5 5500U/ 8GB/ 512GB SSD/ Win11 Home),"₹39,990",4.3,5th Gen AMD Ryzen 5 5500U,"Hexa Core, 12 Threads",8 GB DDR4 RAM,512 GB SSD,AMD Radeon,"15.6 inches, 1920 x 1080 pixels",Windows 11 OS,1 Year Warranty
659,Lenovo Ideapad Slim 5 82XE007EIN Laptop (AMD Ryzen 7 7730U/ 16 GB RAM/ 1TB SSD/ Win 11),"₹65,390",4.3,7th Gen AMD Ryzen 7 7730U,"Octa Core, 16 Threads",16 GB DDR4 RAM,1 TB SSD,AMD Radeon Graphics,"14 inches, 1920 x 1200 pixels",Windows 11 OS,1 Year Warranty
660,HP 15s-eq2305AU Laptop (AMD Ryzen 5 5500U/ 16GB/ 512GB SSD/ Win11 Home),"₹40,999",4.3,5th Gen AMD Ryzen 5 5500U,"Hexa Core, 12 Threads",16 GB DDR4 RAM,512 GB SSD,AMD Radeon,"15.6 inches, 1920 x 1080 pixels",Windows 11 OS,1 Year Warranty
661,Samsung Galaxy Book 4 NP750XGJ-KG1IN Laptop (Intel Core i5 1335U/ 8GB/ 512GB SSD/ Win11),"₹52,990",4.0,13th Gen Intel Core i5 1335U,"10 Cores (2P + 8E), 12 Threads",8 GB LPDDR4x RAM,512 GB SSD,Intel Iris Xe Graphics,"15.6 inches, 1920 x 1080 pixels",Windows 11 OS,1 Year Warranty
662,HP Chromebook 11MK G9 EE Laptop (MediaTek MT8183/ 4GB/ 32GB eMMC/ Chrome OS),"₹11,990",4.75,MediaTek Kompanio 500 500,Octa Core,4 GB LPDDR4X RAM,32 GB eMMC Storage,Arm Mali-G72 MP3,"11.6 inches, 1366 x 768 pixels",Chrome OS,1 Year Warranty
663,Lenovo Legion 5 16IRX9 83DG004SIN Laptop (14th Gen Core i7/ 16GB/ 1TB SSD/ Win11/ 8GB RTX4060),"₹1,46,990",4.55,14th Gen Intel Core i7 14650HX,"16 Cores (8P + 8E), 24 Threads",16 GB DDR5 RAM,1 TB SSD,8 GB NVIDIA GeForce RTX 4060,"16 inches, 2560 x 1600 pixels",Windows 11 OS,1 Year Warranty
664,Lenovo Legion Pro 5 83DF003NIN Gaming Laptop (14th Gen Core i7/ 16GB/ 1TB SSD/ Win11/ 8GB Graph),"₹1,57,190",4.35,14th Gen Intel Core i7 14650HX,"16 Cores (8P + 8E), 24 Threads",16 GB DDR5 RAM,1 TB SSD,8 GB NVIDIA GeForce RTX 4060,"16 inches, 2560 x 1600 pixels",Windows 11 OS,1 Year Warranty
665,Lenovo Legion Pro 5 83DF003PIN Gaming Laptop (14th Gen Core i9/ 32GB/ 1TB SSD/ Win11/ 8GB Graph),"₹1,89,999",4.65,14th Gen Intel Core i9 14900HX,"24 Cores (8P + 16E), 32 Threads",32 GB DDR5 RAM,1 TB SSD,8 GB NVIDIA GeForce RTX 4070,"16 inches, 2560 x 1600 pixels",Windows 11 OS,1 Year Warranty
666,Lenovo ThinkBook 16 G6 21KHA0J5IN Laptop (13th Gen Core i3/ 8GB/ 512GB SSD/ Win11 Home),"₹73,800",4.55,13th Gen Intel Core i3 1315U,"Hexa Core (2P + 4E), 8 Threads",8 GB DDR5 RAM,512 GB SSD,Intel Graphics,"16 inches, 1920 x 1080 pixels",Windows 11 OS,1 Year Warranty
667,HP 15s-fq5331TU Laptop (12th Gen Core i5/ 8GB/ 1TB SSD/ Win11 Home),"₹48,790",4.3,12th Gen Intel Core i5 1235U,"10 Cores (2P + 8E), 12 Threads",8 GB DDR4 RAM,1 TB SSD,Intel UHD Graphics,"15.6 inches, 1920 x 1080 pixels",Windows 11 OS,1 Year Warranty
668,Lenovo ThinkBook 16 G6 21KHA0J6IN Laptop (13th Gen Core i5/ 16GB/ 512GB SSD/ Win11 Home),"₹62,500",4.2,13th Gen Intel Core i5 1335U,"10 Cores (2P + 8E), 12 Threads",16 GB DDR5 RAM,512 GB SSD,Iris Xe Graphics,"16 inches, 1920 x 1080 pixels",Windows 11 OS,1 Year Warranty
669,Microsoft Surface Laptop 6 (Intel Core Ultra 7 165H/ 16GB/ 512GB SSD/ Win11),"₹1,99,990",4.25,Intel Core Ultra 7 Series 1 165H,"16 Cores (6P + 8E + 2LP-E), 22 Threads",16 GB  RAM,512 GB SSD,Intel Arc Graphics,"13.5 inches, 2256 x 1504 pixels, Touch Screen",Windows 11 OS,1 Year Warranty
670,Microsoft Surface Pro10 Laptop (Intel Core Ultra 7 165U/ 32GB/ 1TB SSD/ Win11),"₹1,99,990",4.45,Intel Core Ultra 7 165U,"12 Cores (2P + 8E + 2LP-E), 14 Threads",32 GB LPDDR5x RAM,1 TB SSD,Intel Graphics,"13 inches, 2880 x 1920 pixels, Touch Screen",Windows 11 OS,1 Year Warranty
671,Huawei MateBook X Pro 2024 Laptop (Intel Core Ultra 9 185H/ 32GB/ 2TB SSD/ Win11 Home),"₹1,88,990",4.55,Intel Core Ultra 9 Series 1 185H,"16 Cores (6P + 8E + 2LP-E), 22 Threads",32 GB  RAM,2 TB SSD,Intel Arc Graphics,"14.2 inches, 3120 x 2080 pixels, Touch Screen",Windows 11 OS,1 Year Warranty
672,Lenovo Legion Pro 7 83DE001JIN Gaming Laptop (13th Gen Core i9/ 32GB/ 1TB SSD/ Win11 Home/ 16GB Graph),"₹3,20,190",4.55,14th Gen Intel Core i9 14900HX,"24 Cores (8P + 16E), 32 Threads",32 GB DDR5 RAM,1 TB SSD,16 GB NVIDIA GeForce RTX 4090,"16 inches, 2560 x 1600 pixels",Windows 11 OS,1 Year Warranty
673,MSI Crosshair 16 HX D14VGKG-205IN Gaming Laptop (14th Gen Core i7/ 32GB/ 1TB SSD/ Win11 Home/ 8GB RTX4070),"₹1,69,990",4.5,14th Gen Intel Core i7 14700HX,"20 Cores (8P + 12E), 28 Threads",32 GB DDR5 RAM,1 TB SSD,8 GB NVIDIA GeForce RTX 4070,"16 inches, 2560 x 1440 pixels",Windows 11 OS,2 Year Warranty
674,MSI Raider GE78 HX 14VIG-804IN Gaming Laptop (14th Gen Core i9/ 32GB/ 2TB SSD/ Win11 Home/ 16GB Graph),"₹3,39,990",4.3,14th Gen Intel Core i9 14900HX,"24 Cores (8P + 16E), 32 Threads",32 GB DDR5 RAM,2 TB SSD,16 GB NVIDIA GeForce RTX 4090,"17 inches, 2560 x 1600 pixels",Windows 11 OS,2 Year Warranty
675,Asus Zenbook Duo OLED 2024 UX8406MA-QL551WS Laptop (Intel Core Ultra 5 125H/ 16GB/ 1TB SSD/ Win11),"₹1,64,990",4.3,Intel Core Ultra 5 Series 1 125H,"14 Cores (4P + 8E + 2LP-E), 18 Threads",16 GB LPDDR5X RAM,1 TB SSD,Intel Arc Graphics,"14 inches, 1920 x 1200 pixels, Touch Screen",Windows 11 OS,1 Year Warranty
676,Lenovo LOQ 15IRX9 83DV00BCIN Gaming Laptop (13th Gen Core i7/ 16GB/ 512GB SSD/ Win11/ 6GB RTX3050),"₹89,990",4.25,13th Gen Intel Core i7 13650HX,14 Cores (6P + 8E),16 GB DDR5 RAM,512 GB SSD,6 GB NVIDIA GeForce RTX 3050,"15.6 inches, 1920 x 1080 pixels",Windows 11 OS,1 Year Warranty
677,Lenovo LOQ 15IAX9 83GS003QIN Gaming Laptop (12th Gen Core i5/ 16GB/ 512GB SSD/ Win11/ 6GB Graph),"₹71,990",4.6,12th Gen Intel Core i5 12450HX,"Octa Core (4P + 4E), 12 Threads",16 GB DDR5 RAM,512 GB SSD,6 GB NVIDIA GeForce RTX 3050,"15.6 inches, 1920 x 1080 pixels",Windows 11 OS,1 Year Warranty
678,HP 15-fd1099TU Laptop (Intel Core Ultra 5/ 16GB/ 512GB SSD/ Win11),"₹67,190",4.65,Intel Core Ultra 5 Series 1 125H,"14 Cores (4P + 8E + 2LP-E), 18 Threads",16 GB DDR4 RAM,512 GB SSD,Intel Integrated,"15.6 inches, 1920 x 1080 pixels",Windows 11 OS,1 Year Warranty
679,Lenovo IdeaPad Slim 5 83DA003GIN Laptop (Intel Core Ultra 5 125H/ 16 GB RAM/ 1TB SSD/ Win 11),"₹75,800",4.7,Intel Core Ultra 5 Series 1 125H,"14 Cores (4P + 8E + 2LP-E), 18 Threads",16 GB LPDDR5X RAM,1 TB SSD,Intel Arc Graphics,"14 inches, 1920 x 1200 pixels",Windows 11 OS,1 Year Warranty
680,Ultimus Pro NU14U5INC43BN-SG Laptop (Celeron N4020c/ 4GB/ 128GB SSD/ Win11 Home),"₹12,990",4.2,Intel Celeron N4020c,"Dual Core, 2 Threads",4 GB DDR4 RAM,128 GB SSD,Intel Integrated UHD Graphics,"14.1 inches, 1366 x 768 pixels",Windows 11 OS,1 Year Warranty
681,Razer Blade 18 Gaming Laptop (14th Gen Core i9/ 32GB/ 1TB SSD/ Win11 Home/ 16GB Graph),"₹3,49,990",4.15,14th Gen Intel Core i9 14900HX,"24 Cores (8P + 16E), 32 Threads",32 GB DDR5 RAM,1 TB SSD,16 GB NVIDIA GeForce RTX 4090,"18 inches, 2560 x 1600 pixels",Windows 11 OS,1 Year Warranty
682,Dell Alienware M16 R2 2024 Gaming Laptop (Intel Core Ultra 9 185H/ 16GB/ 1TB SSD/ Win 11/ 8GB RTX4060),"₹1,65,990",4.65,Intel Core Ultra 9 Series 1 185H,"16 Cores (6P + 8E + 2LP-E), 22 Threads",16 GB DDR5 RAM,1 TB SSD,8 GB NVIDIA GEFORCE RTX 4060,"16 inches, 2560 x 1600 pixels",Windows 11 OS,1 Year Warranty
683,Lenovo ThinkPad E14 21JKS0X800 Laptop (13th Gen Core i5/ 16GB/ 512GB SSD/ Win11 Home),"₹74,990",4.3,13th Gen Intel Core i5 1335U,"10 Cores (2P + 8E), 12 Threads",16 GB DDR4 RAM,512 GB SSD,Intel Iris Xe Graphics comes,"14 inches, 1920 x 1200 pixels",Windows 11 OS,1 Year Warranty
684,Infinix INBook X1 Slim Series Laptop (10th Gen Core i7/ 8GB/ 512GB SSD/ Win 11 Home),"₹64,990",4.3,10th Gen Intel Core i7 1065G7,"Quad Core, 8 Threads",8 GB LPDDR4X RAM,512 GB SSD,Intel Integrated UHD,"14 inches, 1920 x 1080 pixels",Windows 11 OS,1 Year Warranty
685,Acer Predator Helios 16 ‎PH16-72 NH.QNZSI.002 Gaming Laptop (14th Gen Core i9/ 32GB/ 1TB SSD/ Win11/ 12GB Graph),"₹2,44,990",4.6,14th Gen Intel Core i9 14900HX,"24 Cores (8P + 16E), 32 Threads",32 GB DDR5 RAM,1 TB SSD,12 GB NVIDIA GeForce RTX 4080,"16 inches, 2560 x 1600 pixels",Windows 11 OS,1 Year Warranty
686,Acer Predator Helios 16 ‎PH16-72 NH.QNXSI.003 Gaming Laptop (14th Gen Core i9/ 16GB/ 1TB SSD/ Win11/ 8GB  RTX4070),"₹1,89,990",4.05,14th Gen Intel Core i9 14900HX,"24 Cores (8P + 16E), 32 Threads",16 GB DDR5 RAM,1 TB SSD,8 GB NVIDIA GeForce RTX 4070,"16 inches, 2560 x 1600 pixels",Windows 11 OS,1 Year Warranty
687,Acer Swift Go 14 2024 SFG14-73T Laptop (Intel Core Ultra 7 155H/ 16GB/ 1TB SSD/ Win11 Home),"₹84,990",4.7,Intel Core Ultra 7 Series 1 155H,"16 Cores (6P + 8E + 2LP-E), 22 Threads",16 GB LPDDR5X RAM,1 TB SSD,Intel Integrated ARC Graphics,"14 inches, 1920 x 1200 pixels",Windows 11 OS,1 Year Warranty
688,Acer Swift Go 14 OLED SFG14-73 Laptop (Intel Core Ultra 7 155H/ 16GB/ 1TB SSD/ Win11 Home),"₹92,990",4.75,Intel Core Ultra 7 Series 1 155H,"16 Cores (6P + 8E + 2LP-E), 22 Threads",16 GB  RAM,1 TB SSD,Intel Integrated ARC Graphics,"14 inches, 2880 x 1800 pixels",Windows 11 OS,1 Year Warranty
689,Acer Swift Go 14 SFG14-73T Laptop (Intel Core Ultra 5 125H/ 16GB/ 512GB SSD/ Win11 Home),"₹69,990",4.1,Intel Core Ultra 5 Series 1 125H,"14 Cores (4P + 8E + 2LP-E), 18 Threads",16 GB  RAM,512 GB SSD,Intel Integrated ARC Graphics,"14 inches, 1920 x 1200 pixels",Windows 11 OS,1 Year Warranty
690,Acer Nitro V ANV15-51 NH.QN8SI.001 Gaming Laptop (13th Gen Core i7/ 16GB/ 512GB SSD/ Win11/ 6GB Graph),"₹89,999",4.1,13th Gen Intel Core i7 13620H,"10 Cores (6P + 4E), 16 Threads",16 GB DDR5 RAM,512 GB SSD,6 GB NVIDIA GeForce RTX 4050,"15.6 inches, 1920 x 1080 pixels",Windows 11 OS,1 Year Warranty
691,Lenovo Yoga Slim 7 83CV002DIN Laptop ( Intel Core Ultra 7 155H/ 32GB/ 1TB SSD/ Win11 Home),"₹1,06,990",4.4,Intel Core Ultra 7 Series 1 155H,"16 Cores (6P + 8E + 2LP-E), 22 Threads",32 GB LPDDR5x RAM,1 TB SSD,Integrated Intel Arc Graphics,"14 inches, 1920 x 1200 pixels",Windows 11 OS,1 Year Warranty
692,Acer Predator Helios Neo 16 ‎PHN16-72 Gaming Laptop (14th Gen Core i9/ 16GB/ 1TB SSD/ Win11/ 8GB Graph),"₹1,71,900",4.05,14th Gen Intel Core i9 14900HX,"24 Cores (8P + 16E), 32 Threads",16 GB DDR5 RAM,1 TB SSD,8 GB NVIDIA GeForce RTX 4070,"16 inches, 2560 x 1600 pixels",Windows 11 OS,1 Year Warranty
693,Acer Aspire Lite AL15-41 Laptop (AMD Ryzen 7 5700U/ 16GB/ 1TB SSD/ Win11),"₹43,990",4.75,5th Gen AMD Ryzen 7 5700U,"Octa Core, 16 Threads",16 GB DDR4 RAM,1 TB SSD,AMD Graphics,"15.6 inches, 1920 x 1080 pixels",Windows 11 OS,1 Year Warranty
694,Acer Aspire Lite AL15-41 Laptop (AMD Ryzen 3 5300U/ 8GB/ 512GB SSD/ Win11),"₹27,990",4.05,5th Gen AMD Ryzen 3 5300U,"Quad Core, 8 Threads",8 GB DDR4 RAM,512 GB SSD,AMD Graphics,"15.6 inches, 1920 x 1080 pixels",Windows 11 OS,1 Year Warranty
695,Asus VivoBook 15 X1500EA-EJ122WS Laptop (Intel Pentium Gold 7505/ 8GB/ 512GB SSD/ Win11),"₹24,890",4.2,Intel Pentium Gold 7505,"Dual Core, 4 Threads",8 GB DDR4 RAM,512 GB SSD,Intel Integrated UHD,"15.6 inches, 1920 x 1080 pixels",Windows 11 OS,1 Year Warranty
696,Lenovo IdeaPad Slim 3 ‎15IAH8 83ER00BCIN Laptop (12th Gen Core i5/ 16GB/ 512GB SSD/ Win11 Home),"₹51,150",4.4,12th Gen Intel Core i5 12450H,"Octa Core (4P + 4E), 12 Threads",16 GB LPDDR5 RAM,512 GB SSD,Intel Integrated UHD Graphics,"15.6 inches, 1920 x 1080 pixels",Windows 11 OS,1 Year Warranty
697,HP Envy x360 14-fa0038AU Laptop (AMD Ryzen 5 8640HS/ 16GB/ 512GB SSD/ Win11),"₹81,490",4.4,8th Gen AMD Ryzen 5 8640HS,"Hexa Core, 12 Threads",16 GB LPDDR5 RAM,512 GB SSD,AMD Radeon Graphics,"14 inches, 1920 x 1200 pixels, Touch Screen",Windows 11 OS,1 Year Warranty
698,HP 15s-fq5327TU Laptop (12th Gen Core i3/ 8GB/ 512GB SSD/ Win11 Home),"₹35,900",4.4,12th Gen Intel Core i3 1215U,"Hexa Core (2P + 4E), 8 Threads",8 GB DDR4 RAM,512 GB SSD,Intel UHD Graphics,"15.6 inches, 1920 x 1080 pixels",Windows 11 OS,1 Year Warranty
699,HP Envy x360 14-fc0078TU Laptop (Intel Core Ultra 5 125U/ 16GB/ 512GB SSD/ Win11),"₹99,990",4.45,1st Gen Intel Core Ultra 5 125U,"12 Cores (2P + 8E + 2LP-E), 14 Threads",16 GB LPDDR5 RAM,512 GB SSD,Intel Integrated Intel Graphics,"14 inches, 2880 x 1800 pixels, Touch Screen",Windows 11 OS,1 Year Warranty
700,HP Envy x360 15-fe0014TX Laptop (13th Gen Core i7/ 16GB/ 1TB SSD/ Win11/ 4GB Graphics),"₹1,49,588",4.15,13th Gen Intel Core i7 1355U,"10 Cores (2P + 8E), 12 Threads",16 GB LPDDR5 RAM,1 TB SSD,4 GB NVIDIA GeForce RTX 3050,"15.6 inches, 1920 x 1080 pixels, Touch Screen",Windows 11 OS,1 Year Warranty
701,Lenovo V14 82TSA0CWIH Laptop (12th Gen Core i5/ 8GB/ 512GB SSD/ Win11 Pro),"₹34,990",4.5,12th Gen Intel Core i5 1235U,"10 Cores (2P + 8E), 12 Threads",8 GB DDR4 RAM,512 GB SSD,Intel Integrated UHD,"14 inches, 1920 x 1080 pixels",Windows 11 OS,1 Year Warranty
702,Lenovo V14 82TS005DIH Laptop (12th Gen Core i5/ 8GB/ 512GB SSD/ DOS),"₹34,999",4.35,12th Gen Intel Core i5 1235U,"10 Cores (2P + 8E), 12 Threads",8 GB DDR4 RAM,512 GB SSD,Intel Integrated UHD,"14 inches, 1920 x 1080 pixels",DOS OS,1 Year Warranty
703,Lenovo V14 G3 82TSA0EMIH Laptop (12th Gen Core i3/ 8GB/ 512GB SSD/ Win11),"₹31,480",4.0,12th Gen Intel Core i3 1215U,"Hexa Core (2P + 4E), 8 Threads",8 GB DDR4 RAM,512 GB SSD,Intel Integrated UHD,"14 inches, 1920 x 1080 pixels",Windows 11 OS,1 Year Warranty
704,HP 15s-fq5329TU Laptop (12th Gen Core i5/ 8GB/ 512GB SSD/ Win11 Home),"₹44,900",4.6,12th Gen Intel Core i5 1235U,"10 Cores (2P + 8E), 12 Threads",8 GB DDR4 RAM,512 GB SSD,Intel Integrated Iris Xe,"15.6 inches, 1920 x 1080 pixels",Windows 11 OS,1 Year Warranty
705,HP Envy x360 14-fa0052AU Laptop (AMD Ryzen 7 8840HS/ 16GB/ 512GB SSD/ Win11),"₹88,800",4.35,8th Gen AMD Ryzen 7 8840HS,"Octa Core, 16 Threads",16 GB LPDDR5 RAM,512 GB SSD,AMD Radeon Graphics,"14 inches, 1920 x 1200 pixels, Touch Screen",Windows 11 OS,1 Year Warranty
706,Lenovo Legion Pro 7i 2024 Gaming Laptop (14th Gen Core i9/ 32GB/ 1TB SSD/ Win11 Home/ 12GB Graph),"₹2,97,758",4.0,14th Gen Intel Core i9 14900HX,"24 Cores (8P + 16E), 32 Threads",32 GB DDR5 RAM,1 TB SSD,12 GB NVIDIA Geforce RTX 4080,"16 inches, 2560 x 1600 pixels",Windows 11 OS,1 Year Warranty
707,HP Envy x360 14-fc0105TU Laptop (Intel Core Ultra 5 125U/ 16GB/ 512GB SSD/ Win11),"₹88,999",4.6,Intel Core Ultra 5 125U,"12 Cores (2P + 8E + 2LP-E), 14 Threads",16 GB LPDDR5 RAM,512 GB SSD,Integrated Intel Graphics,"14 inches, 1920 x 1200 pixels, Touch Screen",Windows 11 OS,1 Year Warranty
708,Lenovo ThinkPad P14s 21HF001FIG Laptop (13th Gen Core i7/ 16GB/ 512GB SSD/ Win11 Pro/ 4GB Graphics),"₹85,000",4.7,13th Gen Intel Core i7 1360P,"12 Cores (4P + 8E), 16 Threads",16 GB LPDDR5X RAM,512 GB SSD,4 GB NVIDIA RTX A500,"14 inches, 1920 x 1200 pixels",Windows 11 OS,3 Year Warranty
709,Samsung Galaxy Book 4 NP750XGK-KS3IN Laptop (Intel Core 7 Processor 150U/ 16GB/ 512GB SSD/ Win11),"₹71,990",4.0,Intel Core 7 Processor Series 1 150U,"10 Cores (2P + 8E), 12 Threads",16 GB LPDDR4x RAM,512 GB SSD,Intel Graphics,"15.6 inches, 1920 x 1080 pixels",Windows 11 OS,1 Year Warranty
710,HP Envy x360 14-fc0106TU Laptop (Intel Core Ultra 7 155U/ 16GB/ 512GB SSD/ Win11),"₹99,490",4.75,Intel Core Ultra 7 155U,"12 Cores (2P + 8E + 2LP-E), 14 Threads",16 GB LPDDR5 RAM,512 GB SSD,Integrated Intel Graphics,"14 inches, 1920 x 1200 pixels, Touch Screen",Windows 11 OS,1 Year Warranty
711,Samsung Galaxy Book 4 NP750XGK-KS2IN Laptop (Intel Core 5 Processor 120U/ 16GB/ 512GB SSD/ Win11),"₹56,790",4.45,Intel Core 5 Processor Series 1 120U,"10 Cores (2P + 8E), 12 Threads",16 GB LPDDR4x RAM,512 GB SSD,Intel Graphics,"15.6 inches, 1920 x 1080 pixels",Windows 11 OS,1 Year Warranty
712,Samsung Galaxy Book 4 NP750XGK-KS1IN Laptop (Intel Core 5 Processor 120U/ 8GB/ 512GB SSD/ Win11),"₹54,490",4.65,Intel Core 5 Processor Series 1 120U,"10 Cores (2P + 8E), 12 Threads",8 GB LPDDR4x RAM,512 GB SSD,Intel Graphics,"15.6 inches, 1920 x 1080 pixels",Windows 11 OS,1 Year Warranty
713,HP Spectre x360 14-ef2035TU Laptop (13th Gen Core i7/ 32GB/ 1TB SSD/ Win11 Home),"₹1,68,617",4.25,13th Gen Intel Core i7 1355U,"10 Cores (2P + 8E), 12 Threads",32 GB LPDDR4X RAM,1 TB SSD,Intel Iris Xe Graphics,"13.5 inches, 3000 x 2000 pixels, Touch Screen",Windows 11 OS,1 Year Warranty
714,HP Omen Transcend 14-fb0007TX Gaming Laptop (Intel Core Ultra 7 155H/ 16GB/ 1TB SSD/ Win11 Home/ 8GB Graph),"₹1,26,990",4.65,Intel Core Ultra 7 Series 1 155H,"16 Cores (6P + 8E + 2LP-E), 22 Threads",16 GB LPDDR5x RAM,1 TB SSD,8 GB NVIDIA GeForce RTX 4060,"14 inches, 2880 x 1800 pixels",Windows 11 OS,1 Year Warranty
715,Lenovo IdeaPad Slim 3 83EQ0044IN Laptop (12th Gen Core i5/ 16GB/ 512GB SSD/ Win11 Home),"₹49,600",4.35,12th Gen Intel Core i5 12450H,"Octa Core (4P + 4E), 12 Threads",16 GB LPDDR5 RAM,512 GB SSD,Intel Integrated UHD Graphics,"14 inches, 1920 x 1080 pixels",Windows 11 OS,1 Year Warranty
716,HP Pavilion 15-eg3032TU Laptop (13th Gen Core i7/ 16GB/ 512GB SSD/ Win11 Home),"₹76,990",4.7,13th Gen Intel Core i7 1360P,"12 Cores (4P + 8E), 16 Threads",16 GB DDR4 RAM,512 GB SSD,Intel Iris Xe Graphics,"15.6 inches, 1920 x 1080 pixels",Windows 11 OS,1 Year Warranty
717,Samsung Galaxy Book 4 Edge Laptop (Snapdragon X Elite/ 16GB/ 512GB SSD/ Win11),"₹1,62,990",4.4,Qualcomm Snapdragon X Elite,16 GB LPDDR5X RAM,512 GB SSD,Intel Arc Graphics,"16 inches, 2880 x 1800 pixels, Touch Screen",Windows 11 OS,1 Year Warranty,Backlit Keyboard
718,MSI Commercial 14 H A13MG-064IN Laptop (13th Gen Core i5/ 16GB/ 512GB SSD/ Win11),"₹79,990",4.35,13th Gen Intel Core i5 13420H,"Octa Core (4P + 4E), 12 Threads",16 GB DDR4 RAM,512 GB SSD,Intel Integrated Iris Xe,"14 inches, 1920 x 1200 pixels",Windows 11 OS,3 Year Warranty
719,HP 15-FC0029AU Laptop (AMD Ryzen 5 7520U/ 8GB/ 512GB SSD/ Win11 Home),"₹43,999",4.55,7th Gen AMD Ryzen 5 7520U,"Quad Core, 8 Threads",8 GB LPDDR5 RAM,512 GB SSD,AMD Radeon AMD,"15.6 inches, 1920 x 1080 pixels",Windows 11 OS,1 Year Warranty
720,Honor MagicBook X14 Pro 2024 ‎FRI-G56 Laptop (13th Gen Core i5/ 16GB/ 512GB SSD/ Win11 Home),"₹48,990",4.0,13th Gen Intel Core i5 13420H,"Octa Core (4P + 4E), 12 Threads",16 GB LPDDRx4 RAM,512 GB SSD,Intel UHD Graphics,"14 inches, 1920 x 1200 pixels",Windows 11 OS,1 Year Warranty
721,Lenovo IdeaPad 1 82V700ECIN Laptop (Celeron N4020/ 8GB/ 512GB SSD/ Win11 Home),"₹23,990",4.4,4th Gen Intel Celeron N4020,"Dual Core, 2 Threads",8 GB DDR4 RAM,512 GB SSD,Intel UHD Graphics 600,"15.6 inches, 1366 x 768 pixels",Windows 11 OS,1 Year Warranty
722,HP Victus 15-fa1128TX Gaming Laptop (13th Gen Core i5/ 16GB/ 512GB SSD/ Win11 Home/ 4GB Graph),"₹64,990",4.55,13th Gen Intel Core i5 13420H,"Octa Core (4P + 4E), 12 Threads",16 GB DDR4 RAM,512 GB SSD,4 GB NVIDIA GeForce RTX 2050,"15.6 inches, 1920 x 1080 pixels",Windows 11 OS,1 Year Warranty
723,MSI Raider GE78 HX 14VHG-805IN Gaming Laptop (14th Gen Core i9/ 32GB/ 2TB SSD/ Win11 Home/ 12GB Graph),"₹2,72,990",4.45,14th Gen Intel Core i9 14900HX,"24 Cores (8P + 16E), 32 Threads",32 GB DDR5 RAM,2 TB SSD,12 GB NVIDIA GeForce RTX 4080,"17 inches, 2560 x 1600 pixels",Windows 11 OS,2 Year Warranty
724,MSI Katana A15 AI B8VE-418IN Gaming Laptop (AMD Ryzen 7 8845HS/ 16GB/ 512GB SSD/ Win11 /6GB Graph),"₹89,990",4.1,8th Gen AMD Ryzen 7 8845HS,"Octa Core, 16 Threads",16 GB DDR5 RAM,512 GB SSD,6 GB NVIDIA GeForce RTX 4050,"15.75 inches, 1920 x 1080 pixels",Windows 11 OS,2 Year Warranty
725,MSI Cyborg 15 AI A1VFK-049IN Gaming Laptop (Intel Core Ultra 7 155H/ 16GB/ 1TB SSD/ Win11/ 8GB Graph),"₹95,160",4.3,Intel Core Ultra 7 Series 1 155H,"16 Cores (6P + 8E + 2LP-E), 22 Threads",16 GB DDR5 RAM,1 TB SSD,8 GB NVIDIA GeForce RTX 4060,"15.6 inches, 1920 x 1080 pixels",Windows 11 OS,2 Year Warranty
726,Apple MacBook Air 2024 MRXW3HN/A Laptop (Apple M3/ 8GB/ 512GB SSD/ MacOS),"₹1,08,849",4.3,Apple M3,Octa Core (4P + 4E),8 GB  RAM,512 GB SSD,Apple 10 Core GPU,"13.6 inches, 2560 x 1664 pixels",Mac OS,1 Year Warranty
727,Apple MacBook Air 15 2024 Laptop (Apple M3/ 16GB/ 512GB SSD/ MacOS),"₹1,34,900",4.4,Apple M3,Octa Core (4P + 4E),16 GB  RAM,512 GB SSD,10-Core GPU,"15.3 inches, 2880 x 1864 pixels",Mac OS,1 Year Warranty
728,Apple MacBook Air 2024 MXCT3HN/A Laptop (Apple M3/ 16GB/ 512GB SSD/ MacOS),"₹1,09,900",4.05,Apple M3,Octa Core (4P + 4E),16 GB  RAM,512 GB SSD,Apple 10 Core GPU,"13.6 inches, 2560 x 1664 pixels",Mac OS,1 Year Warranty
729,Apple MacBook Air 15 2024 MRYR3HN/A Laptop (Apple M3/ 8GB/ 256GB SSD/ MacOS),"₹1,13,490",4.1,Apple M3,Octa Core (4P + 4E),8 GB DDR4 RAM,256 GB SSD,10-Core GPU,"15.3 inches, 2880 x 1864 pixels",Mac OS,1 Year Warranty
730,Apple MacBook Air 2024 MRYN3HN/A Laptop (Apple M3/ 8GB/ 512GB SSD/ MacOS),"₹1,31,490",4.15,Apple M3,Octa Core (4P + 4E),8 GB DDR4 RAM,512 GB SSD,10-Core GPU,"15.3 inches, 2880 x 1864 pixels",Mac OS,1 Year Warranty
731,MSI Thin A15 AI B7UCX-068IN Gaming Laptop (AMD Ryzen 5 7535H/ 16GB/ 512GB SSD/ Win11/ 4GB Graph),"₹52,990",4.0,7th Gen AMD Ryzen 5 7535HS,"Hexa Core, 12 Threads",16 GB DDR4 RAM,512 GB SSD,4 GB NVIDIA GeForce RTX 2050,"15.6 inches, 1920 x 1080 pixels",Windows 11 OS,2 Year Warranty
732,Lenovo IdeaPad Slim 3 83EM0023IN Laptop (13th Gen Core i5/ 16GB/ 512GB SSD/ Win11),"₹58,890",4.25,13th Gen Intel Core i5 13420H,"Octa Core (4P + 4E), 12 Threads",16 GB LPDDR5 RAM,512 GB SSD,Integrated Intel UHD Graphics,"15.6 inches, 1920 x 1080 pixels",Windows 11 OS,1 Year Warranty
733,MSI Thin A15 AI B7VE-065IN Gaming Laptop (AMD Ryzen 7 7735H/ 16GB/ 1TB SSD/ Win11/ 6GB Graph),"₹84,990",4.25,7th Gen AMD Ryzen 7 7735HS,"Octa Core, 16 Threads",16 GB DDR4 RAM,1 TB SSD,6 GB NVIDIA GeForce RTX 4050,"15.6 inches, 1920 x 1080 pixels",Windows 11 OS,2 Year Warranty
734,MSI Thin A15 AI B7VE-066IN Gaming Laptop (AMD Ryzen 5 7535H/ 16GB/ 512GB SSD/ Win11/ 6GB Graph),"₹72,020",4.5,7th Gen AMD Ryzen 5 7535HS,"Hexa Core, 12 Threads",16 GB DDR4 RAM,512 GB SSD,6 GB NVIDIA GeForce RTX 4050,"15.6 inches, 1920 x 1080 pixels",Windows 11 OS,2 Year Warranty
735,MSI Vector 17 HX A14VHG-806IN Gaming Laptop (14th Gen Core i9/ 32GB/ 2TB SSD/ Win11 Home/ 12GB Graph),"₹2,49,989",4.5,14th Gen Intel Core i9 14900HX,"24 Cores (8P + 16E), 32 Threads",32 GB DDR5 RAM,2 TB SSD,12 GB NVIDIA GeForce RTX 4080,"17 inches, 2560 x 1600 pixels",Windows 11 OS,2 Year Warranty
736,Chuwi HeroBook Plus Laptop (Intel Celeron N4020/ 8GB/ 256GB SSD/ Win11),"₹18,990",4.2,Intel ‎Celeron N4020,"Dual Core, 2 Threads",8 GB DDR3 RAM,256 GB SSD,Intel HD Graphics,"15.6 inches, 1920 x 1080 pixels",Windows 11 OS,1 Year Warranty
737,HP Omen 16-wf0179TX Gaming Laptop (13th Gen Core i7/ 16GB/ 512GB SSD/ Win11/ 6GB Graph),"₹98,990",4.0,13th Gen Intel Core i7 13700HX,"16 Cores (8P + 8E), 24 Threads",16 GB DDR5 RAM,512 GB SSD,6 GB NVIDIA GeForce RTX 3050,"16.1 inches, 2560 x 1440 pixels",Windows 11 OS,1 Year Warranty
738,Lenovo Legion Y9000K 2024 Gaming Laptop (14th Gen Core i9/ 64GB/ 2TB SSD/ Win11/ 16GB Graph),"₹3,49,990",4.15,14th Gen Intel Core i9 14900HX,"24 Cores (8P + 16E), 32 Threads",64 GB DDR5 RAM,2 TB SSD,16 GB NVIDIA GeForce RTX 4090,"16 inches, 3200 x 2000 pixels",Windows 11 OS,1 Year Warranty
739,HP Pavilion Plus 14-ew0116TU Laptop (13th Gen Core i5/ 16GB/ 512GB SSD/ Win 11),"₹73,490",4.0,13th Gen Intel Core i5 1335U,"10 Cores (2P + 8E), 12 Threads",16 GB LPDDR5x RAM,512 GB SSD,Intel Iris Xe Graphics,"14 inches, 1920 x 1200 pixels",Windows 11 OS,1 Year Warranty
740,MSI Raider GE68HX 14VHG-460IN Gaming Laptop (14th Gen Core i9/ 32GB/ 1TB SSD/ Win11 Home/ 12GB Graph),"₹2,48,990",4.2,14th Gen Intel Core i9 14900HX,"24 Cores (8P + 16E), 32 Threads",32 GB DDR5 RAM,1 TB SSD,12 GB NVIDIA GeForce RTX 4080,"16 inches, 2560 x 1600 pixels",Windows 11 OS,2 Year Warranty
741,MSI Stealth 16 AI Studio A1VFG-058IN Gaming Laptop (Intel Core Ultra 7/ 32GB/ 1TB SSD/ Win11 Home/ 8GB Graph),"₹1,44,645",4.1,Intel Core Ultra 7 Series 1 155H,"16 Cores (6P + 8E + 2LP-E), 22 Threads",32 GB DDR5 RAM,1 TB SSD,8 GB NVIDIA GeForce RTX 4060,"16 inches, 2560 x 1600 pixels",Windows 11 OS,2 Year Warranty
742,MSI Prestige 16 AI Studio B1VFG 2024 Laptop ( Intel Core Ultra 9/ 32GB/ 1TB SSD/ Win11/ 8GB Graphics),"₹1,79,990",4.4,Intel Core Ultra 9 Series 1 185H,"16 Cores (6P + 8E + 2LP-E), 22 Threads",32 GB LPDDR5 RAM,1 TB SSD,8 GB NVIDIA GeForce RTX 4060,"16 inches, 2560 x 1600 pixels",Windows 11 OS,2 Year Warranty
743,MSI Vector 17 HX A14VGG-239IN Gaming Laptop (14th Gen Core i9/ 32GB/ 2TB SSD/ Win11 Home/ 8GB Graph),"₹2,19,990",4.1,14th Gen Intel Core i9 14900HX,"24 Cores (8P + 16E), 32 Threads",32 GB DDR5 RAM,2 TB SSD,8 GB NVIDIA GeForce RTX 4070,"17 inches, 2560 x 1600 pixels",Windows 11 OS,2 Year Warranty
744,Samsung Galaxy Book 4 360 NP750QGK-KG3IN Laptop (Intel Core 7 Processor 150U/ 16GB/ 1TB SSD/ Win11),"₹1,38,990",4.1,Intel Core 7 Processor Series 1 150U,"10 Cores (2P + 8E), 12 Threads",16 GB LPDDR5 RAM,1 TB SSD,Intel Graphics,"15.6 inches, 1920 x 1080 pixels, Touch Screen",Windows 11 OS,1 Year Warranty
745,Samsung Galaxy Book 4 Pro 360 NP960QGK-KG1IN Laptop (Intel Core Ultra 7/ 16GB/ 512GB SSD/ Win11),"₹1,58,990",4.5,Intel Core Ultra 7 Series 1 155H,"16 Cores (6P + 8E + 2LP-E), 22 Threads",16 GB LPDDR5X RAM,512 GB SSD,Intel Arc Graphics,"16 inches, 2880 x 1800 pixels, Touch Screen",Windows 11 OS,1 Year Warranty
746,Samsung Galaxy Book 4 Pro 360 NP960QGK-KG2IN Laptop (Intel Core Ultra 7/ 16GB/ 1TB SSD/ Win11),"₹1,64,990",4.4,Intel Core Ultra 7 Series 1 155H,"16 Cores (6P + 8E + 2LP-E), 22 Threads",16 GB LPDDR5X RAM,1 TB SSD,Intel Arc Graphics,"16 inches, 2880 x 1800 pixels, Touch Screen",Windows 11 OS,1 Year Warranty
747,Samsung Galaxy Book 4 360 NP750QGK-KG1IN Laptop (Intel Core 5 Processor 120U/ 16GB/ 512GB SSD/ Win11),"₹1,05,998",4.6,Intel Core 5 Processor Series 1 120U,"10 Cores (2P + 8E), 12 Threads",16 GB LPDDR5 RAM,512 GB SSD,Intel Graphics,"15.6 inches, 1920 x 1080 pixels, Touch Screen",Windows 11 OS,1 Year Warranty
748,Lenovo LOQ 15IRH8 82XV00LTIN 2023 Gaming Laptop (12th Gen Core i5/ 16GB/ 512GB SSD/ Win11/ 4GB Graph),"₹63,990",4.7,12th Gen Intel Core i5 12450H,"Octa Core (4P + 4E), 12 Threads",16 GB DDR5 RAM,512 GB SSD,4 GB NVIDIA GeForce RTX 2050,"15.6 inches, 1920 x 1080 pixels",Windows 11 OS,1 Year Warranty
749,Dell Inspiron 5620 ICC-C783534WIN8 Laptop (12th Gen Core i5/ 16GB/ 512GB SSD/ Win11),"₹62,990",4.2,12th Gen Intel Core i5 1240P,"12 Cores (4P + 8E), 16 Threads",16 GB DDR4 RAM,512 GB SSD,Intel Integrated,"16 inches, 1920 x 1080 pixels",Windows 11 OS,1 Year Warranty
750,Samsung Galaxy Book 4 Pro 14 NP940XGK-KS1IN Laptop (Intel Core Ultra 5/ 16GB/ 512GB SSD/ Win11),"₹1,11,899",4.45,Intel Core Ultra 5 Series 1 125H,"14 Cores (4P + 8E + 2LP-E), 18 Threads",16 GB LPDDR5X RAM,512 GB SSD,Intel Arc Graphics,"14 inches, 2880 x 1800 pixels, Touch Screen",Windows 11 OS,1 Year Warranty
751,MSI Prestige 16 AI Studio B1VEG Laptop ( Intel Core Ultra 7/ 32GB/ 1TB SSD/ Win11/ 6GB Graphics),"₹1,49,990",4.75,Intel Core Ultra 7 Series 1 155H,"16 Cores (6P + 8E + 2LP-E), 22 Threads",32 GB LPDDR5 RAM,1 TB SSD,6 GB NVIDIA GeForce RTX 4050,"16 inches, 2560 x 1600 pixels",Windows 11 OS,2 Year Warranty
752,MSI Modern 14 D13MG-072IN Laptop (13th Gen Core i7/ 16GB/ 1TB SSD/ Win11 Home),"₹62,990",4.45,13th Gen Intel Core i7 13620H,"10 Cores (6P + 4E), 16 Threads",16 GB DDR4 RAM,1 TB SSD,Intel Integrated Iris Xe,"14 inches, 1920 x 1200 pixels",Windows 11 OS,1 Year Warranty
753,Samsung Galaxy Book 4 Pro 14 NP940XGK-KG2IN Laptop (Intel Core Ultra 7/ 16GB/ 512GB SSD/ Win11),"₹1,24,990",4.0,Intel Core Ultra 7 Series 1 155H,"16 Cores (6P + 8E + 2LP-E), 22 Threads",16 GB LPDDR5X RAM,512 GB SSD,Intel Arc Graphics,"14 inches, 2880 x 1800 pixels, Touch Screen",Windows 11 OS,1 Year Warranty
754,MSI Prestige 13 AI Evo A1MG Laptop (Intel Core Ultra 5/ 16GB/ 1TB SSD/ Win11 Home),"₹89,990",4.2,Intel Core Ultra 5 Series 1 125H,"14 Cores (4P + 8E + 2LP-E), 18 Threads",16 GB LPDDR5 RAM,1 TB SSD,Intel Arc Graphics,"13.3 inches, 2880 x 1800 pixels",Windows 11 OS,2 Year Warranty
755,Asus ROG Strix SCAR 16 2024 G634JZR-CM932WS Gaming Laptop (14th Gen Core i9/ 32GB/ 2TB SSD/ Win11 Home/ 12GB Graph),"₹2,79,990",4.55,14th Gen Intel Core i9 14900HX,"24 Cores (8P + 16E), 32 Threads",32 GB DDR5 RAM,2 TB SSD,12 GB NVIDIA GeForce RTX 4080,"16 inches, 2560 x 1600 pixels",Windows 11 OS,1 Year Warranty
756,Lenovo IdeaPad Slim 5 83DA0049IN Laptop (Intel Core Ultra 5/ 16 GB RAM/ 1TB SSD/ Win 11),"₹75,200",4.45,Intel Core Ultra 5 Series 1 125H,"14 Cores (4P + 8E + 2LP-E), 18 Threads",16 GB LPDDR5 RAM,1 TB SSD,Intel Arc Graphics,"14 inches, 1920 x 1200 pixels",Windows 11 OS,1 Year Warranty
757,Lenovo IdeaPad Slim 5 ‎16IMH9 83DC0042IN Laptop (Intel Core Ultra 5/ 16 GB RAM/ 1TB SSD/ Win 11),"₹79,190",4.05,Intel Core Ultra 5 Series 1 125H,"14 Cores (4P + 8E + 2LP-E), 18 Threads",16 GB LPDDR5 RAM,1 TB SSD,Intel Arc Graphics,"16 inches, 1920 x 1200 pixels",Windows 11 OS,1 Year Warranty
758,Asus TUF F17 FX706HF-NY040W Gaming Laptop (11th Gen Core i5/ 16GB/ 512GB SSD/ Win11/ 4GB Graph),"₹53,990",4.65,11th Gen Intel Core i5 11400H,"Hexa Core, 12 Threads",16 GB DDR6 RAM,512 GB SSD,4 GB NVIDIA GeForce RTX 2050,"17.3 inches, 1920 x 1080 pixels",Windows 11 OS,1 Year Warranty
759,Dell G15-5530 GN5530D83M6001ORB1 Gaming Laptop (13th Gen Core i5/ 16GB/ 512GB SSD/ Win11/ 6GB Graph),"₹75,990",4.4,13th Gen Intel Core i5 13450HX,"10 Cores (6P + 4E), 16 Threads",16 GB DDR5 RAM,512 GB SSD,6 GB NVIDIA GeForce RTX 3050,"15.6 inches, 1920 x 1080 pixels",Windows 11 OS,1 Year Warranty
760,HP 14s-dq5138tu Laptop (12th Gen Core i3/ 8GB/ 512GB SSD/ Win11 Home),"₹36,499",4.75,12th Gen Intel Core i3 1215U,"Hexa Core (2P + 4E), 8 Threads",8 GB DDR4 RAM,512 GB SSD,Intel Integrated UHD,"14 inches, 1920 x 1080 pixels",Windows 11 OS,1 Year Warranty
761,HP 15s-fq5330TU Laptop (12th Gen Core i5/ 16GB/ 512GB SSD/ Win11 Home),"₹48,700",4.0,12th Gen Intel Core i5 1235U,"10 Cores (2P + 8E), 12 Threads",16 GB DDR4 RAM,512 GB SSD,Intel Integrated Iris Xe,"15.6 inches, 1920 x 1080 pixels",Windows 11 OS,1 Year Warranty
762,HP 15-fd0221TU Laptop (13th Gen Core i5/ 16GB/ 512GB SSD/ Win11 Home),"₹55,130",4.2,13th Gen Intel Core i5 1334U,"10 Cores (2P + 8E), 12 Threads",16 GB DDR4 RAM,512 GB SSD,Intel Integrated Integrated,"15.6 inches, 1920 x 1080 pixels",Windows 11 OS,1 Year Warranty
763,Acer Nitro V ANV15-51 Gaming Laptop (13th Gen Core i5/ 16GB/ 1TB SSD/ Win11/ 4GB Graph),"₹69,990",4.2,13th Gen Intel Core i5 13420H,"Octa Core (4P + 4E), 12 Threads",16 GB DDR5 RAM,1 TB SSD,4 GB NVIDIA GeForce RTX 2050,"15.6 inches, 1920 x 1080 pixels",Windows 11 OS,1 Year Warranty
764,Asus Zenbook 14 OLED 2024 UX3405MA-PZ552WS Laptop (Intel Core Ultra 5/ 16GB/ 1TB SSD/ Win11 Home),"₹94,990",4.1,Intel Core Ultra 5 Series 1 125H,"14 Cores (4P + 8E + 2LP-E), 18 Threads",16 GB LPDDR5X RAM,1 TB SSD,Intel Arc Graphics,"14 inches, 2880 x 1800 pixels, Touch Screen",Windows 11 OS,1 Year Warranty
765,Dell Vostro 3530 Laptop (13th Gen Core i3/ 8GB/ 512GB SSD/ Win11),"₹36,890",4.7,13th Gen Intel Core i3 1305U,"5 Cores (1P + 4E), 6 Threads",8 GB DDR4 RAM,512 GB SSD,Intel Integrated Graphics,"15.6 inches, 1920 x 1080 pixels",Windows 11 OS,1 Year Warranty
766,Asus Zenbook 14 OLED 2024 UX3405MA-PZ752WS Laptop (Intel Core Ultra 7/ 16GB/ 1TB SSD/ Win11 Home),"₹1,04,989",4.15,Intel Core Ultra 7 Series 1 155H,"16 Cores (6P + 8E + 2LP-E), 22 Threads",16 GB LPDDR5X RAM,1 TB SSD,Intel Arc Graphics,"14 inches, 2880 x 1800 pixels, Touch Screen",Windows 11 OS,1 Year Warranty
767,Lenovo ThinkPad E14 21JKS0UA00 Laptop (13th Gen Core i5/ 16GB/ 512GB SSD/ Win11 Home),"₹70,990",4.05,13th Gen Intel Core i5 1335U,"10 Cores (2P + 8E), 12 Threads",16 GB DDR4 RAM,512 GB SSD,Intel UHD Graphics,"14 inches, 1920 x 1200 pixels",Windows 11 OS,1 Year Warranty
768,Lenovo IdeaPad Slim 5 14IMH9 83DA0043IN Laptop (Intel Core Ultra 5/ 16 GB RAM/ 1TB SSD/ Win 11),"₹79,990",4.35,Intel Core Ultra 5 Series 1 125H,"14 Cores (4P + 8E + 2LP-E), 18 Threads",16 GB LPDDR5 RAM,1 TB SSD,Intel Arc Graphics,"14 inches, 1920 x 1200 pixels",Windows 11 OS,1 Year Warranty
769,Acer Swift Go 14 SFG14-72T Laptop (Intel Core Ultra 5 125H/ 16GB/ 512GB SSD/ Win11 Home),"₹74,990",4.5,Intel Core Ultra 5 Series 1 125H,"14 Cores (4P + 8E + 2LP-E), 18 Threads",16 GB LPDDR5X RAM,512 GB SSD,Intel Integrated ARC Graphics,"14 inches, 1920 x 1200 pixels",Windows 11 OS,1 Year Warranty
770,HP 14-ew0153TU Laptop (13th Gen Core i7/ 16GB/ 1TB SSD/ Win11 Home),"₹97,992",4.35,13th Gen Intel Core i7 1355U,"10 Cores (2P + 8E), 12 Threads",16 GB LPDDR5x RAM,1 TB SSD,Intel Integrated Intel Iris Xe,"14 inches, 2880 x 1800 pixels",Windows 11 OS,1 Year Warranty
771,HP Pavilion x360 14-ek0183TU Laptop (12th Gen Core i3/ 8GB/ 512GB SSD/ Win11),"₹53,990",4.05,12th Gen Intel Core i3 1215U,"Hexa Core (2P + 4E), 8 Threads",8 GB DDR4 RAM,512 GB SSD,Intel Integrated UHD,"14 inches, 1920 x 1080 pixels, Touch Screen",Windows 11 OS,1 Year Warranty
772,HP Pavilion 15-eh1047AU Laptop (Ryzen 5 5500U/ 16GB/ 1TB SSD/ Win11 Home),"₹52,860",4.0,5th Gen AMD Ryzen 5 5500U,"Hexa Core, 12 Threads",16 GB DDR4 RAM,1 TB SSD,AMD Radeon Graphics,"15.6 inches, 1920 x 1080 pixels",Windows 11 OS,1 Year Warranty
773,HP Omen 16-xf0081AX Gaming Laptop (AMD Ryzen 7 7840HS/ 32GB/ 1TB SSD/ Win11/ 8GB Graph),"₹1,35,999",4.35,7th Gen AMD Ryzen 7 7840HS,"Octa Core, 16 Threads",32 GB DDR5 RAM,1 TB SSD,8 GB NVIDIA GeForce RTX 4060,"16 inches, 1440 x 2560 pixels",Windows 11 OS,1 Year Warranty
774,HP Omen 16-xd0010AX Gaming Laptop (AMD Ryzen 7 7840HS/ 16GB/ 1TB SSD/ Win11/ 6GB Graph),"₹99,990",4.5,7th Gen AMD Ryzen 7 7840HS,"Octa Core, 16 Threads",16 GB DDR5 RAM,1 TB SSD,6 GB NVIDIA GeForce RTX 4050,"16.1 inches, 1920 x 1080 pixels",Windows 11 OS,1 Year Warranty
775,Lenovo IdeaPad Slim 3 83EM0026IN Laptop (13th Gen Core i5/ 16GB/ 512GB SSD/ Win11),"₹57,490",4.2,13th Gen Intel Core i5 13420H,"Octa Core (4P + 4E), 12 Threads",16 GB LPDDR5 RAM,512 GB SSD,Integrated Intel UHD Graphics,"15.6 inches, 1920 x 1080 pixels",Windows 11 OS,1 Year Warranty
776,Lenovo Ideapad Slim 3 Chrome 14M868 82XJ002RHA Laptop (MediaTek Kompanio 520/ 8GB/ 128GB eMMC/ Chrome OS),"₹15,990",4.25,MediaTek Kompanio 520 Kompanio 520,Octa Core,8 GB LPDDR4X RAM,128 GB eMMC Storage,Arm Mali G52 MC2 2EE Graphics,"14 inches, 1366 x 768 pixels",Chrome OS,1 Year Warranty
777,Lenovo Ideapad Slim 3 Chromebook 14IAN8 83BN001PHA Laptop (Intel Pentium N100/ 4GB/ 128GB eMMC/ Chrome OS),"₹20,990",4.6,Intel Pentium N100,"Quad Core, 4 Threads",4 GB LPDDR4X RAM,128 GB eMMC Storage,Intel UHD Graphics,"14 inches, 1366 x 768 pixels",Chrome OS,1 Year Warranty
778,HP Victus 15-fa1124TX Gaming Laptop (12th Gen Core i5/ 8GB/ 512GB SSD/ Win11/ 4GB Graph),"₹53,500",4.75,12th Gen Intel Core i5 12450H,"Octa Core (4P + 4E), 12 Threads",8 GB DDR4 RAM,512 GB SSD,4 GB NVIDIA GeForce RTX 2050,"15.6 inches, 1920 x 1080 pixels",Windows 11 OS,1 Year Warranty
779,Lenovo Ideapad Gaming 3 15ARH7 82SB00M6IN Laptop (AMD Ryzen 5 7535HS / 16GB/ 512GB SSD/ Win11/ 6GB Graph),"₹71,499",4.3,7th Gen AMD Ryzen 5 7535HS,"Hexa Core, 12 Threads",16 GB DDR5 RAM,512 GB SSD,6 GB NVIDIA GeForce RTX 3050,"15.6 inches, 1920 x 1080 pixels",Windows 11 OS,1 Year Warranty
780,Infinix INBook Y4 Max Series YL613 Laptop (13th Gen Core i3/ 16GB/ 512GB SSD/ Win 11 Home),"₹59,990",4.45,13th Gen Intel Core i3 1315U,"Hexa Core (2P + 4E), 8 Threads",16 GB LPDDR4X RAM,512 GB SSD,Intel UHD Graphics,"16 inches, 1920 x 1200 pixels",Windows 11 OS,1 Year Warranty
781,HP 15s-fr5010TU Laptop (12th Gen Core i5/8GB/ 512GB SSD/ Win11 Home),"₹47,460",4.25,12th Gen Intel Core i5 1235U,"10 Cores (2P + 8E), 12 Threads",8 GB DDR4 RAM,512 GB SSD,Intel UHD Graphics,"15.6 inches, 1920 x 1080 pixels",Windows 11 OS,1 Year Warranty
782,Asus Chromebook CM14 CM1402CM2A-EK0085 Laptop (MediaTek Kompanio 520/ 8GB/ 128GB eMMC/ Chrome OS),"₹24,990",4.65,MediaTek Kompanio Kompanio 520,Octa Core,8 GB LPDDR4X RAM,128 GB eMMC Storage,Arm Mali G52 MC2 2EE,"14 inches, 1920 x 1080 pixels",Chrome OS,1 Year Warranty
783,HP Omen 16-wf1025TX Gaming Laptop (14th Gen Core i7/ 16GB/ 1TB SSD/ Win11 Home/ 8GB Graph),"₹1,36,990",4.2,14th Gen Intel Core i7 14700HX,"20 Cores (8P + 12E), 28 Threads",16 GB DDR5 RAM,1 TB SSD,8 GB NVIDIA GeForce RTX 4060,"16.1 inches, 1920 x 1080 pixels",Windows 11 OS,1 Year Warranty
784,HP 15s-fr5011TU Laptop (12th Gen Core i5/ 16GB/ 512GB SSD/ Win11 Home),"₹48,990",4.45,12th Gen Intel Core i5 1235U,"10 Cores (2P + 8E), 12 Threads",16 GB DDR4 RAM,512 GB SSD,Intel UHD Graphics,"15.6 inches, 1920 x 1080 pixels",Windows 11 OS,1 Year Warranty
785,Acer Aspire Lite AL15-52 15 Laptop (12th Gen Core i5/ 16GB/ 1TB SSD/ Win11),"₹46,990",4.35,12th Gen Intel Core i5 1235U,"10 Cores (2P + 8E), 12 Threads",16 GB DDR4 RAM,1 TB SSD,Intel Iris Xe Graphics,"15.6 inches, 1920 x 1080 pixels",Windows 11 OS,1 Year Warranty
786,HP Spectre x360 14-eu0556TU Laptop (Intel Core Ultra 7/ 32GB/ 1TB SSD/ Win11 Home),"₹1,59,990",4.2,Intel Core Ultra 7 Series 1 155H,"16 Cores (6P + 8E + 2LP-E), 22 Threads",32 GB LPDDR5x RAM,1 TB SSD,Intel Arc Graphics,"14 inches, 2880 x 1800 pixels, Touch Screen",Windows 11 OS,1 Year Warranty
787,MSI Titan 18 HX Gaming Laptop (14th Gen Core i9/ 32GB/ 2TB SSD/ Win11 Home/ RTX 4090),"₹4,99,990",4.2,14th Gen Intel Core i9 14900HX,32 GB DDR5 RAM,2 TB SSD,16 GB NVIDIA GeForce RTX 4090,"18 inches, 3840 x 2400 pixels",Windows 11 OS,2 Year Warranty,Backlit Keyboard
788,Lenovo IdeaPad Slim 3 83ER008GIN Laptop (12th Gen Core i5/ 16GB/ 512GB SSD/ Win11 Home),"₹50,999",4.5,12th Gen Intel Core i5 12450H,"Octa Core (4P + 4E), 12 Threads",16 GB LPDDR5 RAM,512 GB SSD,Intel Integrated UHD Graphics,"15.6 inches, 1920 x 1080 pixels",Windows 11 OS,1 Year Warranty
789,Acer Nitro V 15 ANV15-51 Gaming Laptop (13th Gen Core i5/ 16GB/ 512GB SSD/ Win11/ 6GB Graph),"₹73,555",4.15,13th Gen Intel Core i5 13420H,"Octa Core (4P + 4E), 12 Threads",16 GB DDR5 SDRAM RAM,512 GB SSD,6 GB NVIDIA GeForce RTX 3050,"15.6 inches, 1920 x 1080 pixels",Windows 11 OS,1 Year Warranty
790,Acer Nitro V 2023 ANV15-51 Gaming Laptop (13th Gen Core i5/ 16GB/ 1TB SSD/ Win11/ 6GB Graph),"₹83,990",4.45,13th Gen Intel Core i5 13420H,"Octa Core (4P + 4E), 12 Threads",16 GB DDR5 RAM,1 TB SSD,6 GB NVIDIA GeForce RTX 4050,"15.6 inches, 1920 x 1080 pixels",Windows 11 OS,1 Year Warranty
791,Lenovo IdeaPad Slim 3 15IRH8 83EM0025IN Laptop (13th Gen Core i5/ 16GB/ 512GB SSD/ Win11),"₹57,390",4.15,13th Gen Intel Core i5 13420H,"Octa Core (4P + 4E), 12 Threads",16 GB LPDDR5 RAM,512 GB SSD,Integrated Intel UHD Graphics,"15.6 inches, 1920 x 1080 pixels",Windows 11 OS,1 Year Warranty
792,Ultimus Lite NU14U3INC54BN Laptop (Celeron N4020/ 8GB/ 256GB SSD/ Win11 Home),"₹15,990",4.45,Intel Celeron N4020,"Dual Core, 2 Threads",8 GB DDR4 RAM,256 GB SSD,Intel Integrated UHD Graphics,"14.1 inches, 1366 x 768 pixels",Windows 11 OS,1 Year Warranty
793,Avita Liber Liber E AM14A2INL54F Laptop (AMD Ryzen 5 5500U/ 8GB/ 256GB SSD/ Win11 Home),"₹28,365",4.75,5th Gen AMD Ryzen 5 5500U,"Hexa Core, 12 Threads",8 GB DDR4 RAM,256 GB SSD,AMD Radeon,"14 inches, 1920 x 1080 pixels",Windows 11 OS,1 Year Warranty
794,Dell G15-5530 Gaming Laptop (13th Gen Core i5/ 16GB/ 1TB SSD/ Win11/ 6GB Graph),"₹77,490",4.6,13th Gen Intel Core i5 13450HX,"10 Cores (6P + 4E), 16 Threads",16 GB DDR5 RAM,1 TB SSD,6 GB NVIDIA GeForce RTX 3050,"15.6 inches, 1920 x 1080 pixels",Windows 11 OS,1 Year Warranty
795,Dell ‎G16 7630 Gaming Laptop (13th Gen Core i9/ 16GB/ 1TB SSD/ Win11/ 8GB Graph),"₹2,08,490",4.3,13th Gen Intel Core i9 13900HX,"24 Cores (8P + 16E), 32 Threads",16 GB DDR5 RAM,1 TB SSD,8 GB NVIDIA GeForce RTX 4070,"16 inches, 2560 x 1600 pixels",Windows 11 OS,1 Year Warranty
796,Lenovo V15 G4 ‎82YU00W9IN Laptop (Ryzen 5 7520U/ 8GB/ 512GB SSD/ Win11 Home),"₹31,990",4.15,7th Gen AMD Ryzen 5 7520U,"Quad Core, 8 Threads",8 GB LPDDR5 RAM,512 GB SSD,AMD Radeon Graphics,"15.6 inches, 1920 x 1080 pixels",Windows 11 OS,1 Year Warranty
797,Lenovo Legion Pro 5 161IRX9 Laptop (14th Gen Core i9/ 32GB/ 1TB SSD/ Win11/ 8GB Graph),"₹1,49,990",4.7,Intel Core i9 14900HX,"24 Cores (8P + 16E), 32 Threads",32 GB DDR5 RAM,1 TB SSD,8 GB NVIDIA GeForce RTX 4070,"16 inches, 2560 x 1600 pixels",Windows 11 OS,1 Year Warranty
798,HP 250 G9 732B6PA Laptop (12th Gen Core i5/ 16GB/ 512GB SSD/ Win11),"₹49,690",4.45,12th Gen Intel Core i5 1235U,"10 Cores (2P + 8E), 12 Threads",16 GB DDR4 RAM,512 GB SSD,Intel integrated,"15.6 inches, 1920 x 1080 pixels",Windows 11 OS,1 Year Warranty
799,HP 250 G9 95X38PA Laptop (12th Gen Core i5/ 8GB/ 512 GB SSD/ DOS),"₹57,899",4.05,12th Gen Intel Core i5 1235U,"10 Cores (2P + 8E), 12 Threads",8 GB DDR4 RAM,512 GB SSD,Intel Integrated,"15.6 inches, 1920 x 1080 pixels",DOS OS,1 Year Warranty
800,Asus Zenbook 14 OLED UX3405 Laptop (Intel Core Ultra 9 / 16GB/ 512GB SSD/ Win11 Home),"₹1,49,990",4.0,Intel Core Ultra 9 Series 1 185H,"16 Cores (6P + 8E + 2LP-E), 22 Threads",16 GB LPDDR5X RAM,512 GB SSD,Intel Arc Graphics,"14 inches, 2880 x 1800 pixels",Windows 11 OS,1 Year Warranty
801,Samsung Galaxy Book 4 Pro 360 Laptop (Intel Core Ultra 7/ 16GB/ 512GB SSD/ Win11),"₹1,99,990",4.4,Intel Core Ultra 7 Series 1 155H,"16 Cores (6P + 8E + 2LP-E), 22 Threads",16 GB LPDDR5X RAM,512 GB SSD,Intel Arc Graphics,"16 inches, 2880 x 1800 pixels, Touch Screen",Windows 11 OS,1 Year Warranty
802,Lenovo IdeaPad Slim 1 82R400BGIN Laptop (AMD Ryzen 5 5500U/ 8GB/ 512GB SSD/ Win11 Home),"₹34,100",4.6,5th Gen AMD Ryzen 5 5500U,"Hexa Core, 12 Threads",8 GB  DDR4 RAM,512 GB SSD,AMD Radeon Graphics,"15.6 inches, 1920 x 1080 pixels",Windows 11 OS,1 Year Warranty
803,Lenovo IdeaPad 1 15ALC7 82R400ERIN Laptop (AMD Ryzen 5 5500U / 16GB/ 512GB SSD/ Win11 Home),"₹38,000",4.6,5th Gen AMD Ryzen 5 5500U,"Hexa Core, 12 Threads",16 GB DDR4 RAM,512 GB SSD,AMD Radeon,"15.6 inches, 1920 x 1080 pixels",Windows 11 OS,1 Year Warranty
804,Acer Nitro V16 ANV16-41 Gaming AI Laptop (AMD Ryzen 7 8845HS/ 16GB/ 1TB SSD/ Win11/ 8GB Graphics),"₹1,12,990",4.5,8th Gen AMD Ryzen 7 8845HS,"Octa Core, 16 Threads",16 GB DDR5 RAM,1 TB SSD,8 GB NVIDIA GeForce RTX 4060,"16 inches, 1920 x 1200 pixels",Windows 11 OS,1 Year Warranty
805,Asus Chromebook CX3402CBA-PQ0173 Laptop (12th Gen Core i3/ 8GB/ 128GB EMMC/ Chrome OS),"₹29,990",4.45,12th Gen Intel Core i3 1215U,"Hexa Core (2P + 4E), 8 Threads",8 GB LPDDR5 RAM,128 GB eMMC Storage,Intel Integrated UHD,"14 inches, 1920 x 1080 pixels",Chrome OS,1 Year Warranty
806,Huawei Qingyun L540 Laptop (Kirin 9006C/ 16GB/ 512GB SSD/ Kirin OS),"₹81,999",4.3,HiSilicon  Kirin 9006C 9006C,16 GB  RAM,512 GB SSD,"14 inches, 2160 x 1440 pixels",Linux OS,1 Year Warranty,Backlit Keyboard,
807,Samsung Galaxy Book 4 Ultra Laptop (Intel Core Ultra 7 155H/ 32 GB RAM/ 1 TB SSD/ 6 GB Graphics),"₹2,99,999",4.15,Intel Core Ultra 7 155H,"16 Cores (6P + 8E + 2LP-E), 22 Threads",32 GB LPDDR5X RAM,1 TB SSD,6 GB NVIDIA GeForce RTX 4050,"16 inches, 2880 x 1800 pixels, Touch Screen",Backlit Keyboard,
808,Lenovo Yoga Slim 6 14IRH8 83E00017IN Laptop (13th Gen Core i7/ 16GB/ 1TB SSD/ Win11 Home),"₹1,37,090",4.1,13th Gen Intel Core i7 13700H,"14 Cores (6P + 8E), 20 Threads",16 GB LPDDR5X RAM,1 TB SSD,Intel Integrated Iris Xe,"14 inches, 1920 x 1200 pixels",Windows 11 OS,1 Year Warranty
809,Lenovo IdeaPad Gaming 3 82SB00Y8IN Laptop (AMD Ryzen 7 6800H/ 16GB/ 512GB SSD/ Win11 Home/ 4GB Graph),"₹67,890",4.45,6th Gen AMD Ryzen 7 6800H,"Octa Core, 16 Threads",16 GB DDR4 RAM,512 GB SSD,4 GB NVIDIA GeForce RTX 3050,"15.6 inches, 1920 x 1080 pixels",Windows 11 OS,1 Year Warranty
810,Xiaomi Redmi Book 14 2024 Laptop (13th Gen Core i5/ 16GB/ 512GB SSD/ Win 11),"₹49,990",4.0,13th Gen Intel Core i5 13500H,"12 Cores (4P + 8E), 16 Threads",16 GB LPDDR5 RAM,512 GB SSD,Intel ARC Graphics,"14 inches, 2880 x 1800 pixels",Windows 11 OS,1 Year Warranty
811,Xiaomi Redmi Book 16 2024 Laptop (13th Gen Core i5/ 16GB/ 512GB SSD/ Win 11),"₹52,990",4.15,13th Gen Intel Core i5 13500H,"12 Cores (4P + 8E), 16 Threads",16 GB LPDDR5 RAM,512 GB SSD,Intel Iris Xe Graphics,"16 inches, 2560 x 1600 pixels",Windows 11 OS,1 Year Warranty
812,Lenovo IdeaPad Gaming 3 15IAH7 82S9017TIN Laptop (12th Gen Core i5/ 16GB/ 512GB SSD/ Win11 Home/ 4GB Graph),"₹65,547",4.15,12th Gen Intel Core i5 12450H,"Octa Core (4P + 4E), 12 Threads",16 GB DDR4 RAM,512 GB SSD,4 GB NVIDIA GeForce RTX 3050,"15.6 inches, 1920 x 1080 pixels",Windows 11 OS,1 Year Warranty
813,Lenovo Ideapad Slim 5 82XF0078IN Laptop (13th Gen Core i7/ 16 GB RAM/ 1 TB SSD/ Win 11),"₹80,190",4.45,13th Gen Intel Core i7 13700H,"14 Cores (6P + 8E), 20 Threads",16 GB LPDDR5 RAM,1 TB SSD,Intel Iris Xe Graphics,"16 inches, 2560 x 1600 pixels",Windows 11 OS,1 Year Warranty
814,HP 15s-EQ2084AU Laptop (AMD Ryzen 7 5700U/ 16GB/ 512GB SSD/ Win11 Home),"₹48,490",4.75,5th Gen AMD Ryzen 7  5700U,"Octa Core, 16 Threads",16 GB DDR4 RAM,512 GB SSD,AMD Radeon AMD,"15.6 inches, 1920 x 1080 pixels",Windows 11 OS,1 Year Warranty
815,Lenovo Ideapad Slim 5 82XD006GIN Laptop (13th Gen Core i5/ 16 GB RAM/ 1TB SSD/ Win 11),"₹81,899",4.45,13th Gen Intel Core i5 13420H,"Octa Core (4P + 4E), 12 Threads",16 GB LPDDR5 RAM,1 TB SSD,Integrated Intel UHD Graphics,"14 inches, 1920 x 1200 pixels",Windows 11 OS,1 Year Warranty
816,Lenovo Ideapad Slim 5 82XF0077IN Laptop (13th Gen Core i5/ 16 GB RAM/ 1 TB SSD/ Win 11),"₹73,690",4.45,13th Gen Intel Core i5 13500H,"12 Cores (4P + 8E), 16 Threads",16 GB LPDDR5 RAM,1 TB SSD,Intel Iris Xe Graphics,"16 inches, 2560 x 1600 pixels",Windows 11 OS,1 Year Warranty
817,Lenovo IdeaPad Slim 5 14IAH8 83BF0043IN Laptop (12th Gen Core i5/ 16GB/ 1TB SSD/ Win11),"₹62,190",4.1,12th Gen Intel Core i5 12450H,"Octa Core (4P + 4E), 12 Threads",16 GB LPDDR5 RAM,1 TB SSD,Integrated Intel UHD Graphics,"14 inches, 1920 x 1200 pixels",Windows 11 OS,1 Year Warranty
818,Dell 5530 G15 Gaming Laptop (13th Gen Core i9/ 16GB/ 1TB SSD/ Win11/ 8GB Graph),"₹1,41,390",4.45,13th Gen Intel Core i9 13900HX,"24 Cores (8P + 16E), 32 Threads",16 GB DDR5 RAM,1 TB SSD,8 GB NVIDIA GeForce RTX 4060,"15.6 inches, 1920 x 1080 pixels",Windows 11 OS,1 Year Warranty
819,Dell Inspiron 3520 IN3520RVTGV001ORB1 Laptop (11th Gen Core i3/ 8GB/ 512GB SSD/ Win11),"₹30,500",4.3,11th Gen Intel Core i3 1115G4,"Dual Core, 4 Threads",8 GB DDR4 RAM,512 GB SSD,Intel UHD Graphics,"15.6 inches, 1920 x 1080 pixels",Windows 11 OS,1 Year Warranty
820,MSI CreatorPro X17 HX A13VKS-249IN Laptop (13th Gen Core i9/ 64GB/ 4TB SSD/ Win11 Pro/ 12GB Graph),"₹5,00,990",4.05,13th Gen Intel Core i9 13980HX,"24 Cores (8P + 16E), 32 Threads",64 GB DDR5 RAM,4 TB SSD,12 GB NVIDIA GeForce RTX 3500 Ada,"17 inches, 2560 x 1600 pixels",Windows 11 OS,3 Year Warranty
821,Acer Aspire 3 15 A315-510P UN.KDHSI.019 Laptop (Intel Core i3 N305/ 8GB/ 512GB SSD/ Win11 Home),"₹30,290",4.75,Intel Core i3 N305,"Octa Core, 8 Threads",8 GB LPDDR5 RAM,512 GB SSD,Intel UHD Graphics,"15.6 inches, 1920 x 1080 pixels",Windows 11 OS,1 Year Warranty
822,Acer TravelMate P2 TMP214-53 14 Business Laptop (11th Gen Core i7/ 16GB/ 512GB SSD/ Win11 Home),"₹39,990",4.2,11th Gen Intel Core i7 1165G7,"Quad Core, 8 Threads",16 GB DDR4 RAM,512 GB SSD,Intel Integrated Iris Xe,"14 inches, 1920 x 1080 pixels",Windows 11 OS,1 Year Warranty
823,Acer Aspire Lite AL15-52 Laptop (12th Gen Core i5/ 16GB/ 512GB SSD/ Win11),"₹43,900",4.4,12th Gen Intel Core i5 1235U,"10 Cores (2P + 8E), 12 Threads",16 GB DDR4 RAM,512 GB SSD,Intel Iris Xe Graphics,"15.6 inches, 1920 x 1080 pixels",Windows 11 OS,1 Year Warranty
824,Acer Aspire Lite AL15-52 2023 Laptop (12th Gen Core i5/ 8GB/ 512GB SSD/ Win11),"₹39,900",4.3,12th Gen Intel Core i5 1235U,"10 Cores (2P + 8E), 12 Threads",8 GB DDR4 RAM,512 GB SSD,Intel Iris Xe Graphics,"15.6 inches, 1920 x 1080 pixels",Windows 11 OS,1 Year Warranty
825,HP Victus 15-fa1145TX Gaming Laptop (12th Gen Core i5/ 16GB/ 1TB SSD/ Win11 Home/ 4GB Graph),"₹69,300",4.55,12th Gen Intel Core i5 12450H,"Octa Core (4P + 4E), 12 Threads",16 GB DDR4 RAM,1 TB SSD,4 GB NVIDIA GeForce RTX 2050,"15.6 inches, 1920 x 1080 pixels",Windows 11 OS,1 Year Warranty
826,Avita Pura S101 Laptop (Celeron N4020/ 8GB/256GB SSD/ Win11 Home),"₹17,415",4.6,Intel Celeron  N4020,"Dual Core, 2 Threads",8 GB DDR4 RAM,256 GB SSD,Intel Integrated UHD Graphics,"14 inches, 1920 x 1080 pixels",Windows 11 OS,1 Year Warranty
827,Apple MacBook Pro 16 2023 Laptop (Apple M3 Pro/ 18GB/ 512GB SSD/ macOS),"₹2,14,990",4.2,Apple M3 Pro,12 Cores (6P + 6E),18 GB  RAM,512 GB SSD,18 Core GPU,"16.2 inches, 3456 x 2234 pixels",Mac OS,1 Year Warranty
828,Apple MacBook Pro 14 2023 Laptop (Apple M3 Max/ 36GB/ 1TB SSD/ macOS),"₹2,76,990",4.2,Apple M3 Max,14 Cores (10P + 4E),36 GB  RAM,1 TB SSD,30 Core GPU,"14.2 inches, 3024 x 1964 pixels",Mac OS,1 Year Warranty
829,Apple MacBook Pro 16 2023 Laptop (Apple M3 Pro/ 36GB/ 512GB SSD/ macOS),"₹2,50,990",4.65,Apple M3 Pro,12 Cores (6P + 6E),36 GB  RAM,512 GB SSD,18 Core GPU,"16.2 inches, 3456 x 2234 pixels",Mac OS,1 Year Warranty
830,Apple MacBook Pro 14 2023 Laptop (Apple M3 Pro/ 18GB/ 512GB SSD/ macOS),"₹1,74,990",4.75,Apple M3 Pro,11 Cores (5P + 6E),18 GB  RAM,512 GB SSD,14 Core GPU,"14.2 inches, 3024 x 1964 pixels",Mac OS,1 Year Warranty
831,Apple MacBook Pro 16 2023 Laptop (Apple M3 Max/ 36GB/ 1TB SSD/ macOS),"₹3,03,990",4.0,Apple M3 Max,14 Cores (10P + 4E),36 GB  RAM,1 TB SSD,30 Core GPU,"16.2 inches, 3456 x 2234 pixels",Mac OS,1 Year Warranty
832,Apple MacBook Pro 16 2023 Laptop (Apple M3 Max/ 48GB/ 1TB SSD/ macOS),"₹3,69,900",4.65,Apple M3 Max,16 Cores (12P + 4E),48 GB  RAM,1 TB SSD,40 Core GPU,"16.2 inches, 3456 x 2234 pixels",Mac OS,1 Year Warranty
833,HP 15s-fq2510tu Laptop (11th Gen Core i5/ 16GB/ 512GB SSD/ Win11 Home),"₹48,500",4.45,11th Gen Intel Core i5 1135G7 ,"Quad Core, 8 Threads",16 GB DDR4 RAM,512 GB SSD,Intel Iris Xe Graphics,"15.6 inches, 1920 x 1080 pixels",Windows 11 OS,1 Year Warranty
834,Lenovo Yoga Slim 7i Carbon 13IRP8 83AY003CIN Laptop (13th Gen Core i7/ 16GB/ 1TB SSD/ Win11 Home),"₹1,10,000",4.3,13th Gen Intel Core i7 1360P,"12 Cores (4P + 8E), 16 Threads",16 GB LPDDR5 RAM,1 TB SSD,Intel Integrated Iris Xe,"13.3 inches, 2560 x 1600 pixels, Touch Screen",Windows 11 OS,1 Year Warranty
835,Apple MacBook Pro 14 2023 Laptop (Apple M3 Pro/ 18GB/ 1TB SSD/ macOS),"₹2,05,990",4.35,Apple M3 Pro,12 Cores (6P + 6E),18 GB  RAM,1 TB SSD,18 Core GPU,"14.2 inches, 3024 x 1964 pixels",Mac OS,1 Year Warranty
836,Dell Inspiron 3520 IN3520P9K46002ORS1 Laptop (12th Gen Core i3/ 8GB/ 512GB SSD/ Win11),"₹34,980",4.2,12th Gen Intel Core i3 1215U,"Hexa Core (2P + 4E), 8 Threads",8 GB DDR4 RAM,512 GB SSD,Intel Integrated UHD,"15.6 inches, 1920 x 1080 pixels",Windows 11 OS,1 Year Warranty
837,Dell Inspiron 3530 Laptop (13th Gen Core i7/ 16GB/ 512GB SSD/ Win11 Home),"₹59,065",4.25,13th Gen Intel Core i7 1355U,"10 Cores (2P + 8E), 12 Threads",16 GB DDR4 RAM,512 GB SSD,Intel UHD Graphics,"15.6 inches, 1920 x 1080 pixels",Windows 11 OS,1 Year Warranty
838,Lenovo V15 G4 Laptop (AMD Athlon Silver 7120U/ 8GB/ 512GB SSD/ Win11 Home),"₹24,790",4.6,AMD Athlon Silver 7120U,"Dual Core, 2 Threads",8 GB LPDDR5 RAM,512 GB SSD,AMD Radeon 610M,"15.6 inches, 1920 x 1080 pixels",Windows 11 OS,1 Year Warranty
839,Asus Chromebook CX1400FKA-EC0168 Laptop (Celeron N4500/ 8GB/ 128GB eMMC/ Chrome OS),"₹23,990",4.65,Intel Celeron N4500,"Dual Core, 2 Threads",8 GB LPDDR4X RAM,128 GB Hard Disk,Intel Integrated UHD,"14 inches, 1920 x 1080 pixels, Touch Screen",Chrome OS,1 Year Warranty
840,HP 15s-FR5012TU Laptop (12th Gen Core i3/ 8GB/ 512GB SSD/ Win11 Home),"₹37,490",4.65,12th Gen Intel Core i3 1215U,"Hexa Core (2P + 4E), 8 Threads",8 GB DDR4 RAM,512 GB SSD,Intel UHD Graphics,"15.6 inches, 1920 x 1080 pixels",Windows 11 OS,1 Year Warranty
841,Asus Vivobook 15 X1502ZA-EJ385WS Laptop (12th Gen Core i3/ 8GB/ 512GB SSD/ Win11),"₹41,390",4.1,12th Gen Intel Core i3 1220P,"10 Cores (2P + 8E), 12 Threads",8 GB DDR4 RAM,512 GB SSD,Intel UHD Graphics,"15.6 inches, 1920 x 1080 pixels",Windows 11 OS,1 Year Warranty
842,Acer Aspire Lite AL15-41 Laptop (AMD Ryzen 5 5500U/ 16GB/ 1TB SSD/ Win11),"₹39,990",4.65,5th Gen AMD Ryzen 5 5500U,"Hexa Core, 12 Threads",16 GB DDR4 RAM,1 TB SSD,AMD Graphics,"15.6 inches, 1920 x 1080 pixels",Windows 11 OS,1 Year Warranty
843,Microsoft Surface Laptop Go 3 XK1-00045 (12th Gen Core i5/ 8GB RAM/ 256 GB SSD/ Win 11),"₹79,990",4.2,12th Gen Intel Core i5 1235U,"10 Cores (2P + 8E), 12 Threads",8 GB LPDDR5 RAM,256 GB SSD,Intel Iris Xe Graphics ,"12.4 inches, 1536 x 1024 pixels, Touch Screen",Windows 11 OS,1 Year Warranty
844,HP Victus 15-fb1002AX Gaming Laptop (AMD Ryzen 5 7535HS/ 8GB/ 512GB SSD/ Win11/ 4GB Graph),"₹51,000",4.4,7th Gen AMD Ryzen 5 7535HS,"Hexa Core, 12 Threads",8 GB DDR5 RAM,512 GB SSD,4 GB NVIDIA GeForce RTX 2050,"15.6 inches, 1920 x 1080 pixels",Windows 11 OS,1 Year Warranty
845,HP Omen 16-XD0007ax Gaming Laptop (AMD Ryzen 7 7840HS/ 16GB/ 1TB SSD/ Win11/ 6GB Graph),"₹98,990",4.35,7th Gen AMD Ryzen 7 7840HS,"Octa Core, 16 Threads",16 GB DDR5 RAM,1 TB SSD,6 GB NVIDIA GeForce RTX 4050,"16.1 inches, 1920 x 1080 pixels",Windows 11 OS,1 Year Warranty
846,Gigabyte G5 MF-E2IN313SH Laptop (12th Gen Core i5/ 8GB/ 512GB SSD/ Win11 Home/ 6GB Graph),"₹69,900",4.15,12th Gen Intel Core i5 12500H,"12 Cores (4P + 8E), 16 Threads",8 GB DDR4 RAM,512 GB SSD,6 GB NVIDIA GeForce RTX 4050,"15.6 inches, 1920 x 1080 pixels",Windows 11 OS,2 Year Warranty
847,Acer Aspire Lite AL15-52 Laptop (12th Gen Core i3/ 8GB/ 512GB SSD/ Win11),"₹29,890",4.55,12th Gen Intel Core i3 1215U,"Hexa Core (2P + 4E), 8 Threads",8 GB DDR4 RAM,512 GB SSD,Intel UHD Graphics,"15.6 inches, 1920 x 1080 pixels",Windows 11 OS,1 Year Warranty
848,Acer Aspire 3 A315-24P NX.KDESI.00B Laptop (AMD Ryzen 5 7520U/ 8GB/ 512GB SSD/ Win11 Home),"₹34,990",4.1,7th Gen AMD Ryzen 5 7520U,"Quad Core, 8 Threads",8 GB LPDDR5 RAM,512 GB SSD,AMD Radeon AMD,"15.6 inches, 1920 x 1080 pixels",Windows 11 OS,1 Year Warranty
849,Acer Chromebook CB314-3H NX.K04SI.008 Laptop (Intel Celeron N4500/ 8GB/ 64GB SSD/ Chrome OS),"₹35,999",4.75,Intel Celeron N4500,"Dual Core, 2 Threads",8 GB LPDDR4X RAM,64 GB SSD,Intel Integrated UHD,"14 inches, 1080 x 1920 pixels",Chrome OS,1 Year Warranty
850,Zebronics Pro Series Z ZEB-NBC 3S 2023 Laptop (12th Gen Core i3 / 8GB/ 512GB SSD/ Win11 Home),"₹27,990",4.4,12th Gen Intel Core i3 1215U,"Hexa Core (2P + 4E), 8 Threads",8 GB DDR4 RAM,512 GB SSD,Intel Integrated,"15.6 inches, 1920 x 1080 pixels",Windows 11 OS,1 Year Warranty
851,Dell Inspiron 7430 2 in 1 2023 Laptop (13th Gen Core i3/ 8GB/ 256GB SSD/ Win11),"₹49,990",4.5,13th Gen Intel Core i3 1315U,"Hexa Core (2P + 4E), 8 Threads",8 GB LPDDR5 RAM,256 GB SSD,Intel UHD Graphics,"14 inches, 1920 x 1200 pixels, Touch Screen",Windows 11 OS,1 Year Warranty
852,Ultimus Pro NU14U3INC43BN-CS Laptop (Celeron N4020/ 4GB/ 128GB SSD/ Win11 Home),"₹11,990",4.6,Intel Celeron  N4020,"Dual Core, 2 Threads",4 GB DDR4 RAM,128 GB SSD,Intel Integrated UHD Graphics,"14.1 inches, 1366 x 768 pixels",Windows 11 OS,1 Year Warranty
853,HP 15s-fq5185TU Laptop (12th Gen Core i3/ 8GB/ 512GB SSD/ Win11 Home),"₹34,720",4.65,12th Gen Intel Core i3 1215U,"Hexa Core (2P + 4E), 8 Threads",8 GB DDR4 RAM,512 GB SSD,Intel Integrated UHD,"15.6 inches, 1920 x 1080 pixels",Windows 11 OS,1 Year Warranty
854,HP Victus 15-fb0157AX Gaming Laptop (AMD Ryzen 5 5600H/ 8GB/ 512GB SSD/ Win11/ 4GB Graph),"₹48,999",4.3,5th Gen AMD Ryzen 5 5600H,"Hexa Core, 12 Threads",8 GB DDR4 RAM,512 GB SSD,4 GB AMD Radeon RX 6500M,"15.6 inches, 1920 x 1080 pixels",Windows 11 OS,1 Year Warranty
855,Primebook PBMTWIFI11064 Wi-Fi Laptop (MediaTek MT8183/ 4GB/ 64B eMMC/ Prime OS),"₹12,990",4.25,MediaTek MT8183,Octa Core,4 GB LPDDR4 RAM,64 GB Hard Disk,ARM Mali G72,"11.6 inches, 1366 x 768 pixels",1 Year Warranty,2 USB 3.0 Ports
856,Lenovo IdeaPad Gaming 3 15ACH6 82K20289IN Laptop (AMD Ryzen 5 5500H/ 8GB/ 512GB SSD/ Win11 Home/ 4GB Graph),"₹54,689",4.4,5th Gen AMD Ryzen 5 5500H,"Quad Core, 8 Threads",8 GB DDR4 RAM,512 GB SSD,4 GB NVIDIA GeForce RTX 2050,"15.6 inches, 1920 x 1080 pixels",Windows 11 OS,1 Year Warranty
857,HP Omen 17-cm2002TX Gaming Laptop (13th Gen Core i7/ 16 GB RAM/ 512 GB SSD/ Win 11/ 8 GB Graphics),"₹1,24,990",4.1,13th Gen Intel Core i7 13700HX,"16 Cores (8P + 8E), 24 Threads",16 GB DDR5 RAM,512 GB SSD,8 GB NVIDIA GeForce RTX 4060,"17.3 inches, 1920 x 1080 pixels",Windows 11 OS,1 Year Warranty
858,Lenovo Yoga Slim 6 83E00006IN Laptop (13th Gen Core i5/ 16GB/ 512GB SSD/ Win11 Home),"₹76,190",4.5,13th Gen Intel Core i5 13500H,"12 Cores (4P + 8E), 16 Threads",16 GB LPDDR5 RAM,512 GB SSD,Intel Integrated Iris Xe,"14 inches, 1920 x 1200 pixels",Windows 11 OS,1 Year Warranty
859,HP 15s-fy5007TU Laptop (12th Gen Core i5/ 8GB/ 512GB SSD/ Win11 Home),"₹44,990",4.55,12th Gen Intel Core i5 1235U,"10 Cores (2P + 8E), 12 Threads",8 GB DDR4 RAM,512 GB SSD,Intel Integrated UHD,"15.6 inches, 1920 x 1080 pixels",Windows 11 OS,1 Year Warranty
860,Lenovo Yoga Slim 6 14IAP8 82WU0095IN Laptop (12th Gen Core i5/ 16GB/ 512GB SSD/ Win11 Home),"₹71,990",4.1,12th Gen Intel Core i5 1240P,"12 Cores (4P + 8E), 16 Threads",16 GB LPDDR5 RAM,512 GB SSD,Intel Integrated Iris Xe,"14 inches, 2240 x 1400 pixels",Windows 11 OS,1 Year Warranty
861,Lenovo IdeaPad 1 15ALC7 82R400BSIN Laptop (AMD Ryzen 5 5500U / 8GB/ 512GB SSD/ Win11 Home),"₹35,990",4.3,5th Gen AMD Ryzen 5  5500U,"Hexa Core, 12 Threads",8 GB DDR4 RAM,512 GB SSD,AMD Radeon,"15.6 inches, 1920 x 1080 pixels",Windows 11 OS,1 Year Warranty
862,HP 15s-fy5006TU Laptop (12th Gen Core i3/ 8GB/ 512GB SSD/ Win11 Home),"₹34,990",4.55,12th Gen Intel Core i3 1215U,"Hexa Core (2P + 4E), 8 Threads",8 GB DDR4 RAM,512 GB SSD,Intel Integrated UHD,"15.6 inches, 1920 x 1080 pixels",Windows 11 OS,1 Year Warranty
863,Dell Inspiron 5430 IN5430FR0KC001ORS1 Laptop (13th Gen Core i5/ 8GB/ 512GB SSD/ Win11),"₹52,430",4.2,13th Gen Intel Core i5 1335U,"10 Cores (2P + 8E), 12 Threads",8 GB LPDDR5  RAM,512 GB SSD,Intel Iris Xe Graphics,"14 inches, 1920 x 1080 pixels",Windows 11 OS,1 Year Warranty
864,Primebook S Wi-Fi Laptop (MediaTek MT8183/ 4GB/ 128GB eMMC/ Prime OS),"₹13,990",4.15,MediaTek MT8183,Octa Core,4 GB LPDDR4 RAM,128 GB Hard Disk,ARM Mali G72,"11.6 inches, 1366 x 768 pixels",1 Year Warranty,2 USB 3.0 Ports
865,Acer Aspire 5 2023 A515-58GM Gaming Laptop (13th Gen Core i5/ 16GB/ 512GB SSD/ Win11/ 4GB Graphics),"₹51,990",4.5,13th Gen Intel Core i5 1335U,"10 Cores (2P + 8E), 12 Threads",16 GB DDR4 RAM,512 GB SSD,4 GB NVIDIA GeForce RTX 2050,"15.6 inches, 1920 x 1080 pixels",Windows 11 OS,1 Year Warranty
866,Lenovo IdeaPad Slim 1 82VG00EVIN Laptop (AMD Ryzen 3 7320U/ 8GB/ 512GB SSD/ Win11 Home),"₹31,650",4.35,7th Gen AMD Ryzen 3 7320U,"Quad Core, 8 Threads",8 GB LPDDR5 RAM,512 GB SSD,AMD Radeon Graphics,"15.6 inches, 1920 x 1080 pixels",Windows 11 OS,1 Year Warranty
867,Lenovo IdeaPad Slim 5 82XD005RIN Laptop (13th Gen Core i5/ 16GB/ 512GB SSD/ Win11),"₹81,999",4.1,13th Gen Intel Core i5 13420H,"Octa Core (4P + 4E), 12 Threads",16 GB LPDDR5 RAM,512 GB SSD,Integrated Intel Iris Xe Graphics,"14 inches, 1920 x 1200 pixels",Windows 11 OS,2 Year Warranty
868,Lenovo Legion 5 Pro 82JQ010EIN Laptop (AMD Ryzen 7 5800H/ 16GB/ 512GB SSD/ Win11 Home/ 6GB Graph),"₹1,03,190",4.2,5th Gen AMD Ryzen 7 5800H,"Octa Core, 16 Threads",16 GB DDR4 RAM,512 GB SSD,6 GB NVIDIA GeForce RTX 3060,"16 inches, 2560 x 1600 pixels",Windows 11 OS,1 Year Warranty
869,Lenovo IdeaPad 1 82VG00ESIN Laptop (AMD Ryzen 5 7520U / 8GB/ 512GB SSD/ Win11 Home),"₹36,990",4.0,7th Gen AMD Ryzen 5 7520U,"Quad Core, 8 Threads",8 GB LPDDR5 RAM,512 GB SSD,AMD Radeon 610M,"15.6 inches, 1920 x 1080 pixels",Windows 11 OS,1 Year Warranty
870,Acer Chromebook CB314-3H NX.K04SI.007 Laptop (Intel Celeron N4500/ 8GB/ 128GB SSD/ Chrome OS),"₹16,990",4.45,Intel Celeron Dual Core N4500,"Dual Core, 2 Threads",8 GB LPDDR4X RAM,128 GB SSD,Intel Integrated UHD,"14 inches, 1280 x 1024 pixels",Chrome OS,1 Year Warranty
871,Lenovo Yoga Slim 6 14IRH8 83E00007IN Laptop (13th Gen Core i7/ 16GB/ 512GB SSD/ Win11 Home),"₹90,190",4.0,13th Gen Intel Core i7 13700H,"14 Cores (6P + 8E), 20 Threads",16 GB LPDDR5X RAM,512 GB SSD,Intel Integrated Iris Xe,"14 inches, 1920 x 1200 pixels",Windows 11 OS,1 Year Warranty
872,Asus Vivobook 16 2023 X1605VA-MB947WS Laptop (13th Gen Core i9/ 16GB/ 512GB SSD/ Win11 Home),"₹94,990",4.7,13th Gen Intel Core i9 13900H,"14 Cores (6P + 8E), 20 Threads",16 GB DDR4 RAM,512 GB SSD,Integrated Intel Iris Xe Graphics,"16 inches, 1920 x 1200 pixels",Windows 11 OS,1 Year Warranty
873,Asus Vivobook 15 X1502ZA-EJ544WS Laptop (12th Gen Core i5/ 16GB/ 512GB SSD/ Win11),"₹52,389",4.55,12th Gen Intel Core i5 12500H,"12 Cores (4P + 8E), 16 Threads",16 GB DDR4 RAM,512 GB SSD,Intel Iris Xe,"15.6 inches, 1920 x 1080 pixels",Windows 11 OS,1 Year Warranty
874,Lenovo IdeaPad 1 15AMN7 82VG00J5IN Laptop (AMD Ryzen 5 7520U / 8GB/ 512GB SSD/ Win11 Home),"₹38,990",4.2,7th Gen AMD Ryzen 5 7520U,"Quad Core, 8 Threads",8 GB LPDDR5 RAM,512 GB SSD,AMD Radeon 610M,"15.6 inches, 1920 x 1080 pixels",Windows 11 OS,1 Year Warranty
875,Lenovo IdeaPad Slim 3 82RK00VWIN Laptop (12th Gen Core i3/ 8GB/ 512GB SSD/ Win11),"₹32,875",4.7,12th Gen Intel Core i3 1215U,"Hexa Core (2P + 4E), 8 Threads",8 GB DDR4 RAM,512 GB SSD,‎Intel UHD Graphics,"15.6 inches, 1920 x 1080 pixels",Windows 11 OS,1 Year Warranty
876,Lenovo IdeaPad Gaming 3 82K2028AIN Laptop (AMD Ryzen 5 5600H/ 8GB/ 512GB SSD/ Win11 Home/ 4GB Graph),"₹51,435",4.05,5th Gen AMD Ryzen 5  5500H,"Quad Core, 8 Threads",8 GB DDR4 RAM,512 GB SSD,4 GB  NVIDIA GeForce RTX 2050,"15.6 inches, 1920 x 1080 pixels",Windows 11 OS,1 Year Warranty
877,Acer Aspire 5 A515-57 UN.K3JSI.013 Laptop (12th Gen Core i3/ 16GB/ 512GB SSD/ Win11 Home),"₹35,990",4.2,12th Gen Intel Core i3 1215U,"Hexa Core (2P + 4E), 8 Threads",16 GB  RAM,512 GB SSD,Intel Integrated,"15.6 inches, 1920 x 1080 pixels",Windows 11 OS,1 Year Warranty
878,Dell Vostro 3520 Laptop (11th Gen Core i5/ 8GB/ 512GB SSD/ Win11),"₹56,340",4.0,11th Gen Intel Core i5 1135G7,"Quad Core, 8 Threads",8 GB DDR4 RAM,512 GB SSD,Intel UHD Graphics,"15.6 inches, 1920 x 1080 pixels",Windows 11 OS,1 Year Warranty
879,HP 240 G9 821J4PA Laptop (12th Gen Core i5/ 8GB/ 512 GB SSD/ Win11),"₹46,990",4.1,12th Gen Intel Core i5 1235U,"10 Cores (2P + 8E), 12 Threads",8 GB DDR4 RAM,512 GB SSD,Intel Integrated,"14 inches, 1366 x 768 pixels",Windows 11 OS,1 Year Warranty
880,Lenovo IdeaPad Slim 3i 82X70032IN Laptop (13th Gen Core i3/ 8GB/ 512GB SSD/ Win11 Home),"₹37,490",4.05,13th Gen Intel Core i3 1305U,"5 Cores (1P + 4E), 6 Threads",8 GB LPDDR5 RAM,512 GB SSD,Intel UHD Graphics,"15.6 inches, 1920 x 1080 pixels",Windows 11 OS,1 Year Warranty
881,MSI Creator Pro M16 B13VJ-1272IN Gaming Laptop (13th Gen Core i7/ 32GB/ 1TB SSD/ Win 11/ 8GB Graph),"₹2,65,990",4.05,13th Gen Intel Core i7 13700H,"14 Cores (6P + 8E), 20 Threads",32 GB DDR5 RAM,1 TB SSD,8 GB NVIDIA GeForce RTX A2000 Ada,"16 inches, 1920 x 1200 pixels",Windows 11 OS,2 Year Warranty
882,HP Victus 15-fa1132TX Laptop (12th Gen Core i5/ 8GB/ 512GB SSD/ Win11 Home/ 4GB Graph),"₹56,670",4.2,12th Gen Intel Core i5 12450H,"Octa Core (4P + 4E), 12 Threads",8 GB DDR4 RAM,512 GB SSD,4 GB NVIDIA GeForce RTX 2050,"15.6 inches, 1920 x 1080 pixels",Windows 11 OS,1 Year Warranty
883,Chuwi FreeBook Laptop (12th Gen Core i3/ 12GB/ 512GB SSD/ Win11),"₹37,990",4.2,12th Gen Intel Core i3 1215U,"Hexa Core (2P + 4E), 8 Threads",12 GB LPDDR4 RAM,512 GB SSD,Intel Integrated Intel UHD Graphics,"13.5 inches, 2256 x 1504 pixels, Touch Screen",Windows 11 OS,1 Year Warranty
884,Ultimus Neo NU14U3INT54BN Laptop (10th Gen Core i3/ 8GB/ 256GB SSD/Win11 Home),"₹21,990",4.75,10th Gen Intel Core i3 1005G1,"Dual Core, 4 Threads",8 GB DDR4 RAM,256 GB SSD,Intel Integrated Iris,"14.1 inches, 1920 x 1080 pixels",Windows 11 OS,1 Year Warranty
885,Asus TUF Gaming F15 FX506HE-HN385WS Gaming Laptop (11th Gen Core i7/ 16GB/ 1TB SSD/ Win11/ 4GB Graph),"₹77,500",4.25,11th Gen Intel Core i7 11800H,"Octa Core, 16 Threads",16 GB DDR4 RAM,1 TB SSD,4 GB NVIDIA GeForce RTX 3050 Ti,"15.6 inches, 1920 x 1080 pixels",Windows 11 OS,1 Year Warranty
886,Lenovo Yoga 6 13ABR8 83B2007UIN Laptop (AMD Ryzen 7 7730U/ 16GB/ 1TB SSD/ Win11 Home),"₹87,390",4.05,7th Gen AMD Ryzen 7 7730U,"Octa Core, 16 Threads",16 GB LPDDR4X RAM,1 TB SSD,AMD Radeon Graphics,"13.3 inches, 1920 x 1200 pixels, Touch Screen",Windows 11 OS,1 Year Warranty
887,HP Victus 15-fb0158AX Gaming Laptop (AMD Ryzen 5 5600H/ 8GB/ 512GB SSD/ Win11/ 4GB Graph),"₹51,900",4.15,5th Gen AMD Ryzen 5  5600H ,"Hexa Core, 12 Threads",8 GB DDR4 RAM,512 GB SSD,4 GB AMD Radeon RX 6500M,"15.6 inches, 1920 x 1080 pixels",Windows 11 OS,1 Year Warranty
888,Microsoft Surface Laptop Go 3 (12th Gen Core i5/ 16 GB RAM/ 256 GB SSD/ Win 11),"₹75,000",4.55,12th Gen Intel Core i5 1235U,"10 Cores (2P + 8E), 12 Threads",16 GB LPDDR5 RAM,256 GB SSD,Intel Iris Xe Graphics ,"12.4 inches, 1536 x 1024 pixels, Touch Screen",Windows 11 OS,1 Year Warranty
889,Dell Inspiron 7430 2023 Laptop (13th Gen Core i7/ 16GB/ 1TB SSD/ Win11),"₹1,00,190",4.1,13th Gen Intel Core i7 1355U,"10 Cores (2P + 8E), 12 Threads",16 GB LPDDR5 RAM,1 TB SSD,Intel Iris Xe Graphics,"14 inches, 1920 x 1200 pixels, Touch Screen",Windows 11 OS,1 Year Warranty
890,Lenovo Legion Slim 5 82Y9009KIN Gaming Laptop (AMD Ryzen 7 7840HS/ 16GB/ 512GB SSD/ Win11/ 6GB Graph),"₹99,990",4.4,7th Gen AMD Ryzen 7 7840HS,"Octa Core, 16 Threads",16 GB DDR5 RAM,512 GB SSD,6 GB NVIDIA GeForce RTX 4050,"16 inches, 1920 x 1200 pixels",Windows 11 OS,1 Year Warranty
891,HP 15-fc0027AU Laptop (AMD Ryzen 3 7320U/ 8GB/ 512GB SSD/ Win11 Home),"₹37,950",4.5,7th Gen AMD Ryzen 3 7320U,"Quad Core, 8 Threads",8 GB LPDDR5 RAM,512 GB SSD,AMD Radeon AMD,"15.6 inches, 1920 x 1080 pixels",Windows 11 OS,1 Year Warranty
892,Lenovo Yoga Pro 7 82Y700A3IN Laptop (13th Gen Core i7/ 16GB/ 1TB SSD/ Win11 Home),"₹1,32,990",4.45,13th Gen Intel Core i7 13700H,"14 Cores (6P + 8E), 20 Threads",16 GB  LPDDR5 RAM,1 TB SSD,Integrated Intel Iris Xe Graphics,"14.5 inches, 3072 x 1920 pixels",Windows 11 OS,1 Year Warranty
893,HP Spectre 17-cs0097nr Foldable Laptop (12th Gen Core i7/ 16 GB RAM/ 1 TB SSD/ Win 11),"₹4,15,000",4.7,12th Gen Intel Core i7 1250U,"10 Cores (2P + 8E), 12 Threads",16 GB LPDDR5 RAM,1 TB SSD,Intel Iris Xe Graphics,"17 inches, 1920 x 2560 pixels, Touch Screen",Windows 11 OS,1 Year Warranty
894,Asus VivoBook 15 X515MA-BR022WS Laptop (Celeron N4020/ 8GB/ 512GB SSD/ Win11 Home),"₹27,890",4.3,Intel Celeron N4020,"Dual Core, 2 Threads",8 GB DDR4 RAM,512 GB SSD,Intel Integrated UHD 600,"15.6 inches, 1366 x 768 pixels",Windows OS,1 Year Warranty
895,Asus VivoBook 15 X1500EA-EJ311W Laptop (11th Gen Core i3/ 8GB/ 256GB SSD/ Win11),"₹32,800",4.55,11th Gen Intel Core i3 1115G4,"Dual Core, 4 Threads",8 GB DDR4 RAM,256 GB SSD,Intel Integrated UHD,"15.6 inches, 1920 x 1080 pixels",Windows 11 OS,1 Year Warranty
896,Acer Nitro V ANV15-51 2023 Gaming Laptop (13th Gen Core i5/ 16GB/ 512GB SSD/ Win11/ 6GB Graph),"₹77,000",4.55,13th Gen Intel Core i5 13420H,"Octa Core (4P + 4E), 12 Threads",16 GB DDR5 SDRAM RAM,512 GB SSD,6 GB NVIDIA GeForce RTX 4050,"15.6 inches, 1920 x 1080 pixels",Windows 11 OS,1 Year Warranty
897,Acer Nitro V ANV15-51 Gaming Laptop (13th Gen Core i5/ 8GB/ 512GB SSD/ Win11/ 6GB Graph),"₹77,690",4.5,13th Gen Intel Core i5 13420H,"Octa Core (4P + 4E), 12 Threads",8 GB DDR5 SDRAM RAM,512 GB SSD,6 GB NVIDIA GeForce RTX 4050,"15.6 inches, 1920 x 1080 pixels",Windows 11 OS,1 Year Warranty
898,Asus Vivobook 15 X1502ZA-EJ993WS Laptop (12th Gen Core i3/ 16GB/ 512GB SSD/ Win11),"₹34,950",4.7,12th Gen Intel Core i3 1215U,"Hexa Core (2P + 4E), 8 Threads",16 GB DDR4 RAM,512 GB SSD,Intel Integrated UHD,"15.6 inches, 1920 x 1080 pixels",Windows 11 OS,1 Year Warranty
899,Dell Inspiron 7435 2in1 Laptop (AMD Ryzen 57530U/ 8GB/ 512GB SSD/ Win11),"₹67,590",4.75,7th Gen Amd Ryzen 5 7530U,"Hexa Core, 12 Threads",8 GB LPDDR4x RAM,512 GB SSD,AMD Radeon Graphics,"14 inches, 1920 x 1200 pixels, Touch Screen",Windows 11 OS,1 Year Warranty
900,Asus Vivobook 15 X1504ZA-NJ542WS Laptop (12th Gen Core i5/ 16GB/ 512GB SSD/ Win11),"₹48,990",4.05,12th Gen Intel Core i5 1235U,"10 Cores (2P + 8E), 12 Threads",16 GB DDR4 RAM,512 GB SSD,Intel Iris Xe Graphics,"15.6 inches, 1920 x 1080 pixels",Windows 11 OS,1 Year Warranty
901,HP 15s-fq3066TU Laptop (Intel Celeron N4500/ 8GB/ 512GB SSD/ Win11 Home),"₹24,100",4.75,Intel Celeron N4500,"Dual Core, 2 Threads",8 GB DDR4 RAM,512 GB SSD,Intel Integrated UHD,"15.6 inches, 1366 x 768 pixels",Windows 11 OS,1 Year Warranty
902,HP 255 G9 841W6PA Laptop (AMD Ryzen 3 3250U/ 8 GB RAM/ 512 GB SSD/ FreeDOS),"₹26,490",4.5,3rd Gen AMD Ryzen 3  3250U,"Dual Core, 4 Threads",8 GB DDR4 RAM,512 GB SSD,AMD Radeon Graphics,"15.6 inches, 1366 x 768 pixels",DOS 3.0 OS,1 Year Warranty
903,Lenovo IdeaPad Slim 5i 82XD003MIN Laptop (13th Gen Core i5/ 16 GB RAM/ 512 GB SSD/ Win 11),"₹63,990",4.15,13th Gen Intel Core i5 13420H,"Octa Core (4P + 4E), 12 Threads",16 GB LPDDR5 RAM,512 GB SSD,Intel UHD Graphics,"14 inches, 1920 x 1200 pixels",Windows 11 OS,1 Year Warranty
904,Lenovo IdeaPad Slim 5i 83BG000DIN Laptop (12th Gen Core i5/ 16 GB RAM/ 512 GB SSD/ Win 11),"₹57,990",4.3,12th Gen Intel Core i5 12450H,"Octa Core (4P + 4E), 12 Threads",16 GB LPDDR5 RAM,512 GB SSD,Intel UHD Graphics,"16 inches, 1920 x 1200 pixels",Windows 11 OS,1 Year Warranty
905,Lenovo IdeaPad 3 82XQ008TIN Laptop (AMD Ryzen 5/ 8GB/ 512GB SSD/ Win11 Home),"₹42,990",4.3,7th Gen Amd Ryzen 5 7520U,"Quad Core, 8 Threads",8 GB LPDDR5 RAM,512 GB SSD,Integrated AMD Radeon 610M,"15.6 inches, 1920 x 1080 pixels",Windows 11 OS,1 Year Warranty
906,HP Victus 15-FB1001AX Gaming Laptop (AMD Ryzen 5 7535HS/ 8GB/ 512GB SSD/ Win11/ 4GB Graph),"₹51,490",4.45,7th Gen AMD Ryzen 5 7535HS,"Hexa Core, 12 Threads",8 GB DDR5 RAM,512 GB SSD,4 GB NVIDIA GeForce RTX 2050,"15.6 inches, 1920 x 1080 pixels",Windows 11 OS,1 Year Warranty
907,Acer Aspire 7 A715-76G UN.QMYSI.002 Gaming Laptop (12th Gen Core i5/ 16GB/ 512GB SSD/ Win11 Home/ 4GB Graph),"₹53,990",4.55,12th Gen Intel Core i5 12450H,"Octa Core (4P + 4E), 12 Threads",16 GB DDR4 RAM,512 GB SSD,4 GB NVIDIA GeForce RTX 2050,"15.6 inches, 1920 x 1080 pixels",Windows 11 OS,1 Year Warranty
908,Lenovo Legion 9i 2023 Laptop (13th Gen Core i9/ 32GB/ 1TB SSD/ Win11/ 16GB Graph),"₹3,99,999",4.0,13th Gen Intel Core i9 13980HX,"24 Cores (8P + 16E), 32 Threads",32 GB DDR5 RAM,1 TB SSD,16 GB NVIDIA GeForce RTX 4090,"16 inches, 3200 x 2000 pixels",Windows 11 OS,1 Year Warranty
909,HP 255 G8 7J035AA Laptop (Ryzen 5-5500U/ 8GB/ 256GB SSD/ Win11),"₹30,400",4.05,5th Gen AMD Ryzen 5  5500U,"Hexa Core, 12 Threads",8 GB DDR4 RAM,256 GB SSD,AMD Radeon ,"15.6 inches, 1920 x 1080 pixels",Windows 11  OS,1 Year Warranty
910,Lenovo IdeaPad 1 15IGL7 82V700BSIN Laptop (Celeron N4020/ 8GB/ 256GB SSD/ Win11 Home),"₹24,990",4.55,4th Gen Intel Celeron N4020,"Dual Core, 2 Threads",8 GB DDR4 RAM,256 GB SSD,Integrated Intel UHD Graphics 600,"15.6 inches, 1366 x 768 pixels",Windows 11 OS,1 Year Warranty
911,Asus Chromebook CX1500CKA-EJ0241 Laptop (Celeron N4500/ 4GB/ 64GB eMMC/ Chrome OS),"₹15,990",4.65,Intel Celeron N4500,"Dual Core, 2 Threads",4 GB LPDDR4X RAM,64 GB SSD,Intel Integrated UHD,"15.6 inches, 1920 x 1080 pixels",Chrome OS,1 Year Warranty
912,Asus Chromebook CX1400CKA-EK0257 Laptop (Celeron N4500/ 4GB/ 64GB eMMC/ Chrome OS),"₹14,990",4.75,Intel Celeron N4500,"Dual Core, 2 Threads",4 GB LPDDR4X RAM,64 GB SSD,Intel Integrated UHD,"14 inches, 1920 x 1080 pixels",Chrome OS,1 Year Warranty
913,Lenovo IdeaPad Slim 5 82XE0072IN Laptop (AMD Ryzen 7 7730U/ 16GB/ 512GB SSD/ Win11),"₹62,099",4.1,7th Gen AMD Ryzen 7 7730U,"Octa Core, 16 Threads",16 GB DDR4 RAM,512 GB SSD,AMD Integrated SoC,"14 inches, 1920 x 1200 pixels",Windows 11 OS,1 Year Warranty
914,HP Victus 16-s0094AX Gaming Laptop (AMD Ryzen 7 7840HS/ 16GB/ 1TB SSD/ Win11/ 6GB Graph),"₹95,630",4.25,7th Gen AMD Ryzen 7 7840HS,"Octa Core, 16 Threads",16 GB DDR5 RAM,1 TB SSD,6 GB NVIDIA GeForce RTX 3050,"16.1 inches, 1920 x 1080 pixels",Windows 11 OS,1 Year Warranty
915,Lenovo IdeaPad Slim 5 16IAH8 83BG000PIN Laptop (12th Gen Core i5/ 16GB/ 512GB SSD/ Win11),"₹58,991",4.6,12th Gen Intel Core i5 12450H,"Octa Core (4P + 4E), 12 Threads",16 GB LPDDR5 RAM,512 GB SSD,Intel UHD Graphics,"16 inches, 1920 x 1200 pixels",Windows 11 OS,1 Year Warranty
916,Acer Predator Helios Neo 16 2023 PHN16-71 Gaming Laptop (13th Gen Core i9/ 16GB/ 1TB SSD/ Win11/ 8GB Graph),"₹1,50,000",4.65,13th Gen Intel Core i9 13900HX,"24 Cores (8P + 16E), 32 Threads",16 GB DDR5 RAM,1 TB SSD,8 GB NVIDIA GeForce RTX 4070,"16 inches, 1920 x 1200 pixels",Windows 11 OS,1 Year Warranty
917,Lenovo IdeaPad Slim 5 14IAH8 83BF000UIN Laptop (12th Gen Core i5/ 16GB/ 512GB SSD/ Win11),"₹58,190",4.7,12th Gen Intel Core i5 12450H,"Octa Core (4P + 4E), 12 Threads",16 GB LPDDR5 RAM,512 GB SSD,Intel UHD Graphics,"14 inches, 1920 x 1080 pixels",Windows 11 OS,1 Year Warranty
918,Lenovo V15 G3 IAP 82TT004VIH Laptop (12th Gen Core i5/ 8GB/ 512GB SSD/ DOS),"₹43,550",4.1,12th Gen Intel Core i5 1235U,"10 Cores (2P + 8E), 12 Threads",8 GB DDR4 RAM,512 GB SSD,Intel Integrated UHD,"15.6 inches, 1920 x 1080 pixels",DOS OS,1 Year Warranty
919,HP Victus 15-fb1015AX Gaming Laptop (AMD Ryzen 5 7535HS/ 8GB/ 512GB SSD/ Win11/ 4GB Graph),"₹57,990",4.35,7th Gen Amd Ryzen 5 7535HS,"Hexa Core, 12 Threads",8 GB DDR5 RAM,512 GB SSD,4 GB NVIDIA GeForce RTX 2050,"15.6 inches, 1920 x 1080 pixels",Windows 11 OS,1 Year Warranty
920,HP Victus 15-fa0187TX Gaming Laptop (12th Gen Core i7/ 16GB/ 1TB SSD/ Win11/ 4GB Graph),"₹75,990",4.6,12th Gen Intel Core i7 12650H,"10 Cores (6P + 4E), 16 Threads",16 GB DDR4 RAM,1 TB SSD,4 GB NVIDIA GeForce RTX 3050,"15.6 inches, 1920 x 1080 pixels",Windows 11 OS,1 Year Warranty
921,Lenovo Thinkpad E15 21E6S0W700 Laptop (12th Gen Core i3/ 8GB/ 512GB SSD/ Win11 Home),"₹45,400",4.25,12th Gen Intel Core i3 1215U,"Hexa Core (2P + 4E), 8 Threads",8 GB DDR4 RAM,512 GB SSD,Intel UHD Graphics,"15.6 inches, 1920 x 1080 pixels",Windows 11 OS,1 Year Warranty
922,Asus TUF Gaming F15 FX506HE-HN382W Gaming Laptop (11th Gen Core i7/ 16GB/ 512GB SSD/ Win11/ 4GB Graph),"₹67,289",4.7,11th Gen Intel Core i7 11800H,"Octa Core, 16 Threads",16 GB DDR4 RAM,512 GB SSD,4 GB NVIDIA GeForce RTX 3050 Ti,"15.6 inches, 1920 x 1080 pixels",Windows 11 OS,1 Year Warranty
923,Asus Vivobook Go 14 2023 E1404FA-NK325WS Laptop (Ryzen 3 7320U / 8GB/ 512GB SSD/ Win11 Home),"₹31,639",4.55,7th Gen AMD Ryzen 3 7320U,"Quad Core, 8 Threads",8 GB LPDDR5 RAM,512 GB SSD,AMD Radeon AMD,"14 inches, 1920 x 1080 pixels",Windows 11 OS,1 Year Warranty
924,Wings Nuvobook S2 Laptop (11th Gen Core i3/ 8GB/ 512GB SSD/ Win11),"₹52,999",4.7,11th Gen Intel Core i3 1125G4,"Quad Core, 8 Threads",8 GB LPDDR4 RAM,512 GB SSD,Intel Graphics,"15.6 inches, 1080 x 1920 pixels",Windows 11 OS,1 Year Warranty
925,Ultimus Elite NU14U3INF56BN-CS Laptop (10th Gen Core i5 / 8GB/ 512GB SSD/ Win11 Home),"₹22,990",4.2,10th Gen Intel Core i5 1035G4,"Quad Core, 8 Threads",8 GB DDR4 RAM,512 GB SSD,Intel Integrated Iris,"14.1 inches, 1920 x 1080 pixels",Windows 11 OS,1 Year Warranty
926,Lenovo IdeaPad Slim 5i 82XD0040IN Laptop (13th Gen Core i7/ 16GB/ 512GB SSD/ Win11),"₹93,990",4.3,13th Gen Intel Core i7 13620H,"10 Cores (6P + 4E), 16 Threads",16 GB LPDDR5 RAM,512 GB SSD,Intel Integrated UHD,"14 inches, 1920 x 1200 pixels",Windows 11 OS,1 Year Warranty
927,Lenovo IdeaPad Slim 5 16IRL8 82XF003JIN Laptop (13th Gen Core i7/ 16GB/ 512GB SSD/ Win11),"₹79,690",4.3,13th Gen Intel Core i7 13700H,"14 Cores (6P + 8E), 20 Threads",16 GB  LPDDR5 RAM,512 GB SSD,Integrated Intel Iris Xe Graphics,"16 inches, 1920 x 1080 pixels",Windows 11 OS,1 Year Warranty
928,Lenovo IdeaPad Slim 5 16IRL8 82XF003GIN Laptop (13th Gen Core i5/ 16GB/ 512GB SSD/ Win11),"₹66,990",4.6,13th Gen Intel Core i5 13500H,"12 Cores (4P + 8E), 16 Threads",16 GB LPDDR5 RAM,512 GB SSD,Intel Integrated Iris Xe,"16 inches, 1920 x 1200 pixels",Windows 11 OS,1 Year Warranty
929,Dell Inspiron 3530 2023 Laptop (13th Gen Core i3/ 8GB/ 1TB SSD/ Win11 Home),"₹43,990",4.25,13th Gen Intel Core i3 1305U,"5 Cores (1P + 4E), 6 Threads",8 GB DDR4 RAM,1 TB SSD,Intel Integrated UHD,"15.6 inches, 1920 x 1080 pixels",Windows 11 OS,1 Year Warranty
930,Dell Inspiron 3535 2023 Laptop (AMD Ryzen R5-7520U/ 8GB/ 1TB SSD/ Win11),"₹34,990",4.4,7th Gen Amd Ryzen 5 7520U,"Quad Core, 8 Threads",8 GB LPDDR5 RAM,1 TB SSD,AMD Radeon Graphics,"15.6 inches, 1920 x 1080 pixels",Windows 11 OS,1 Year Warranty
931,Dell Inspiron 3525 Laptop (AMD Ryzen R3 5300U/ 8GB/ 512GB SSD/ Win11),"₹30,900",4.45,5th Gen AMD Ryzen 3 5300U,"Quad Core, 8 Threads",8 GB DDR4 RAM,512 GB SSD,AMD Radeon Radeon Graphics,"15.6 inches, 1920 x 1080 pixels",Windows 11 OS,1 Year Warranty
932,HP Victus 15-FB0142AX Gaming Laptop (AMD Ryzen 5 5600H/ 16GB/ 512GB SSD/ Win11/ 4GB Graph),"₹56,990",4.5,5th Gen AMD Ryzen 5 5600H,"Hexa Core, 12 Threads",16 GB DDR4 RAM,512 GB SSD,4 GB NVIDIA GeForce RTX 3050,"15.6 inches, 1920 x 1080 pixels",Windows 11 OS,1 Year Warranty
933,Lenovo Ideapad Slim 3 15ITL05 81X800N1IN Laptop (11th Gen Core i3/ 8GB/ 512GB SSD/ Win11),"₹35,200",4.1,11th Gen Intel Core i3 1115G4,"Dual Core, 4 Threads",8 GB DDR4 RAM,512 GB SSD,Intel Iris Xe Graphics,"15.6 inches, 1920 x 1080 pixels",Windows 11 OS,1 Year Warranty
934,Lenovo Yoga 6i 82WV005JIN Laptop (13th Gen Core i5/ 16GB/ 512GB SSD/ Win11 Home),"₹67,590",4.0,13th Gen Intel Core i5 1340P,"12 Cores (4P + 8E), 16 Threads",16 GB  LPDDR5 RAM,512 GB SSD,Integrated Intel Iris Xe Graphics,"14 inches, 1920 x 1200 pixels",Windows 11 OS,1 Year Warranty
935,Asus Vivobook 15 X1504ZA-NJ325WS Laptop (12th Gen Core i3/ 8GB/ 512GB SSD/ Win11),"₹32,990",4.35,12th Gen Intel Core i3 1215U,"Hexa Core (2P + 4E), 8 Threads",8 GB DDR4 RAM,512 GB SSD,Integrated Intel UHD Graphics,"15.6 inches, 1920 x 1080 pixels",Windows 11 OS,1 Year Warranty
936,Asus VivoBook 14 2023 X1404ZA-NK321WS Laptop (12th Gen Core i3/ 8GB/ 512GB SSD/ Win11 Home),"₹32,090",4.3,12th Gen Intel Core i3 1215U,"Hexa Core (2P + 4E), 8 Threads",8 GB DDR4 RAM,512 GB SSD,Intel UHD Graphics,"14 inches, 1920 x 1080 pixels",Windows 11 OS,1 Year Warranty
937,HP Omen 16-wf0052TX Gaming Laptop (13th Gen Core i5/ 16GB/ 512GB SSD/ Win11 Home/ 6GB Graph),"₹99,990",4.75,13th Gen Intel Core i5 13500HX,"14 Cores (6P + 8E), 20 Threads",16 GB DDR5 RAM,512 GB SSD,6 GB NVIDIA GeForce RTX 4050,"16.1 inches, 1920 x 1080 pixels",Windows 11 OS,1 Year Warranty
938,HP Victus  15-fa1060TX  Gaming Laptop (13th Gen Core i5/ 16GB/ 512GB SSD/ Win11 Home/ 6GB Graph),"₹80,990",4.2,13th Gen Intel Core i5 13500H,"12 Cores (4P + 8E), 16 Threads",16 GB DDR4 RAM,512 GB SSD,6 GB NVIDIA GeForce RTX 4050,"15.6 inches, 1920 x 1080 pixels",Windows 11 OS,1 Year Warranty
939,MSI Pulse 17 B13VGK-666IN Gaming Laptop (13th Gen Core i7/ 16GB/ 1TB SSD/ Win11 Home/ 8GB Graph),"₹1,54,990",4.75,13th Gen Intel Core i7 13700H,"14 Cores (6P + 8E), 20 Threads",16 GB DDR5 RAM,1 TB SSD,8 GB NVIDIA GeForce RTX 4070,"17.3 inches, 2560 x 1440 pixels",Windows 11 OS,2 Year Warranty
940,HP Dragonfly G4 Laptop (13th Gen Core i7/ 16GB/ 512GB SSD/ Win11),"₹2,31,746",4.4,13th Gen Intel Core i7 1365U,"10 Cores (2P + 8E), 12 Threads",16 GB LPDDR5 RAM,512 GB SSD,Intel Iris Xe Graphics,"13.5 inches, 1920 x 1280 pixels, Touch Screen",Windows 11 OS,1 Year Warranty
941,HP Omen 16-wd0770TX Gaming Laptop (13th Gen Core i5/ 16GB/ 512GB SSD/ Win11 Home/ 6GB Graph),"₹87,890",4.45,13th Gen Intel Core i5 13420H,"Octa Core (4P + 4E), 12 Threads",16 GB DDR5 RAM,512 GB SSD,6 GB NVIDIA GeForce RTX 4050,"16.1 inches, 1920 x 1080 pixels",Windows 11 OS,1 Year Warranty
942,Lenovo IdeaPad Slim 3 82XQ008VIN Laptop (AMD Ryzen 5 7520U/ 16GB/ 512GB SSD/ Win11),"₹43,790",4.3,7th Gen AMD Ryzen 5 7520U,"Quad Core, 8 Threads",16 GB  LPDDR5 RAM,512 GB SSD,AMD Integrated SoC,"15.6 inches, 1920 x 1080 pixels",Windows 11 OS,1 Year Warranty
943,HP Victus 15-fa0188TX Gaming Laptop (12th Gen Core i7/ 16GB/ 512GB SSD/ Win11/ 4GB Graph),"₹82,999",4.2,12th Gen Intel Core i7 12650H,"10 Cores (6P + 4E), 16 Threads",16 GB DDR4 RAM,512 GB SSD,4 GB NVIDIA GeForce RTX 3050,"15.6 inches, 1920 x 1080 pixels",Windows 11 OS,1 Year Warranty
944,HP Victus 15-fb0134AX Gaming Laptop (AMD Ryzen 5 5600H/ 16GB/ 512GB SSD/ Win11/ 4GB Graph),"₹51,490",4.2,5th Gen AMD Ryzen 5 5600H,"Hexa Core, 12 Threads",16 GB DDR4 RAM,512 GB SSD,4 GB AMD Radeon RX 6500M Graphics,"15.6 inches, 1920 x 1080 pixels",Windows 11 OS,1 Year Warranty
945,Lenovo LOQ 15IRH8 82XV00F5IN 2023 Gaming Laptop (12th Gen Core i5/ 16GB/ 512GB SSD/ Win11/ 6GB Graph),"₹64,500",4.35,12th Gen Intel Core i5 12450H,"Octa Core (4P + 4E), 12 Threads",16 GB DDR5 RAM,512 GB SSD,6 GB NVIDIA GeForce RTX 3050,"15.6 inches, 1920 x 1080 pixels",Windows 11 OS,1 Year Warranty
946,HP Pavilion x360 14-ek1074TU Laptop (13th Gen Core i5/ 16GB/ 512GB SSD/ Win11),"₹69,990",4.55,13th Gen Intel Core i5 1335U,"10 Cores (2P + 8E), 12 Threads",16 GB DDR4 RAM,512 GB SSD,Intel Integrated Iris Xe,"14 inches, 1920 x 1080 pixels, Touch Screen",Windows 11 OS,1 Year Warranty
947,Lenovo LOQ 15IRH8 82XV00F4IN 2023 Gaming Laptop (12th Gen Core i5/ 16GB/ 512GB SSD/ Win11/ 4GB Graph),"₹69,990",4.35,12th Gen Intel Core i5 12450H,"Octa Core (4P + 4E), 12 Threads",16 GB DDR5 RAM,512 GB SSD,4 GB NVIDIA GeForce RTX 2050,"15.6 inches, 1920 x 1080 pixels",Windows 11 OS,1 Year Warranty
948,Lenovo LOQ 15APH8 82XT004HIN 2023 Gaming Laptop (AMD Ryzen 7 7840HS/ 16GB/ 512GB SSD/ Win11/ 6GB Graph),"₹75,990",4.4,7th Gen AMD Ryzen 7 7840HS,"Octa Core, 16 Threads",16 GB DDR5 RAM,512 GB SSD,6 GB NVIDIA GeForce RTX 3050,"15.6 inches, 1920 x 1080 pixels",Windows 11 OS,1 Year Warranty
949,MSI Katana 15 B13VFK-843IN Gaming Laptop (13th Gen Core i9/ 16GB/ 1TB SSD/ Win11 Home/ 8GB Graph),"₹1,19,990",4.05,13th Gen Intel Core i9 13900H,"14 Cores (6P + 8E), 20 Threads",16 GB DDR5 RAM,1 TB SSD,8 GB NVIDIA GeForce RTX 4060,"15.6 inches, 1920 x 1080 pixels",Windows 11 OS,2 Year Warranty
950,Lenovo LOQ 15IRH8 82XV00BQIN 2023 Gaming Laptop (13th Gen Core i7/ 16GB/ 512GB SSD/ Win11/ 6GB Graph),"₹96,390",4.45,13th Gen Intel Core i7 13620H,"10 Cores (6P + 4E), 16 Threads",16 GB DDR5 RAM,512 GB SSD,6 GB NVIDIA GeForce RTX 4050,"15.6 inches, 1920 x 1080 pixels",Windows 11 OS,1 Year Warranty
951,HP Omen 16-xf0059AX Gaming Laptop (AMD Ryzen 7 7840HS/ 16GB/ 512GB SSD/ Win11/ 8GB Graph),"₹1,11,990",4.25,7th Gen AMD Ryzen 7 7840HS,"Octa Core, 16 Threads",16 GB DDR5 RAM,512 GB SSD,8 GB NVIDIA GeForce RTX 4060,"16 inches, 1920 x 1080 pixels",Windows 11 OS,1 Year Warranty
952,Lenovo IdeaPad Slim 5 Light 14ABR8 82XS002RIN Laptop (AMD Ryzen 5 7530U/ 16GB/ 512GB SSD/ Win11 Home),"₹51,880",4.2,7th Gen AMD Ryzen 5 7530U,"Hexa Core, 12 Threads",16 GB DDR4 RAM,512 GB SSD,AMD Radeon Graphics,"14 inches, 1920 x 1080 pixels",Windows 11 OS,1 Year Warranty
953,Lenovo LOQ 15IRH8 82XV00BRIN 2023 Gaming Laptop (13th Gen Core i7/ 16GB/ 512GB SSD/ Win11/ 8GB Graph),"₹1,06,990",4.15,13th Gen Intel Core i7,16 GB DDR5 RAM,512 GB SSD,8 GB NVIDIA GeForce RTX 4060,"15.6 inches, 1920 x 1080 pixels",Windows 11 OS,1 Year Warranty,Backlit Keyboard
954,Asus Vivobook Go 15 E510MA-EJ001W Laptop (Celeron N4020/ 4GB/ 256GB SSD/ Win11 Home),"₹23,900",4.1,intel Celeron  N4020,"Dual Core, 2 Threads",4 GB DDR4 RAM,256 GB SSD,Integrated Intel UHD Graphics,"15.6 inches, 1920 x 1080 pixels",Windows 11 OS,1 Year Warranty
955,HP Omen 16-wf0055TX Gaming Laptop (13th Gen Core i7/ 16GB/ 512GB SSD/ Win11 Home/ 8GB Graph),"₹1,76,108",4.45,13th Gen Intel Core i7 13700HX,"16 Cores (8P + 8E), 24 Threads",16 GB DDR5 RAM,512 GB SSD,8 GB NVIDIA GeForce RTX 4060,"16.1 inches, 1920 x 1080 pixels",Windows 11 OS,1 Year Warranty
956,Lenovo LOQ 2023 Gaming Laptop  (13th Gen Core i5/ 8GB/ 512GB SSD/ Win11/ 8GB Graph),"₹89,999",4.0,13th Gen Intel Core i5 13420H,"Octa Core (4P + 4E), 12 Threads",8 GB DDR5 RAM,512 GB SSD,8 GB NVIDIA GeForce RTX 4060,"15.6 inches, 1920 x 1080 pixels",Windows 11 OS,1 Year Warranty
957,HP 240 G8 689U2PA Business Laptop (11th Gen Core i3/ 8GB/ 512 GB SSD/ Win11),"₹33,291",4.6,11th Gen Intel Core i3 1115G4,"Dual Core, 4 Threads",8 GB DDR4 RAM,512 GB SSD,Intel Iris Xe Graphics,"14 inches, 1366 x 768 pixels",Windows 11 OS,1 Year Warranty
958,Lenovo Yoga Book 9i 2023 82YQ001DIN Laptop (13th Gen Core i7/ 16GB/ 1TB SSD/ Win11),"₹2,15,890",4.2,13th Gen Intel Core i7 1355U,"10 Cores (2P + 8E), 12 Threads",16 GB LPDDR5X RAM,1 TB SSD,Intel Iris Xe Integrated Graphics,"13.3 inches, 2880 x 1800 pixels, Touch Screen",Windows 11 OS,3 Year Warranty
959,Dell XPS 15 9530 Laptop (13th Gen Core i7/ 16GB/ 1TB SSD/ Win11/ 6GB Graph),"₹2,31,740",4.0,13th Gen Intel Core i7 13700H,"14 Cores (6P + 8E), 20 Threads",16 GB DDR5 RAM,1 TB SSD,6 GB NVIDIA RTX 4050,"15.6 inches, 3456 x 2160 pixels, Touch Screen",Windows 11 OS,1 Year Warranty
960,Lenovo Legion Y9000X 2023 Laptop (13th Gen Core i9/ 32GB/ 1TB SSD/ Win11/ 8GB Graph),"₹1,48,990",4.2,13th Gen Intel Core i9 13900H,"14 Cores (6P + 8E), 20 Threads",32 GB DDR5 RAM,1 TB SSD,8 GB NVIDIA GeForce RTX 4060,"16 inches, 3200 x 2000 pixels",Windows 11 OS,1 Year Warranty
961,Asus Vivobook 15 X1504ZA-NJ321WS Laptop (12th Gen Core i3/ 8GB/ 512GB SSD/ Win11),"₹32,700",4.3,12th Gen Intel Core i3 1215U,"Hexa Core (2P + 4E), 8 Threads",8 GB DDR4 RAM,512 GB SSD,Integrated Intel UHD Graphics,"15.6 inches, 1920 x 1080 pixels",Windows 11 OS,1 Year Warranty
962,Acer Nitro 5 AN515-58 NH.QFHSI.007 Gaming Laptop (12th Gen Core i7/ 16GB/ 512GB SSD/ Win11/ 4GB Graph),"₹86,990",4.35,12th Gen Intel Core i7 12700H,"14 Cores (6P + 8E), 20 Threads",16 GB DDR4 RAM,512 GB SSD,4 GB NVIDIA GeForce RTX 3050,"15.6 inches, 1920 x 1080 pixels",Windows 11 OS,1 Year Warranty
963,MSI Prestige 14 Evo B12M-472IN Laptop (12th Gen Core i5/ 16GB/ 512GB SSD/ Win11 Home),"₹71,630",4.35,12th Gen Intel Core i5 1240P,"12 Cores (4P + 8E), 16 Threads",16 GB LPDDR5  RAM,512 GB SSD,Intel Integrated Iris Xe,"14 inches, 1920 x 1080 pixels",Windows 11 OS,1 Year Warranty
964,Dell Alienware X16 Gaming Laptop (13th Gen Core i9/ 32GB/ 2TB SSD/ Win 11/ 16GB Graph),"₹4,54,236",4.35,13th Gen Intel Core i9 13900HK,"14 Cores (6P + 8E), 20 Threads",32 GB LPDDR5 RAM,2 TB SSD,16 GB NVIDIA GeForce RTX 4090,"16 inches, 3200 x 1800 pixels",Windows 11 OS,1 Year Warranty
965,HP Omen 16-u0005TX Gaming Laptop (13th Gen Core i7/ 16GB/ 1TB SSD/ Win11 Home/ 8GB Graph),"₹1,98,899",4.25,13th Gen Intel Core i7 13700HX,"16 Cores (8P + 8E), 24 Threads",16 GB DDR5 RAM,1 TB SSD,8 GB NVIDIA GeForce RTX 4070,"16.1 inches, 2560 x 1600 pixels",Windows 11 OS,1 Year Warranty
966,MSI Modern 15 B11M-063IN Laptop (11th Gen Core i3/ 8GB/ 512GB SSD/ Win11 Home),"₹59,990",4.1,11th Gen Intel Core i3 1115G4,"Dual Core, 4 Threads",8 GB DDR4 RAM,512 GB SSD,Intel Integrated Iris Xe,"15.6 inches, 1920 x 1080 pixels",Windows 11 OS,1 Year Warranty
967,MSI Modern 15 B12M-612IN Laptop (12th Gen Core i3/ 16GB/ 512GB SSD/ Win11 Home),"₹32,990",4.35,12th Gen Intel Core i3 1215U,"Hexa Core (2P + 4E), 8 Threads",16 GB DDR4 RAM,512 GB SSD,Intel Integrated Iris Xe,"15.6 inches, 1920 x 1080 pixels",Windows 11 OS,1 Year Warranty
968,Acer Aspire 5 A515-58M Gaming Laptop (13th Gen Core i5/ 8GB/ 512GB SSD/ Win11 Home/ 4GB Graphic),"₹59,990",4.65,13th Gen Intel Core i5 1335U,"10 Cores (2P + 8E), 12 Threads",8 GB LPDDR5 RAM,512 GB SSD,4 GB NVIDIA GeForce RTX2050,"15.6 inches, 1920 x 1080 pixels",Windows 11 OS,1 Year Warranty
969,HP 15s-fy5005TU Laptop (12th Gen Core i3/ 8GB/ 1TB SSD/ Win11 Home),"₹41,430",4.05,12th Gen Intel Core i3 1215U,"Hexa Core (2P + 4E), 8 Threads",8 GB DDR4 RAM,1 TB SSD,Intel Integrated UHD,"15.6 inches, 1920 x 1080 pixels",Windows 11 OS,1 Year Warranty
970,Lenovo Yoga 6 83B2005TIN Laptop (AMD Ryzen 5 7530U/ 16GB/ 512GB SSD/ Win11 Home),"₹75,390",4.6,7th Gen AMD Ryzen 5 7530U,"Hexa Core, 12 Threads",16 GB DDR4 RAM,512 GB SSD,AMD Radeon,"13.3 inches, 1920 x 1200 pixels, Touch Screen",Windows 11 OS,3 Year Warranty
971,Lenovo IdeaPad Flex 5 82R900D9IN Laptop (AMD Ryzen 7 5700U/ 16GB/ 512GB SSD/ Win11 Home),"₹64,190",4.7,5th Gen AMD Ryzen 7 5700U,"Octa Core, 16 Threads",16 GB DDR4 RAM,512 GB SSD,AMD Radeon,"14 inches, 1920 x 1200 pixels, Touch Screen",Windows 11 OS,1 Year Warranty
972,Dell Alienware M18 R1 2023 Gaming Laptop (13th Gen Core i9/ 64GB/ 1TB SSD/ Win 11/ 16GB Graph),"₹4,51,099",4.0,13th Gen Intel Core i9 13980HX,"24 Cores (8P + 16E), 32 Threads",64 GB LPDDR5 RAM,1 TB SSD,16 GB NVIDIA GeForce RTX 4090,"18 inches, 3200 x 1800 pixels",Windows 11 OS,1 Year Warranty
973,HP 15s-fy5004TU Laptop (12th Gen Core i3/ 16GB/ 512GB SSD/ Win11 Home),"₹35,850",4.15,12th Gen Intel Core i3 1215U,"Hexa Core (2P + 4E), 8 Threads",16 GB DDR4 RAM,512 GB SSD,Intel Integrated UHD,"15.6 inches, 1920 x 1080 pixels",Windows 11 OS,1 Year Warranty
974,Acer Aspire Lite AL15 Laptop (AMD Ryzen 5 5500U/ 16GB/ 512GB SSD/ Win11),"₹34,990",4.0,5th Gen AMD Ryzen 5 5500U,"Hexa Core, 12 Threads",16 GB DDR4 RAM,512 GB SSD,AMD Graphics,"15.6 inches, 1920 x 1080 pixels",Windows 11 OS,1 Year Warranty
975,HP ZBook Studio G9 2023 Workstation WQUXGA Laptop (12th Gen Core i9/ 32GB/ 1TB SSD/ Win11/ 12GB Graph),"₹3,96,876",4.25,12th Gen Intel Core i9 12900H,"14 Cores (6P + 8E), 20 Threads",32 GB DDR5 RAM,1 TB SSD,12 GB NVIDIA GeForce RTX 3080 Ti,"16 inches, 3840 x 2400 pixels",Windows 11 OS,1 Year Warranty
976,Acer Aspire Lite AL15-51 2023 Laptop (11th Gen Core i5/ 16GB/ 512GB SSD/ Win11),"₹43,390",4.0,11th Gen Intel Core i5 1155G7,"Quad Core, 8 Threads",16 GB DDR4 RAM,512 GB SSD,Intel Iris Xe Graphics,"15.6 inches, 1920 x 1080 pixels",Windows 11 OS,1 Year Warranty
977,HP Omen 16-wd0880TX Gaming Laptop (13th Gen Core i5/ 16GB/ 512GB SSD/ Win11 Home/ 6GB Graph),"₹87,990",4.2,13th Gen Intel Core i5 13420H,"Octa Core (4P + 4E), 12 Threads",16 GB DDR5 RAM,512 GB SSD,6 GB NVIDIA GeForce RTX 4050,"16.1 inches, 1920 x 1080 pixels",Windows 11 OS,1 Year Warranty
978,Dell Inspiron 14 5430 2023 Laptop (13th Gen Core i5/ 8GB/ 1TB SSD/ Win11),"₹51,990",4.3,13th Gen Intel Core i5 1335U,"10 Cores (2P + 8E), 12 Threads",8 GB LPDDR5  RAM,1 TB SSD,Intel Iris Xe Graphics,"14 inches, 1920 x 1200 pixels",Windows 11 OS,1 Year Warranty
979,Lenovo IdeaPad 1 14IGL7 82V6005EIN Laptop (Celeron Dual Core/ 8GB/ 256GB SSD/ Win11 Home),"₹25,990",4.75,4th Gen Intel Celeron N4020,"Dual Core, 2 Threads",8 GB DDR4 RAM,256 GB SSD,Intel Integrated UHD,"14 inches, 1366 x 768 pixels",Windows 11 OS,1 Year Warranty
980,Asus Vivobook 15 X1502ZA-EJ523WS Laptop (12th Gen Core i5/ 8GB/ 512GB SSD/ Win11),"₹47,489",4.0,12th Gen Intel Core i5 12500H,"12 Cores (4P + 8E), 16 Threads",8 GB DDR4 RAM,512 GB SSD,Intel Iris Xe Graphics,"15.6 inches, 1920 x 1080 pixels",Windows 11 OS,1 Year Warranty
981,HP Envy x360 15-fe0027TU Laptop (13th Gen Core i5/ 16GB/ 512GB SSD/ Win11 Home),"₹74,999",4.1,13th Gen Intel Core i5 1335U,"10 Cores (2P + 8E), 12 Threads",16 GB LPDDR5 RAM,512 GB SSD,Intel Integrated Iris Xe,"15.6 inches, 1920 x 1080 pixels, Touch Screen",Windows 11 OS,1 Year Warranty
982,Acer Aspire Lite AL15-51 Laptop (11th Gen Core i3/ 8GB/ 256GB SSD/ Win11),"₹29,970",4.65,11th Gen Intel Core i3 1115G4,"Dual Core, 4 Threads",8 GB DDR4 RAM,256 GB SSD,Intel UHD Graphics ,"15.6 inches, 1920 x 1080 pixels",Windows 11 OS,1 Year Warranty
983,HP 14-em0025AU Laptop (AMD Ryzen  3 7320U/ 8GB/ 512GB SSD/ Win11 Home),"₹34,490",4.4,7th Gen AMD Ryzen 3 7320U,"Quad Core, 8 Threads",8 GB LPDDR5 RAM,512 GB SSD,AMD Radeon AMD,"14 inches, 1920 x 1080 pixels",Windows 11 OS,1 Year Warranty
984,HP Envy x360 15-fe0028TU Laptop (13th Gen Core i5/ 16GB/ 512GB SSD/ Win11 Home),"₹92,999",4.6,13th Gen Intel Core i5 1335U,"10 Cores (2P + 8E), 12 Threads",16 GB LPDDR5 RAM,512 GB SSD,Intel Integrated Iris Xe,"15.6 inches, 1920 x 1080 pixels, Touch Screen",Windows 11 OS,1 Year Warranty
985,Asus Vivobook 15 2023 X1504VA-NJ543WS Laptop (13th Gen Core i5/ 16GB/ 512GB SSD/ Win11),"₹58,990",4.15,13th Gen Intel Core i5 1335U,"10 Cores (2P + 8E), 12 Threads",16 GB DDR4 RAM,512 GB SSD,Integrated Intel Iris Xe Graphics,"15.6 inches, 1920 x 1080 pixels",Windows 11 OS,1 Year Warranty
986,Dell Inspiron 7430 2 in 1 Laptop (13th Gen Core i3/ 8GB/ 1TB SSD/ Win11),"₹57,990",4.2,13th Gen Intel Core i3 1315U,"Hexa Core (2P + 4E), 8 Threads",8 GB LPDDR5 RAM,1 TB SSD,Intel UHD Graphics,"14 inches, 1920 x 1200 pixels, Touch Screen",Windows 11 OS,1 Year Warranty
987,Lenovo IdeaPad Slim 3 2023 82X70033IN Laptop (13th Gen Core i3/ 8GB/ 512GB SSD/ Win11),"₹36,500",4.0,13th Gen Intel Core i3 1305U,"5 Cores (1P + 4E), 6 Threads",8 GB LPDDR5 RAM,512 GB SSD,Integrated Intel UHD Graphics,"15.6 inches, 1920 x 1080 pixels",Windows 11 OS,1 Year Warranty
988,Asus Vivobook 15 X1502ZA-EJ741WS Laptop (12th Gen Core i7/ 16GB/ 512GB SSD/ Win11),"₹65,990",4.05,12th Gen Intel Core i7 12650H,"10 Cores (6P + 4E), 16 Threads",16 GB DDR4 RAM,512 GB SSD,Intel Iris Xe,"15.6 inches, 1920 x 1080 pixels",Windows 11 OS,1 Year Warranty
989,HP Pavilion Plus 14-eh1022TU Laptop (13th Gen Core i5/ 16GB/ 512GB SSD/ Win 11),"₹80,990",4.75,13th Gen Intel Core i5 1340P,"12 Cores (4P + 8E), 16 Threads",16 GB DDR4 RAM,512 GB SSD,Intel Iris Xe Graphics,"14 inches, 2240 x 1400 pixels",Windows 11 OS,1 Year Warranty
990,Lenovo ThinkPad E14 21JRS00U00 Laptop (AMD Ryzen 5 7530U/ 16GB/ 512GB SSD/ Win11 Home),"₹48,700",4.1,7th Gen AMD Ryzen 5 7530U,"Hexa Core, 12 Threads",16 GB DDR4  RAM,512 GB SSD,AMD Radeon Graphics,"14 inches, 1920 x 1080 pixels",Windows 11 OS,1 Year Warranty
991,Acer Aspire Lite AL15-51 UN.431SI.252 Laptop (11th Gen Core i3/ 8GB/ 512GB SSD/ Win11),"₹30,290",4.6,11th Gen Intel Core i3 1115G4,"Dual Core, 4 Threads",8 GB DDR4 RAM,512 GB SSD,Intel UHD Graphics ,"15.6 inches, 1920 x 1080 pixels",Windows 11 OS,1 Year Warranty
992,Infinix Zerobook 13 ZL513 Laptop (13th Gen Core i7/ 16GB/ 512GB SSD/ Win 11 Home),"₹71,990",4.3,13th Gen Intel Core i7 13700H,"14 Cores (6P + 8E), 20 Threads",16 GB LPDDR5X RAM,512 GB SSD,Intel Integrated Iris Xe,"15.6 inches, 1920 x 1080 pixels",Windows 11 OS,1 Year Warranty
993,‎HP Zbook Power G4-A 2023 ZHAN 99 Laptop (AMD Ryzen 5 6600H/ 16GB/ 1TB 512GB SSD/ Win11/ 4GB Graph),"₹1,17,516",4.7,6th Gen AMD Ryzen 5 6600H,"Hexa Core, 12 Threads",16 GB DDR5 RAM,1 TB Hard Disk,512 GB SSD,4 GB ‎NVIDIA Quadro T600,"15.6 inches, 1920 x 1080 pixels",Windows 11 OS
994,HP 14-gr0000TU Laptop (13th Gen Core i3/ 8GB/ 512GB SSD/ Win11 Home),"₹45,800",4.05,13th Gen Intel Core i3 1315U,"Hexa Core (2P + 4E), 8 Threads",8 GB DDR4 RAM,512 GB SSD,Intel UHD Graphics,"14 inches, 1920 x 1080 pixels",Windows 11 OS,1 Year Warranty
995,Dell Inspiron 3535 Laptop (AMD Ryzen R5-7520U/ 8GB/ 512GB SSD/ Win11),"₹36,990",4.0,7th Gen Amd Ryzen 5 7520U,"Quad Core, 8 Threads",8 GB LPDDR5 RAM,512 GB SSD,AMD Radeon Graphics,"15.6 inches, 1920 x 1080 pixels",Windows 11 OS,1 Year Warranty
996,Lenovo Ideapad Gaming 3 82SB00NXIN Laptop (AMD Ryzen 5 7535HS/ 16GB/ 512GB SSD/ Win11 Home/ 4GB Graph),"₹57,990",4.25,7th Gen AMD Ryzen 5 7535HS,"Hexa Core, 12 Threads",16 GB DDR5 RAM,512 GB SSD,4 GB NVIDIA GeForce RTX 2050,"15.6 inches, 1920 x 1080 pixels",Windows 11 OS,1 Year Warranty
997,Infinix Zerobook ZL513 2023 Laptop (13th Gen Core i5/ 16GB/ 512GB SSD/ Win 11 Home),"₹79,990",4.2,13th Gen Intel Core i5 13500H,"12 Cores (4P + 8E), 16 Threads",16 GB LPDDR5X RAM,512 GB SSD,Intel Integrated Iris Xe,"15.6 inches, 1920 x 1080 pixels",Windows 11 OS,1 Year Warranty
998,Ninkear A16 Gaming Laptop (AMD Ryzen 7 7735HS/ 32 GB RAM/ 2 TB SSD/ Win 11),"₹79,999",4.4,7th Gen AMD Ryzen 7 7735HS,"Octa Core, 16 Threads",32 GB DDR5 RAM,2 TB SSD,AMD Radeon 680M,"16 inches, 2560 x 1600 pixels",Windows 11 OS,1 Year Warranty
999,Lenovo ThinkBook 15 G5 21JFA00QIN Laptop (AMD Ryzen 7 7730U/ 8 GB/ 512 GB SSD/ DOS),"₹48,000",4.7,7th Gen AMD Ryzen 7 7730U,"Octa Core, 16 Threads",8 GB DDR4 RAM,512 GB SSD,AMD Radeon AMD,"15.6 inches, 1920 x 1080 pixels",DOS OS,1 Year Warranty
1000,Dell Inspiron 3525 Laptop (AMD Ryzen 5 5500U/ 8GB/ 512GB SSD/ Win11),"₹39,990",4.1,5th Gen AMD Ryzen 5 5500U,"Hexa Core, 12 Threads",8 GB DDR4 RAM,512 GB SSD,AMD Radeon Graphics,"15.6 inches, 1920 x 1080 pixels",Windows 11 OS,1 Year Warranty
1001,HP 14-em0026AU Laptop (AMD Ryzen 5 7520U/ 8GB/ 512GB SSD/ Win11 Home),"₹41,990",4.1,7th Gen AMD Ryzen 5 7520U,"Quad Core, 8 Threads",8 GB LPDDR5 RAM,512 GB SSD,AMD Radeon AMD,"14 inches, 1920 x 1080 pixels",Windows 11 OS,1 Year Warranty
1002,Lenovo IdeaPad Slim 3 82XQ008EIN Laptop (AMD Ryzen 3 7320U/ 8GB/ 512GB SSD/ Win11 Home),"₹32,600",4.7,7th Gen AMD Ryzen 3 7320U,"Quad Core, 8 Threads",8 GB LPDDR5 RAM,512 GB SSD,AMD Radeon 610M Graphics,"15.6 inches, 1920 x 1080 pixels",Windows 11 OS,1 Year Warranty
1003,HP 255 G9 840T7PA Laptop (AMD Athlon Silver-3050U/ 4GB/ 256GB SSD/ DOS),"₹20,520",4.25,3rd Gen AMD Athlon 3050U,"Dual Core, 2 Threads",4 GB DDR4 RAM,256 GB SSD,AMD Integrated,"15.6 inches, 1366 x 768 pixels",DOS OS,1 Year Warranty
1004,Razer Blade 14 2023 Gaming Laptop (AMD Ryzen 9 7940HS/ 32GB/ 1TB SSD/ Win11 Home/ 8GB Graph),"₹1,99,990",4.25,7th Gen Amd Ryzen 9 7940HS,"Octa Core, 16 Threads",32 GB DDR5 RAM,1 TB SSD,8 GB NVIDIA GeForce RTX 4060,"14 inches, 2560 x 1600 pixels",Windows 11 OS,1 Year Warranty
1005,Acer Nitro 5 AN515-58 NH.QLZSI.001 Gaming Laptop (12th Gen Core i7/ 16GB/ 512GB SSD/ Win11/ 6GB Graph),"₹84,999",4.3,12th Gen Intel Core i7 12650H,"10 Cores (6P + 4E), 16 Threads",16 GB DDR4 RAM,512 GB SSD,6 GB NVIDIA GeForce RTX 4050,"15.6 inches, 1920 x 1080 pixels",Windows 11 OS,1 Year Warranty
1006,Dell Latitude 3420 GD723YX17 Laptop (11th Gen Core i5/ 8GB/ 512GB SSD/ Ubuntu),"₹54,890",4.0,11th Gen Intel Core i5 1135G7,"Quad Core, 8 Threads",8 GB DDR4 RAM,512 GB SSD,Intel UHD Graphics,"14 inches, 1366 x 768 pixels",Ubuntu OS,1 Year Warranty
1007,Asus TUF Gaming F15 2022 FX507ZC4-HN115W Gaming Laptop (12th Gen Core i5/ 8GB/512GB SSD/ Win11 / 4GB Graph),"₹58,990",4.3,12th Gen Intel Core i5 12500H,"12 Cores (4P + 8E), 16 Threads",8 GB DDR5 RAM,512 GB SSD,4 GB NVIDIA GeForce RTX 3050,"15.6 inches, 1920 x 1080 pixels",Windows 11 OS,1 Year Warranty
1008,HP 255 G9 7M654PA Laptop (12th Gen Core i3/ 8GB/ 512 GB SSD/ Win11),"₹33,996",4.05,12th Gen Intel Core i3 1215U,"Hexa Core (2P + 4E), 8 Threads",8 GB DDR4 RAM,512 GB SSD,AMD Radeon Graphics,"15.6 inches, 1366 x 768 pixels",Windows 11 OS,1 Year Warranty
1009,HP 240 G9 7K5J8PA Notebook Laptop (12th Gen Core i5/ 16GB/ 512GB SSD/ Win11),"₹54,990",4.1,12th Gen Intel Core i5 1235U,"10 Cores (2P + 8E), 12 Threads",16 GB DDR4 RAM,512 GB SSD,Intel Iris Xe Graphics,"14 inches, 1366 x 768 pixels",Windows 11 OS,1 Year Warranty
1010,HP Pavilion 15-eg3079TU Laptop (13th Gen Core i5/ 16GB/ 512GB SSD/ Win11 Pro),"₹65,990",4.05,13th Gen Intel Core i5 1340p,"12 Cores (4P + 8E), 16 Threads",16 GB DDR4 RAM,512 GB SSD,Intel Integrated Intel Iris Xe Graphics,"15.6 inches, 1920 x 1080 pixels",Windows 11 OS,1 Year Warranty
1011,Asus Vivobook 15 X1504ZA-NJ521WS Laptop (12th Gen Core i5/ 8GB/ 512GB SSD/ Win11),"₹39,990",4.1,12th Gen Intel Core i5 1235U,"10 Cores (2P + 8E), 12 Threads",8 GB DDR4 RAM,512 GB SSD,Integrated Intel Iris Xe Graphics,"15.6 inches, 1920 x 1080 pixels",Windows 11 OS,1 Year Warranty
1012,Dell XPS 13 Plus 9320 2023 Laptop (13th Gen Core i7/ 32GB/ 1TB SSD/ Win11),"₹2,04,590",4.35,13th Gen Intel Core i7 1360P,"12 Cores (4P + 8E), 16 Threads",32 GB LPDDR5 RAM,1 TB SSD,Intel Iris Xe Graphics,"13.4 inches, 3840 x 2400 pixels, Touch Screen",Windows 11 OS,1 Year Warranty
1013,Dell XPS 9530 2023 Laptop (13th Gen Core i7/ 32GB/ 1TB SSD/ Win11/ 6GB Graph),"₹2,79,990",4.4,13th Gen Intel Core i7 13700H,"14 Cores (6P + 8E), 20 Threads",32 GB DDR5 RAM,1 TB SSD,6 GB NVIDIA RTX 4050,"15.6 inches, 3456 x 2160 pixels, Touch Screen",Windows 11 OS,1 Year Warranty
1014,MSI Modern 14 C12M-671IN Laptop (12th Gen Core i7/ 16GB/ 512GB SSD/ Win11 Home),"₹47,990",4.75,12th Gen Intel Core i7 1255U,"10 Cores (2P + 8E), 12 Threads",16 GB DDR4 RAM,512 GB SSD,Intel Integrated Iris Xe,"14 inches, 1920 x 1080 pixels",Windows 11 OS,1 Year Warranty
1015,Lenovo Legion Pro 7i 2023 Gaming Laptop (13th Gen Core i9/ 32GB/ 1TB SSD/ Win11 Home/ 12GB Graph),"₹2,86,200",4.35,13th Gen Intel Core i9 13900HX,"24 Cores (8P + 16E), 32 Threads",32 GB DDR5 RAM,1 TB SSD,12 GB NVIDIA Geforce RTX 4080,"16 inches, 2560 x 1600 pixels",Windows 11 OS,1 Year Warranty
1016,Lenovo Thinkpad E14 G4 21E3S02M00 Laptop (12th Gen Core i7/ 16GB/ 512GB SSD/ Win11 Pro),"₹91,000",4.2,12th Gen Intel Core i7 1255U,"10 Cores (2P + 8E), 12 Threads",16 GB DDR4 RAM,512 GB SSD,Intel Iris Xe Graphics,"14 inches, 1920 x 1080 pixels",Windows 11 OS,1 Year Warranty
1017,Lenovo V15 G3 IAP 82TTA00UIH Laptop (12th Gen Core i3/ 8GB/ 512GB SSD/ DOS),"₹29,620",4.7,12th Gen Intel Core i3 1215U,"Hexa Core (2P + 4E), 8 Threads",8 GB DDR4 RAM,512 GB SSD,Intel Integrated UHD,"15.6 inches, 1920 x 1080 pixels",DOS OS,1 Year Warranty
1018,‎HP Zbook Power G4-A Laptop (AMD Ryzen 7 6800H/ 16GB/ 1TB SSD/ Win11/ 4GB Graph),"₹87,670",4.15,6th Gen AMD Ryzen 7 6800H,"Octa Core, 16 Threads",16 GB DDR5 RAM,1 TB SSD,4 GB ‎NVIDIA Quadro T600,"15.6 inches, 1920 x 1080 pixels",Windows 11 OS,1 Year Warranty
1019,LG UltraPC 16 16U70R-G.AH76A2 Laptop (AMD Ryzen7-7730U/ 16GB/ 512GB SSD/ Win11),"₹89,799",4.6,7th Gen AMD Ryzen 7 7730U,"Octa Core, 16 Threads",16 GB DDR4 RAM,512 GB SSD,AMD Radeon 7 Graphics,"16 inches, 1920 x 1200 pixels",Windows 11 OS,1 Year Warranty
